order_id,user_id,age,city,order_time,day_type,cuisine,meal_type,restaurant_type,order_value,discount_applied,delivery_fee,time_taken_to_order,rating_given,is_repeat_order,mood,hunger_level,company,rainy_weather
44724,4430,25,Mumbai,Afternoon,Weekday,South Indian,Lunch,Budget,442,No,53,8,5,No,Happy,Medium,Alone,Yes
44725,2579,24,Bangalore,Afternoon,Weekday,Chinese,Breakfast,Budget,815,Yes,50,5,4,Yes,Happy,Medium,Family,Yes
44726,4858,22,Hyderabad,Night,Weekday,Chinese,Snacks,Mid-range,660,No,37,1,5,Yes,Lazy,Medium,Alone,No
44727,1621,26,Mumbai,Morning,Weekend,Desserts,Snacks,Budget,608,No,77,7,4,Yes,Celebrating,High,Family,No
44728,2622,23,Mumbai,Evening,Weekend,Fast Food,Snacks,Budget,815,Yes,45,13,3,No,Happy,Medium,Partner,Yes
44729,3304,32,Hyderabad,Afternoon,Weekend,Biryani,Breakfast,Mid-range,291,Yes,25,3,1,Yes,Happy,High,Partner,Yes
44730,3521,39,Delhi,Afternoon,Weekend,North Indian,Snacks,Mid-range,332,No,63,4,5,Yes,Lazy,Low,Family,Yes
44731,4382,34,Hyderabad,Night,Weekday,Desserts,Dinner,Premium,973,No,83,4,4,Yes,Celebrating,Medium,Friends,Yes
44732,2950,18,Hyderabad,Morning,Weekend,Desserts,Breakfast,Budget,607,No,70,1,1,Yes,Celebrating,Medium,Family,Yes
44733,1720,38,Pune,Night,Weekend,Fast Food,Dinner,Premium,419,Yes,69,9,1,No,Happy,Low,Family,Yes
44734,2503,39,Mumbai,Evening,Weekend,Biryani,Breakfast,Budget,192,No,58,4,3,No,Stressed,High,Family,Yes
44735,2107,29,Pune,Evening,Weekday,South Indian,Breakfast,Budget,211,No,88,4,4,Yes,Stressed,Low,Partner,Yes
44736,3984,41,Chandigarh,Night,Weekend,Chinese,Breakfast,Mid-range,974,No,27,9,4,Yes,Happy,Medium,Alone,Yes
44737,2331,19,Bangalore,Evening,Weekday,Fast Food,Snacks,Premium,296,No,31,7,3,Yes,Happy,Medium,Partner,Yes
44738,4367,38,Pune,Night,Weekday,Chinese,Dinner,Budget,237,No,41,10,3,Yes,Happy,Medium,Partner,Yes
44739,2798,44,Bangalore,Afternoon,Weekend,North Indian,Lunch,Mid-range,231,No,47,13,3,No,Happy,Low,Alone,Yes
44740,4546,42,Bangalore,Evening,Weekday,Desserts,Breakfast,Budget,167,Yes,60,12,3,Yes,Stressed,High,Friends,Yes
44741,3244,36,Delhi,Evening,Weekend,Desserts,Snacks,Mid-range,894,No,53,5,3,No,Celebrating,High,Partner,Yes
44742,4939,33,Mumbai,Evening,Weekend,North Indian,Dinner,Budget,239,No,30,2,1,No,Happy,Low,Family,Yes
44743,1314,28,Pune,Evening,Weekend,Biryani,Snacks,Budget,189,Yes,70,7,3,No,Happy,Medium,Friends,Yes
44744,4751,22,Bangalore,Afternoon,Weekday,Desserts,Breakfast,Mid-range,327,No,21,6,4,No,Celebrating,Medium,Friends,Yes
44745,4060,41,Delhi,Night,Weekday,Fast Food,Breakfast,Premium,541,Yes,66,11,1,No,Celebrating,Medium,Friends,Yes
44746,1696,41,Hyderabad,Night,Weekend,Fast Food,Dinner,Mid-range,669,No,85,11,2,Yes,Lazy,High,Partner,No
44747,1666,26,Bangalore,Morning,Weekday,North Indian,Lunch,Mid-range,936,Yes,37,11,4,Yes,Happy,Medium,Partner,Yes
44748,3905,26,Delhi,Morning,Weekend,Fast Food,Lunch,Premium,668,No,65,5,4,Yes,Lazy,Low,Alone,No
44749,3640,42,Pune,Afternoon,Weekend,South Indian,Snacks,Premium,634,No,56,10,4,No,Lazy,Low,Friends,No
44750,1586,37,Hyderabad,Morning,Weekday,South Indian,Snacks,Premium,859,No,77,4,4,Yes,Stressed,High,Alone,No
44751,4202,31,Pune,Evening,Weekday,Biryani,Snacks,Premium,103,Yes,82,3,1,Yes,Celebrating,High,Alone,No
44752,4827,41,Hyderabad,Afternoon,Weekday,North Indian,Breakfast,Budget,413,No,67,1,1,No,Stressed,Medium,Alone,No
44753,4978,27,Chandigarh,Evening,Weekend,North Indian,Snacks,Budget,105,Yes,66,14,1,Yes,Stressed,High,Friends,Yes
44754,1722,27,Hyderabad,Afternoon,Weekend,Chinese,Lunch,Mid-range,102,No,24,6,1,Yes,Stressed,Low,Alone,No
44755,4734,29,Mumbai,Afternoon,Weekday,Desserts,Lunch,Mid-range,679,No,80,13,4,Yes,Happy,Low,Partner,No
44756,3531,38,Chandigarh,Evening,Weekend,Fast Food,Dinner,Premium,475,Yes,48,12,3,Yes,Happy,Low,Friends,Yes
44757,2286,39,Bangalore,Morning,Weekend,Biryani,Dinner,Budget,244,Yes,28,9,1,No,Celebrating,High,Friends,No
44758,2836,22,Pune,Afternoon,Weekday,Fast Food,Snacks,Budget,529,No,81,11,3,No,Celebrating,High,Alone,No
44759,3747,34,Pune,Afternoon,Weekend,Fast Food,Breakfast,Mid-range,879,Yes,88,3,4,No,Celebrating,High,Family,Yes
44760,3534,30,Chandigarh,Morning,Weekday,Desserts,Lunch,Mid-range,109,Yes,68,10,3,No,Happy,Medium,Friends,Yes
44761,2929,28,Pune,Morning,Weekday,Chinese,Breakfast,Premium,445,No,96,1,4,No,Celebrating,High,Partner,No
44762,1017,24,Bangalore,Night,Weekend,South Indian,Breakfast,Budget,758,Yes,61,10,3,No,Stressed,Low,Family,Yes
44763,1656,41,Pune,Afternoon,Weekend,South Indian,Breakfast,Budget,377,No,66,1,2,No,Lazy,Low,Partner,No
44764,2237,32,Pune,Night,Weekend,North Indian,Lunch,Mid-range,995,No,21,3,2,No,Lazy,High,Partner,Yes
44765,4549,41,Mumbai,Morning,Weekday,Fast Food,Lunch,Premium,945,Yes,30,8,5,Yes,Celebrating,High,Family,No
44766,3068,41,Hyderabad,Evening,Weekend,South Indian,Breakfast,Budget,648,No,80,5,5,No,Celebrating,Low,Family,Yes
44767,4901,42,Mumbai,Afternoon,Weekday,Biryani,Snacks,Premium,867,Yes,20,6,4,Yes,Happy,Low,Alone,No
44768,3827,22,Pune,Morning,Weekend,Desserts,Dinner,Budget,940,Yes,43,14,1,No,Happy,Low,Family,No
44769,2592,22,Bangalore,Night,Weekend,Desserts,Dinner,Budget,371,No,27,12,1,Yes,Celebrating,Low,Friends,No
44770,2974,43,Pune,Afternoon,Weekend,Fast Food,Snacks,Premium,601,No,68,5,2,No,Stressed,Low,Friends,No
44771,3350,20,Chandigarh,Morning,Weekday,Biryani,Breakfast,Mid-range,229,No,31,4,4,Yes,Lazy,Medium,Alone,No
44772,1623,38,Chandigarh,Afternoon,Weekday,Biryani,Dinner,Mid-range,585,No,79,1,5,No,Celebrating,Medium,Alone,No
44773,4296,33,Delhi,Morning,Weekend,Desserts,Lunch,Mid-range,425,Yes,28,7,2,No,Happy,Medium,Friends,No
44774,4124,26,Pune,Afternoon,Weekend,Biryani,Lunch,Premium,543,Yes,27,4,1,Yes,Happy,High,Family,Yes
44775,4428,19,Bangalore,Afternoon,Weekday,Fast Food,Snacks,Premium,121,No,30,11,1,No,Celebrating,Medium,Friends,No
44776,3497,41,Bangalore,Evening,Weekend,North Indian,Lunch,Mid-range,938,Yes,96,2,1,No,Lazy,Medium,Friends,Yes
44777,3501,28,Mumbai,Afternoon,Weekday,Desserts,Dinner,Premium,377,Yes,54,14,3,No,Lazy,High,Friends,Yes
44778,4436,26,Chandigarh,Evening,Weekday,Fast Food,Dinner,Mid-range,335,Yes,74,6,2,No,Celebrating,High,Friends,No
44779,1190,41,Delhi,Night,Weekday,North Indian,Snacks,Budget,811,Yes,62,1,2,No,Lazy,High,Friends,No
44780,2465,18,Pune,Afternoon,Weekday,South Indian,Lunch,Budget,787,No,52,10,4,No,Stressed,Low,Alone,Yes
44781,1466,22,Hyderabad,Morning,Weekend,Fast Food,Breakfast,Premium,259,No,31,10,1,Yes,Happy,Low,Friends,Yes
44782,3108,41,Bangalore,Evening,Weekend,South Indian,Lunch,Mid-range,865,No,94,14,1,No,Lazy,High,Partner,Yes
44783,2571,42,Delhi,Evening,Weekday,Biryani,Dinner,Budget,519,Yes,76,5,1,Yes,Stressed,Low,Family,No
44784,4927,35,Hyderabad,Morning,Weekend,Biryani,Lunch,Mid-range,924,Yes,62,1,3,No,Lazy,High,Partner,Yes
44785,3636,23,Delhi,Afternoon,Weekend,Fast Food,Snacks,Budget,233,Yes,76,12,1,Yes,Celebrating,Medium,Family,Yes
44786,3905,26,Mumbai,Afternoon,Weekday,South Indian,Snacks,Premium,203,No,85,1,5,No,Lazy,Medium,Alone,Yes
44787,3054,18,Pune,Morning,Weekend,Fast Food,Breakfast,Mid-range,950,Yes,42,14,3,Yes,Stressed,Low,Family,Yes
44788,1733,37,Hyderabad,Afternoon,Weekend,Biryani,Breakfast,Budget,155,Yes,97,11,4,No,Stressed,Low,Alone,Yes
44789,2570,41,Delhi,Afternoon,Weekday,Chinese,Snacks,Premium,775,Yes,79,2,5,Yes,Stressed,High,Alone,Yes
44790,1560,44,Delhi,Night,Weekday,Desserts,Breakfast,Budget,482,No,34,6,1,Yes,Celebrating,Medium,Alone,No
44791,4669,44,Mumbai,Night,Weekend,Chinese,Dinner,Budget,963,No,21,6,1,No,Happy,High,Family,No
44792,3581,30,Delhi,Morning,Weekday,South Indian,Breakfast,Mid-range,857,No,92,4,5,Yes,Celebrating,High,Partner,No
44793,3474,21,Delhi,Night,Weekend,Desserts,Breakfast,Premium,732,No,90,10,1,Yes,Happy,Low,Partner,No
44794,4741,38,Hyderabad,Night,Weekday,North Indian,Lunch,Premium,350,No,25,11,2,No,Celebrating,Medium,Alone,No
44795,2065,26,Bangalore,Evening,Weekday,Desserts,Dinner,Mid-range,738,Yes,75,4,2,No,Happy,Medium,Family,Yes
44796,2333,44,Hyderabad,Morning,Weekend,South Indian,Breakfast,Budget,533,Yes,60,8,3,Yes,Lazy,Low,Partner,Yes
44797,3182,34,Chandigarh,Evening,Weekday,North Indian,Breakfast,Mid-range,185,Yes,57,4,2,No,Happy,Medium,Friends,Yes
44798,3415,40,Bangalore,Morning,Weekend,North Indian,Lunch,Mid-range,852,Yes,29,5,5,No,Celebrating,Low,Family,Yes
44799,2411,25,Delhi,Afternoon,Weekend,Biryani,Breakfast,Mid-range,354,No,22,6,1,Yes,Celebrating,Medium,Alone,No
44800,4671,26,Delhi,Morning,Weekday,North Indian,Lunch,Budget,270,No,49,10,3,No,Lazy,Low,Family,Yes
44801,1540,28,Hyderabad,Afternoon,Weekend,Fast Food,Dinner,Premium,350,No,43,6,1,Yes,Lazy,Low,Family,Yes
44802,3204,37,Mumbai,Evening,Weekend,North Indian,Snacks,Premium,743,Yes,86,8,3,No,Lazy,High,Partner,Yes
44803,3009,21,Pune,Night,Weekend,South Indian,Lunch,Mid-range,202,Yes,85,12,4,No,Lazy,Medium,Family,Yes
44804,3278,25,Bangalore,Afternoon,Weekday,South Indian,Snacks,Premium,675,Yes,56,11,2,Yes,Celebrating,High,Alone,No
44805,2146,30,Hyderabad,Afternoon,Weekday,Biryani,Lunch,Budget,472,No,82,2,5,Yes,Celebrating,Low,Family,Yes
44806,1143,36,Bangalore,Evening,Weekend,Desserts,Breakfast,Mid-range,590,No,79,3,1,Yes,Celebrating,High,Friends,No
44807,3236,29,Mumbai,Night,Weekday,Desserts,Dinner,Mid-range,131,No,97,6,5,No,Happy,High,Family,Yes
44808,2501,28,Chandigarh,Afternoon,Weekday,Desserts,Breakfast,Premium,116,Yes,77,9,4,Yes,Celebrating,Medium,Alone,No
44809,3129,22,Mumbai,Night,Weekday,Chinese,Breakfast,Premium,775,No,23,8,4,No,Lazy,Low,Alone,Yes
44810,3549,40,Delhi,Afternoon,Weekend,Chinese,Dinner,Premium,212,Yes,37,9,5,Yes,Lazy,High,Partner,Yes
44811,4727,20,Chandigarh,Evening,Weekend,Desserts,Dinner,Premium,147,No,90,9,3,No,Happy,Low,Family,No
44812,1394,40,Mumbai,Morning,Weekday,North Indian,Dinner,Budget,368,Yes,44,6,4,No,Stressed,High,Alone,Yes
44813,3822,25,Pune,Night,Weekday,Desserts,Snacks,Premium,512,No,68,13,1,No,Happy,Medium,Friends,Yes
44814,4298,36,Delhi,Evening,Weekday,Desserts,Snacks,Mid-range,755,Yes,37,11,2,Yes,Lazy,High,Family,Yes
44815,1490,24,Hyderabad,Night,Weekday,North Indian,Snacks,Budget,395,No,80,11,5,No,Happy,Medium,Family,No
44816,2016,31,Mumbai,Night,Weekday,Fast Food,Snacks,Budget,200,Yes,98,10,2,Yes,Celebrating,Low,Friends,Yes
44817,2914,41,Chandigarh,Afternoon,Weekday,South Indian,Breakfast,Premium,501,No,43,3,3,Yes,Lazy,High,Family,Yes
44818,4416,40,Delhi,Night,Weekday,South Indian,Lunch,Premium,404,No,64,7,3,No,Lazy,Low,Alone,Yes
44819,3002,32,Pune,Evening,Weekend,Desserts,Breakfast,Premium,698,Yes,41,12,5,Yes,Celebrating,Medium,Friends,Yes
44820,4213,27,Pune,Evening,Weekend,Biryani,Snacks,Budget,809,No,87,5,3,Yes,Lazy,High,Friends,Yes
44821,3075,19,Mumbai,Afternoon,Weekend,Chinese,Snacks,Premium,313,No,56,2,2,No,Lazy,High,Alone,No
44822,1066,36,Chandigarh,Morning,Weekend,Desserts,Dinner,Mid-range,241,No,46,6,5,No,Happy,Medium,Family,Yes
44823,1803,22,Bangalore,Morning,Weekday,South Indian,Breakfast,Premium,672,Yes,64,13,2,Yes,Stressed,Low,Friends,No
44824,2109,44,Pune,Morning,Weekend,Desserts,Breakfast,Premium,992,No,46,9,3,Yes,Stressed,Medium,Alone,Yes
44825,4033,43,Pune,Evening,Weekday,Biryani,Lunch,Premium,757,Yes,54,9,1,No,Happy,Medium,Partner,No
44826,2838,41,Mumbai,Morning,Weekend,Desserts,Breakfast,Budget,112,No,96,8,4,No,Stressed,Medium,Partner,Yes
44827,4868,32,Delhi,Morning,Weekday,Chinese,Dinner,Premium,368,Yes,44,12,3,No,Lazy,Medium,Family,No
44828,2196,22,Mumbai,Evening,Weekday,Chinese,Snacks,Mid-range,367,No,71,4,3,No,Celebrating,High,Friends,No
44829,2226,41,Chandigarh,Evening,Weekend,Chinese,Lunch,Budget,457,Yes,87,3,5,Yes,Happy,Medium,Friends,Yes
44830,3315,24,Pune,Afternoon,Weekday,South Indian,Snacks,Premium,436,No,30,13,3,Yes,Happy,Low,Family,Yes
44831,4178,32,Pune,Afternoon,Weekend,Desserts,Dinner,Mid-range,333,No,86,14,1,Yes,Stressed,Low,Friends,No
44832,3221,34,Delhi,Evening,Weekend,North Indian,Breakfast,Premium,629,Yes,69,12,3,No,Happy,High,Friends,Yes
44833,3105,26,Delhi,Afternoon,Weekend,Chinese,Snacks,Mid-range,754,No,28,5,1,No,Stressed,High,Partner,No
44834,3435,27,Chandigarh,Afternoon,Weekend,South Indian,Dinner,Premium,258,Yes,21,13,5,Yes,Happy,Low,Partner,No
44835,2751,35,Bangalore,Afternoon,Weekday,Desserts,Snacks,Premium,690,No,40,13,5,Yes,Happy,High,Partner,Yes
44836,3405,33,Pune,Night,Weekend,North Indian,Snacks,Mid-range,750,Yes,98,2,4,No,Happy,Medium,Family,No
44837,4215,25,Bangalore,Night,Weekend,Chinese,Snacks,Mid-range,906,Yes,88,6,2,Yes,Celebrating,High,Alone,Yes
44838,1353,30,Pune,Evening,Weekday,North Indian,Snacks,Mid-range,744,No,46,4,3,No,Celebrating,High,Friends,No
44839,4385,34,Hyderabad,Morning,Weekend,Desserts,Dinner,Budget,826,No,68,14,3,No,Happy,Low,Alone,No
44840,1194,41,Delhi,Afternoon,Weekend,South Indian,Lunch,Budget,279,Yes,84,14,5,No,Celebrating,Medium,Partner,No
44841,3442,34,Delhi,Afternoon,Weekday,Desserts,Dinner,Budget,166,Yes,73,9,1,Yes,Happy,Low,Family,No
44842,4033,37,Chandigarh,Night,Weekday,Fast Food,Breakfast,Mid-range,440,No,73,5,3,Yes,Celebrating,Low,Partner,No
44843,2761,41,Pune,Afternoon,Weekend,South Indian,Dinner,Premium,572,No,27,10,4,Yes,Stressed,Low,Family,No
44844,4701,29,Bangalore,Evening,Weekday,North Indian,Breakfast,Mid-range,591,Yes,81,12,1,No,Celebrating,Medium,Partner,No
44845,3207,25,Delhi,Evening,Weekday,Chinese,Breakfast,Budget,981,No,50,12,2,Yes,Stressed,Low,Partner,No
44846,3803,43,Delhi,Night,Weekday,North Indian,Breakfast,Mid-range,470,Yes,83,8,4,Yes,Happy,Medium,Partner,No
44847,4004,36,Pune,Morning,Weekday,Desserts,Lunch,Mid-range,232,Yes,36,3,3,No,Stressed,Low,Family,No
44848,3560,19,Hyderabad,Evening,Weekend,North Indian,Snacks,Premium,672,No,41,13,4,No,Happy,Medium,Partner,Yes
44849,1097,34,Delhi,Morning,Weekend,Biryani,Breakfast,Premium,522,Yes,26,2,4,No,Celebrating,High,Friends,No
44850,2900,23,Pune,Night,Weekend,North Indian,Dinner,Budget,900,Yes,71,5,3,No,Celebrating,Medium,Alone,No
44851,4190,44,Chandigarh,Evening,Weekend,Fast Food,Snacks,Budget,617,Yes,20,4,5,Yes,Celebrating,High,Partner,No
44852,1607,28,Chandigarh,Afternoon,Weekday,Desserts,Dinner,Mid-range,713,No,34,1,5,No,Lazy,Medium,Partner,Yes
44853,4827,21,Mumbai,Evening,Weekday,Biryani,Snacks,Premium,785,No,57,14,2,No,Celebrating,High,Friends,Yes
44854,2636,43,Mumbai,Afternoon,Weekend,Fast Food,Dinner,Mid-range,270,No,36,10,2,No,Happy,Low,Family,Yes
44855,3209,24,Mumbai,Afternoon,Weekend,Fast Food,Snacks,Mid-range,634,No,70,9,5,No,Celebrating,Low,Friends,Yes
44856,2935,35,Chandigarh,Night,Weekend,Desserts,Lunch,Mid-range,696,No,82,13,5,No,Lazy,Medium,Alone,No
44857,1490,28,Bangalore,Afternoon,Weekend,Fast Food,Dinner,Premium,802,No,99,5,4,No,Happy,Medium,Alone,Yes
44858,2699,42,Bangalore,Night,Weekend,Biryani,Snacks,Budget,611,Yes,46,2,5,No,Celebrating,High,Friends,No
44859,4651,40,Delhi,Afternoon,Weekend,Chinese,Breakfast,Premium,233,No,43,1,3,Yes,Stressed,Low,Family,No
44860,4556,29,Chandigarh,Morning,Weekend,South Indian,Dinner,Budget,546,Yes,62,9,1,Yes,Lazy,High,Family,No
44861,2898,43,Bangalore,Afternoon,Weekend,South Indian,Dinner,Mid-range,579,No,44,2,2,No,Stressed,High,Friends,No
44862,4083,29,Bangalore,Afternoon,Weekday,South Indian,Dinner,Budget,736,No,55,3,5,No,Celebrating,High,Family,Yes
44863,1303,22,Chandigarh,Evening,Weekend,Chinese,Dinner,Mid-range,707,Yes,30,1,2,Yes,Happy,High,Friends,Yes
44864,3572,26,Delhi,Evening,Weekday,Fast Food,Lunch,Premium,870,Yes,60,14,5,Yes,Lazy,Medium,Family,Yes
44865,3178,35,Pune,Evening,Weekend,Chinese,Snacks,Budget,417,Yes,63,11,4,No,Lazy,Medium,Family,Yes
44866,2875,35,Mumbai,Afternoon,Weekday,Desserts,Dinner,Budget,113,Yes,69,6,3,No,Celebrating,Medium,Alone,No
44867,2952,29,Delhi,Night,Weekday,Chinese,Lunch,Premium,386,Yes,64,14,2,No,Stressed,Low,Friends,Yes
44868,4055,35,Hyderabad,Morning,Weekend,Chinese,Snacks,Mid-range,557,No,85,5,2,No,Lazy,High,Family,Yes
44869,1597,30,Mumbai,Evening,Weekday,Chinese,Breakfast,Budget,144,Yes,99,14,2,Yes,Happy,Low,Partner,No
44870,4907,29,Chandigarh,Afternoon,Weekday,Fast Food,Dinner,Premium,844,Yes,61,7,4,No,Lazy,High,Partner,Yes
44871,4305,18,Bangalore,Morning,Weekday,Biryani,Snacks,Budget,364,No,38,7,3,Yes,Celebrating,High,Alone,No
44872,4648,42,Hyderabad,Night,Weekend,Fast Food,Lunch,Budget,181,No,96,7,3,No,Celebrating,Medium,Alone,Yes
44873,1637,41,Chandigarh,Evening,Weekend,South Indian,Dinner,Premium,726,No,37,8,3,Yes,Celebrating,Low,Alone,Yes
44874,4944,35,Hyderabad,Morning,Weekday,Desserts,Lunch,Budget,115,Yes,74,10,4,No,Celebrating,Medium,Friends,No
44875,4271,43,Chandigarh,Evening,Weekend,Chinese,Snacks,Premium,193,Yes,51,7,1,Yes,Stressed,Medium,Alone,Yes
44876,2520,21,Chandigarh,Morning,Weekend,South Indian,Lunch,Budget,626,No,37,10,4,Yes,Happy,High,Friends,No
44877,2959,28,Delhi,Afternoon,Weekend,Fast Food,Snacks,Premium,410,No,98,10,3,No,Celebrating,Low,Family,Yes
44878,2870,23,Delhi,Night,Weekend,South Indian,Lunch,Budget,789,Yes,62,2,4,Yes,Happy,Low,Partner,No
44879,4959,24,Chandigarh,Evening,Weekend,Fast Food,Snacks,Budget,286,Yes,99,14,2,No,Stressed,Low,Alone,No
44880,4688,44,Chandigarh,Morning,Weekday,North Indian,Breakfast,Mid-range,374,Yes,42,11,5,Yes,Lazy,Medium,Family,No
44881,2314,20,Bangalore,Night,Weekend,Fast Food,Dinner,Mid-range,282,No,38,11,1,Yes,Lazy,Medium,Family,No
44882,3296,31,Mumbai,Night,Weekend,Desserts,Snacks,Premium,536,No,90,6,1,Yes,Celebrating,Low,Partner,No
44883,4799,39,Chandigarh,Evening,Weekend,Chinese,Snacks,Mid-range,765,Yes,57,7,4,No,Happy,Medium,Alone,Yes
44884,2966,32,Mumbai,Morning,Weekend,South Indian,Dinner,Premium,813,No,74,3,4,No,Celebrating,Low,Friends,No
44885,1511,28,Mumbai,Afternoon,Weekend,South Indian,Lunch,Budget,651,Yes,51,5,3,Yes,Happy,High,Alone,No
44886,1518,21,Chandigarh,Night,Weekend,Chinese,Snacks,Budget,757,Yes,89,9,2,No,Celebrating,Medium,Partner,Yes
44887,1388,20,Delhi,Night,Weekend,Fast Food,Dinner,Mid-range,605,Yes,33,8,3,No,Happy,Low,Alone,Yes
44888,1921,29,Bangalore,Night,Weekend,North Indian,Dinner,Budget,826,No,39,9,3,No,Celebrating,Low,Alone,Yes
44889,2709,43,Mumbai,Evening,Weekend,Biryani,Lunch,Premium,765,Yes,77,12,2,No,Celebrating,Medium,Alone,No
44890,4473,24,Bangalore,Morning,Weekday,Chinese,Lunch,Mid-range,739,No,82,1,2,No,Stressed,Low,Friends,No
44891,3199,32,Bangalore,Afternoon,Weekend,Fast Food,Dinner,Premium,407,No,37,6,2,No,Lazy,High,Partner,Yes
44892,1870,44,Pune,Evening,Weekday,North Indian,Breakfast,Premium,741,Yes,95,9,2,Yes,Happy,Medium,Family,No
44893,2207,20,Pune,Morning,Weekend,North Indian,Breakfast,Premium,744,No,26,13,4,No,Happy,Low,Friends,Yes
44894,1447,44,Mumbai,Morning,Weekday,Desserts,Dinner,Budget,133,Yes,56,8,1,No,Celebrating,Low,Friends,No
44895,3156,40,Bangalore,Afternoon,Weekday,Desserts,Snacks,Premium,443,No,39,13,1,Yes,Celebrating,Medium,Friends,No
44896,1354,21,Pune,Afternoon,Weekend,Fast Food,Snacks,Budget,175,No,69,2,2,No,Lazy,High,Family,Yes
44897,1025,37,Mumbai,Afternoon,Weekend,North Indian,Lunch,Premium,475,No,96,4,5,Yes,Celebrating,Medium,Alone,Yes
44898,3254,30,Delhi,Afternoon,Weekend,South Indian,Snacks,Budget,161,Yes,39,4,3,No,Celebrating,High,Alone,No
44899,2249,33,Delhi,Evening,Weekend,Biryani,Lunch,Mid-range,221,No,30,1,3,No,Happy,Medium,Family,Yes
44900,1835,35,Chandigarh,Evening,Weekend,Desserts,Lunch,Premium,662,No,68,14,4,Yes,Celebrating,Low,Family,No
44901,1791,32,Chandigarh,Night,Weekend,Chinese,Snacks,Budget,220,Yes,84,10,2,No,Celebrating,Low,Friends,No
44902,2348,44,Hyderabad,Evening,Weekend,Biryani,Snacks,Mid-range,902,No,26,9,3,No,Happy,Medium,Friends,Yes
44903,4137,41,Hyderabad,Morning,Weekend,Fast Food,Snacks,Mid-range,747,Yes,99,8,5,Yes,Lazy,Medium,Friends,No
44904,1496,38,Mumbai,Evening,Weekday,Desserts,Lunch,Premium,143,Yes,61,8,1,Yes,Lazy,Medium,Partner,Yes
44905,2110,26,Chandigarh,Morning,Weekend,North Indian,Breakfast,Budget,227,No,49,6,3,No,Lazy,Medium,Family,Yes
44906,3145,35,Delhi,Afternoon,Weekend,North Indian,Breakfast,Budget,498,Yes,35,1,1,Yes,Celebrating,Low,Friends,Yes
44907,1456,41,Chandigarh,Night,Weekend,North Indian,Breakfast,Premium,328,Yes,63,9,2,No,Stressed,Medium,Family,Yes
44908,3085,27,Delhi,Afternoon,Weekend,Chinese,Lunch,Mid-range,648,No,58,6,4,No,Stressed,Low,Partner,Yes
44909,2317,32,Hyderabad,Evening,Weekday,Desserts,Breakfast,Mid-range,855,Yes,96,9,2,Yes,Happy,Low,Partner,Yes
44910,4592,31,Mumbai,Morning,Weekday,South Indian,Breakfast,Premium,350,No,58,13,3,Yes,Stressed,High,Friends,No
44911,1437,36,Delhi,Morning,Weekend,Biryani,Snacks,Premium,886,Yes,35,8,3,No,Lazy,Medium,Alone,No
44912,1621,38,Bangalore,Night,Weekend,North Indian,Dinner,Budget,284,No,61,13,4,No,Lazy,Medium,Partner,Yes
44913,3934,44,Mumbai,Night,Weekday,Biryani,Dinner,Mid-range,855,No,64,3,5,No,Lazy,Medium,Partner,No
44914,4370,28,Chandigarh,Night,Weekday,Biryani,Dinner,Mid-range,640,No,83,9,1,Yes,Happy,Medium,Partner,Yes
44915,4536,32,Delhi,Evening,Weekday,Fast Food,Lunch,Budget,687,No,41,1,1,No,Stressed,Low,Friends,Yes
44916,4854,38,Hyderabad,Morning,Weekday,Chinese,Breakfast,Budget,597,Yes,65,14,3,No,Lazy,High,Friends,No
44917,4013,36,Pune,Morning,Weekday,South Indian,Lunch,Budget,995,No,25,11,5,No,Happy,Low,Partner,No
44918,2426,35,Delhi,Morning,Weekend,Desserts,Snacks,Premium,327,Yes,52,7,5,No,Celebrating,Medium,Alone,Yes
44919,1843,33,Mumbai,Night,Weekend,Fast Food,Snacks,Mid-range,848,No,49,1,4,Yes,Happy,Low,Partner,No
44920,1634,31,Bangalore,Night,Weekday,Biryani,Breakfast,Budget,261,Yes,28,11,4,No,Lazy,Low,Partner,No
44921,3112,37,Delhi,Afternoon,Weekend,North Indian,Breakfast,Mid-range,854,Yes,86,9,1,No,Stressed,High,Friends,No
44922,2151,44,Mumbai,Night,Weekday,North Indian,Lunch,Premium,674,Yes,97,1,4,No,Stressed,High,Family,No
44923,1352,23,Delhi,Evening,Weekend,South Indian,Lunch,Premium,246,No,56,2,2,Yes,Stressed,Low,Family,No
44924,4319,26,Mumbai,Evening,Weekday,Desserts,Breakfast,Premium,119,Yes,60,9,5,Yes,Celebrating,Medium,Partner,Yes
44925,2729,25,Bangalore,Evening,Weekend,Fast Food,Snacks,Mid-range,139,No,53,8,1,No,Stressed,High,Family,Yes
44926,3446,23,Bangalore,Afternoon,Weekday,North Indian,Dinner,Budget,209,No,85,1,2,No,Happy,Low,Partner,No
44927,3522,23,Pune,Evening,Weekend,Chinese,Dinner,Premium,975,Yes,82,9,2,No,Celebrating,High,Family,Yes
44928,3029,21,Mumbai,Afternoon,Weekday,North Indian,Snacks,Mid-range,377,No,23,10,5,No,Lazy,Medium,Alone,Yes
44929,4000,28,Pune,Night,Weekend,Chinese,Snacks,Mid-range,965,No,70,12,4,Yes,Celebrating,High,Friends,No
44930,2128,33,Hyderabad,Night,Weekend,Biryani,Dinner,Mid-range,248,Yes,51,6,5,No,Stressed,High,Family,Yes
44931,2683,43,Delhi,Morning,Weekend,Biryani,Snacks,Budget,629,Yes,50,7,4,Yes,Lazy,High,Friends,No
44932,4195,34,Mumbai,Evening,Weekend,South Indian,Snacks,Premium,571,Yes,75,5,3,Yes,Lazy,Medium,Family,Yes
44933,3194,33,Hyderabad,Evening,Weekday,Biryani,Breakfast,Premium,945,No,31,13,1,No,Happy,Low,Alone,Yes
44934,2423,23,Mumbai,Night,Weekend,Desserts,Breakfast,Mid-range,333,No,75,12,3,Yes,Stressed,Medium,Friends,No
44935,3168,43,Mumbai,Morning,Weekday,Chinese,Snacks,Budget,191,Yes,47,9,5,Yes,Lazy,Low,Friends,Yes
44936,3984,44,Delhi,Morning,Weekday,South Indian,Dinner,Premium,369,No,47,3,2,Yes,Stressed,Low,Family,No
44937,2147,23,Hyderabad,Afternoon,Weekday,South Indian,Lunch,Premium,923,Yes,27,14,2,Yes,Lazy,Low,Partner,No
44938,1529,24,Bangalore,Morning,Weekend,Desserts,Snacks,Premium,480,No,88,7,3,Yes,Lazy,High,Alone,Yes
44939,2682,43,Pune,Evening,Weekday,Fast Food,Breakfast,Mid-range,485,No,93,6,5,No,Lazy,Medium,Family,No
44940,3726,41,Hyderabad,Night,Weekday,Chinese,Lunch,Budget,574,No,97,2,4,Yes,Happy,High,Alone,Yes
44941,1481,32,Chandigarh,Afternoon,Weekday,Fast Food,Breakfast,Premium,985,No,40,4,3,No,Celebrating,Medium,Family,No
44942,1151,40,Pune,Evening,Weekend,Fast Food,Snacks,Budget,423,Yes,68,13,1,No,Lazy,High,Partner,Yes
44943,1095,20,Bangalore,Night,Weekday,Desserts,Lunch,Budget,919,No,25,6,4,Yes,Happy,Medium,Alone,Yes
44944,3648,34,Delhi,Morning,Weekend,North Indian,Breakfast,Mid-range,604,No,88,13,5,No,Stressed,Medium,Alone,No
44945,3302,20,Pune,Evening,Weekday,North Indian,Lunch,Premium,933,Yes,83,7,2,Yes,Celebrating,Medium,Partner,No
44946,4356,42,Bangalore,Evening,Weekday,Fast Food,Lunch,Premium,549,Yes,68,13,3,Yes,Lazy,High,Family,Yes
44947,2912,26,Mumbai,Evening,Weekday,Biryani,Lunch,Mid-range,307,No,74,8,5,No,Celebrating,High,Alone,No
44948,3602,31,Chandigarh,Night,Weekday,South Indian,Snacks,Premium,660,No,63,11,5,Yes,Celebrating,Low,Partner,No
44949,1843,24,Bangalore,Night,Weekday,Fast Food,Lunch,Premium,985,Yes,21,5,3,No,Stressed,Medium,Friends,Yes
44950,2494,30,Chandigarh,Night,Weekday,Chinese,Lunch,Mid-range,199,No,84,11,3,Yes,Lazy,Medium,Partner,No
44951,4776,19,Pune,Evening,Weekday,Fast Food,Dinner,Premium,683,Yes,53,11,5,Yes,Happy,High,Friends,No
44952,4924,32,Bangalore,Afternoon,Weekday,North Indian,Lunch,Mid-range,461,No,90,14,1,Yes,Lazy,Medium,Friends,Yes
44953,2636,35,Hyderabad,Afternoon,Weekday,North Indian,Dinner,Mid-range,500,No,72,14,1,Yes,Lazy,High,Alone,Yes
44954,3511,35,Hyderabad,Night,Weekday,Biryani,Dinner,Budget,198,Yes,46,5,1,Yes,Happy,Low,Alone,No
44955,1460,23,Pune,Morning,Weekend,South Indian,Snacks,Premium,963,No,37,2,3,Yes,Lazy,Medium,Alone,No
44956,3925,27,Pune,Morning,Weekday,Chinese,Lunch,Mid-range,291,Yes,98,10,2,Yes,Lazy,Low,Friends,No
44957,2558,20,Chandigarh,Afternoon,Weekday,Desserts,Dinner,Premium,442,Yes,71,1,3,No,Stressed,Medium,Friends,No
44958,3172,39,Mumbai,Evening,Weekday,Biryani,Breakfast,Mid-range,821,Yes,83,2,4,Yes,Happy,Low,Family,Yes
44959,1236,22,Chandigarh,Evening,Weekend,South Indian,Dinner,Premium,414,No,58,13,5,Yes,Lazy,Low,Friends,Yes
44960,2503,41,Hyderabad,Night,Weekday,Fast Food,Snacks,Budget,168,Yes,35,6,2,No,Celebrating,High,Alone,No
44961,1407,21,Mumbai,Morning,Weekend,Chinese,Dinner,Budget,976,No,97,1,5,No,Lazy,High,Family,No
44962,2110,24,Hyderabad,Evening,Weekend,South Indian,Dinner,Mid-range,156,Yes,49,4,1,No,Happy,Medium,Partner,Yes
44963,4414,34,Delhi,Afternoon,Weekend,Desserts,Lunch,Budget,917,No,69,4,4,No,Celebrating,Medium,Alone,Yes
44964,3451,19,Pune,Morning,Weekend,North Indian,Snacks,Premium,754,No,71,13,1,Yes,Stressed,High,Alone,Yes
44965,2089,18,Delhi,Evening,Weekend,Biryani,Breakfast,Premium,973,Yes,90,7,5,Yes,Celebrating,Low,Alone,Yes
44966,2000,25,Delhi,Morning,Weekday,South Indian,Dinner,Budget,577,No,60,6,1,Yes,Celebrating,Low,Friends,Yes
44967,4940,39,Pune,Night,Weekday,South Indian,Breakfast,Premium,518,Yes,54,9,4,No,Happy,Medium,Friends,Yes
44968,2147,43,Mumbai,Afternoon,Weekday,Chinese,Dinner,Premium,490,No,58,8,1,No,Happy,High,Friends,Yes
44969,4016,36,Hyderabad,Evening,Weekend,Fast Food,Breakfast,Budget,643,No,89,2,4,Yes,Happy,High,Family,Yes
44970,1739,18,Mumbai,Morning,Weekday,Chinese,Breakfast,Budget,114,Yes,94,7,1,Yes,Stressed,Medium,Family,No
44971,3679,18,Hyderabad,Evening,Weekday,North Indian,Dinner,Premium,457,No,36,7,1,Yes,Stressed,Low,Partner,No
44972,2709,30,Hyderabad,Afternoon,Weekend,Fast Food,Lunch,Budget,643,Yes,66,10,1,Yes,Celebrating,Medium,Alone,Yes
44973,1064,20,Mumbai,Night,Weekday,Biryani,Breakfast,Budget,182,Yes,92,4,4,No,Lazy,Low,Alone,Yes
44974,4217,19,Mumbai,Evening,Weekend,Fast Food,Dinner,Premium,960,No,95,7,4,Yes,Celebrating,Medium,Family,Yes
44975,1929,23,Bangalore,Night,Weekday,Fast Food,Snacks,Budget,654,Yes,82,14,5,Yes,Stressed,Medium,Alone,Yes
44976,4190,43,Bangalore,Night,Weekend,Desserts,Dinner,Premium,640,Yes,32,11,3,Yes,Celebrating,Low,Friends,No
44977,3490,38,Bangalore,Night,Weekend,South Indian,Lunch,Premium,568,Yes,57,7,5,No,Happy,Medium,Partner,Yes
44978,2553,26,Bangalore,Afternoon,Weekend,Desserts,Snacks,Budget,445,Yes,85,1,1,No,Lazy,High,Friends,No
44979,4212,32,Hyderabad,Afternoon,Weekend,North Indian,Snacks,Mid-range,102,No,38,4,3,Yes,Stressed,Medium,Alone,Yes
44980,3918,33,Bangalore,Morning,Weekday,Chinese,Lunch,Budget,502,No,59,3,3,Yes,Celebrating,Medium,Partner,Yes
44981,4359,27,Bangalore,Afternoon,Weekday,Desserts,Dinner,Mid-range,686,No,59,14,5,Yes,Celebrating,High,Family,No
44982,4688,39,Mumbai,Afternoon,Weekday,Desserts,Dinner,Premium,320,No,86,8,2,No,Happy,High,Partner,Yes
44983,2556,24,Bangalore,Morning,Weekday,Desserts,Dinner,Budget,114,No,75,7,2,Yes,Stressed,Low,Friends,No
44984,3547,24,Pune,Morning,Weekday,South Indian,Dinner,Budget,588,Yes,34,1,3,Yes,Celebrating,High,Alone,Yes
44985,1934,40,Pune,Morning,Weekend,Chinese,Dinner,Mid-range,560,Yes,21,3,2,No,Happy,Medium,Friends,No
44986,1434,20,Chandigarh,Evening,Weekend,Chinese,Dinner,Premium,852,Yes,81,1,2,No,Happy,Low,Friends,Yes
44987,3177,33,Delhi,Evening,Weekday,Desserts,Dinner,Premium,616,No,82,2,3,Yes,Celebrating,High,Alone,Yes
44988,4449,25,Mumbai,Afternoon,Weekend,Biryani,Breakfast,Budget,875,Yes,51,3,3,No,Happy,Medium,Partner,No
44989,1996,41,Chandigarh,Night,Weekday,Biryani,Dinner,Mid-range,389,No,24,10,5,Yes,Happy,Low,Family,No
44990,4310,31,Bangalore,Morning,Weekday,Biryani,Lunch,Mid-range,383,No,97,14,5,Yes,Lazy,Low,Friends,Yes
44991,4642,23,Bangalore,Night,Weekday,Chinese,Snacks,Budget,313,No,76,8,2,No,Happy,High,Family,No
44992,2618,33,Chandigarh,Afternoon,Weekday,Biryani,Breakfast,Mid-range,858,No,76,10,2,Yes,Celebrating,High,Friends,No
44993,2145,38,Mumbai,Afternoon,Weekend,Biryani,Lunch,Budget,871,Yes,84,2,3,Yes,Celebrating,Medium,Partner,Yes
44994,3647,32,Hyderabad,Evening,Weekday,South Indian,Breakfast,Mid-range,229,Yes,48,3,2,Yes,Stressed,Low,Friends,Yes
44995,4760,29,Bangalore,Morning,Weekend,North Indian,Breakfast,Premium,297,Yes,36,13,4,Yes,Lazy,Low,Family,Yes
44996,3687,21,Delhi,Evening,Weekday,North Indian,Snacks,Premium,260,No,45,10,5,No,Stressed,Medium,Family,No
44997,3997,39,Delhi,Night,Weekday,South Indian,Dinner,Mid-range,968,No,99,13,4,No,Stressed,Medium,Friends,No
44998,1116,24,Bangalore,Evening,Weekday,Chinese,Breakfast,Premium,556,Yes,32,6,3,No,Celebrating,High,Partner,No
44999,2909,23,Pune,Afternoon,Weekday,Fast Food,Breakfast,Premium,400,No,81,4,5,Yes,Happy,High,Alone,No
45000,4569,26,Bangalore,Evening,Weekday,South Indian,Breakfast,Premium,367,Yes,49,1,5,No,Stressed,Low,Alone,Yes
45001,4164,35,Chandigarh,Morning,Weekday,Chinese,Dinner,Premium,202,No,47,2,3,Yes,Celebrating,Medium,Family,Yes
45002,2722,33,Hyderabad,Evening,Weekend,Biryani,Snacks,Premium,442,No,32,7,5,No,Celebrating,Low,Partner,No
45003,3658,20,Mumbai,Morning,Weekend,South Indian,Lunch,Budget,189,No,48,1,1,No,Lazy,Medium,Family,No
45004,4208,18,Pune,Evening,Weekend,North Indian,Breakfast,Mid-range,656,No,98,2,4,No,Happy,Low,Family,Yes
45005,4310,35,Bangalore,Evening,Weekday,Biryani,Snacks,Premium,470,No,79,13,4,Yes,Stressed,Medium,Partner,No
45006,2319,36,Bangalore,Night,Weekend,Biryani,Dinner,Premium,522,Yes,44,6,3,No,Happy,High,Alone,Yes
45007,4248,28,Delhi,Night,Weekday,North Indian,Lunch,Premium,969,No,24,4,4,Yes,Stressed,High,Family,Yes
45008,4808,37,Pune,Morning,Weekend,North Indian,Lunch,Premium,342,No,46,5,4,No,Celebrating,Low,Partner,Yes
45009,4433,26,Bangalore,Night,Weekday,Fast Food,Lunch,Budget,662,Yes,41,10,1,Yes,Happy,Low,Partner,No
45010,2281,41,Mumbai,Morning,Weekday,North Indian,Snacks,Premium,334,No,79,9,5,Yes,Happy,Low,Partner,No
45011,3549,44,Pune,Evening,Weekend,Desserts,Snacks,Budget,397,No,46,12,4,Yes,Stressed,Medium,Family,No
45012,4703,24,Hyderabad,Evening,Weekend,North Indian,Dinner,Premium,126,No,89,13,1,No,Celebrating,Medium,Friends,Yes
45013,4382,31,Hyderabad,Evening,Weekday,North Indian,Lunch,Premium,714,No,55,4,3,Yes,Celebrating,High,Partner,Yes
45014,4310,19,Hyderabad,Morning,Weekend,Fast Food,Dinner,Premium,508,Yes,65,10,4,Yes,Lazy,High,Partner,No
45015,4807,31,Pune,Afternoon,Weekday,North Indian,Snacks,Premium,551,No,75,8,2,No,Lazy,Low,Alone,Yes
45016,4636,30,Pune,Evening,Weekend,Fast Food,Breakfast,Premium,152,Yes,59,5,3,No,Stressed,High,Friends,No
45017,4612,29,Hyderabad,Night,Weekday,Desserts,Lunch,Premium,911,Yes,79,12,1,Yes,Celebrating,Medium,Alone,No
45018,3036,35,Delhi,Evening,Weekday,Chinese,Snacks,Budget,783,No,68,13,4,No,Celebrating,Medium,Friends,Yes
45019,3282,20,Mumbai,Afternoon,Weekday,Chinese,Breakfast,Budget,903,No,34,1,3,Yes,Celebrating,High,Friends,No
45020,4065,24,Mumbai,Evening,Weekend,North Indian,Breakfast,Premium,220,No,32,2,2,Yes,Stressed,High,Friends,No
45021,3417,32,Chandigarh,Morning,Weekday,South Indian,Snacks,Mid-range,634,Yes,92,14,2,Yes,Lazy,Medium,Family,Yes
45022,2896,34,Hyderabad,Night,Weekday,Biryani,Dinner,Budget,595,No,38,12,3,No,Happy,Low,Partner,No
45023,1691,29,Hyderabad,Afternoon,Weekday,Biryani,Dinner,Mid-range,655,No,98,10,2,No,Lazy,Medium,Alone,No
45024,3879,32,Bangalore,Night,Weekday,South Indian,Lunch,Mid-range,728,No,98,10,5,Yes,Celebrating,Medium,Family,Yes
45025,2157,42,Chandigarh,Night,Weekday,Biryani,Dinner,Mid-range,650,No,75,3,3,No,Lazy,Low,Partner,No
45026,4096,35,Mumbai,Evening,Weekend,Chinese,Dinner,Premium,940,No,64,4,3,No,Stressed,Medium,Alone,No
45027,2827,34,Delhi,Evening,Weekday,North Indian,Lunch,Mid-range,594,Yes,82,9,3,No,Celebrating,Medium,Alone,Yes
45028,4194,23,Mumbai,Morning,Weekday,Biryani,Breakfast,Budget,581,Yes,84,3,4,Yes,Lazy,High,Friends,Yes
45029,2592,28,Pune,Morning,Weekend,Fast Food,Dinner,Budget,350,Yes,68,14,4,No,Celebrating,Low,Alone,Yes
45030,4637,38,Chandigarh,Afternoon,Weekday,Chinese,Dinner,Premium,485,No,32,2,5,No,Celebrating,High,Friends,Yes
45031,3890,22,Chandigarh,Evening,Weekend,Desserts,Snacks,Mid-range,611,No,36,9,1,Yes,Celebrating,Medium,Friends,No
45032,3686,28,Pune,Afternoon,Weekday,North Indian,Snacks,Premium,659,No,59,8,1,Yes,Celebrating,Low,Friends,No
45033,3094,32,Delhi,Morning,Weekday,Biryani,Breakfast,Budget,203,No,27,2,2,Yes,Celebrating,High,Alone,No
45034,1092,39,Delhi,Night,Weekend,Desserts,Dinner,Budget,502,Yes,76,9,2,Yes,Stressed,Medium,Alone,No
45035,1720,40,Hyderabad,Evening,Weekend,Desserts,Snacks,Mid-range,810,Yes,43,12,1,No,Stressed,High,Friends,No
45036,4318,25,Hyderabad,Night,Weekend,Biryani,Breakfast,Premium,445,Yes,38,1,4,No,Lazy,Medium,Friends,Yes
45037,4778,31,Delhi,Night,Weekday,Desserts,Breakfast,Premium,992,No,68,9,3,No,Celebrating,Medium,Partner,Yes
45038,3418,37,Chandigarh,Morning,Weekend,South Indian,Lunch,Premium,469,No,43,3,5,Yes,Celebrating,High,Friends,No
45039,3335,19,Hyderabad,Night,Weekday,North Indian,Dinner,Premium,888,No,52,2,2,No,Lazy,High,Alone,Yes
45040,1336,22,Mumbai,Evening,Weekday,Chinese,Snacks,Premium,130,Yes,73,9,4,No,Celebrating,Low,Family,Yes
45041,4228,30,Chandigarh,Afternoon,Weekend,Desserts,Breakfast,Mid-range,404,No,78,11,5,Yes,Lazy,Medium,Partner,No
45042,1630,41,Chandigarh,Night,Weekend,Chinese,Dinner,Mid-range,724,No,88,10,4,Yes,Celebrating,Medium,Partner,Yes
45043,1700,40,Delhi,Night,Weekday,Fast Food,Dinner,Premium,698,Yes,56,4,3,No,Lazy,Low,Family,Yes
45044,1476,35,Mumbai,Night,Weekend,Chinese,Snacks,Premium,264,Yes,46,7,3,Yes,Happy,Medium,Partner,Yes
45045,2557,28,Bangalore,Morning,Weekday,Fast Food,Snacks,Budget,992,Yes,43,9,5,No,Stressed,Low,Friends,Yes
45046,2994,36,Chandigarh,Night,Weekend,Desserts,Lunch,Premium,152,No,26,13,4,No,Celebrating,Low,Alone,No
45047,4688,42,Chandigarh,Afternoon,Weekend,Fast Food,Dinner,Premium,875,No,85,9,3,No,Lazy,Low,Family,No
45048,1321,26,Delhi,Evening,Weekday,South Indian,Lunch,Budget,419,Yes,20,4,4,Yes,Celebrating,Medium,Family,No
45049,4475,33,Bangalore,Evening,Weekend,Biryani,Dinner,Budget,834,Yes,73,8,4,Yes,Celebrating,Low,Partner,Yes
45050,2670,25,Mumbai,Afternoon,Weekday,North Indian,Dinner,Budget,705,No,35,2,1,Yes,Celebrating,High,Alone,No
45051,1235,18,Delhi,Night,Weekday,North Indian,Lunch,Budget,917,No,38,12,3,Yes,Lazy,Low,Friends,No
45052,4951,42,Delhi,Night,Weekend,North Indian,Snacks,Budget,510,No,43,12,4,Yes,Stressed,Low,Family,Yes
45053,4607,20,Hyderabad,Evening,Weekend,South Indian,Lunch,Budget,875,No,71,12,5,Yes,Celebrating,Medium,Family,No
45054,4754,36,Chandigarh,Night,Weekend,Fast Food,Dinner,Mid-range,485,Yes,74,8,4,No,Stressed,Low,Partner,No
45055,4492,34,Delhi,Night,Weekend,Biryani,Snacks,Budget,338,No,63,11,4,No,Celebrating,Medium,Friends,No
45056,3544,21,Chandigarh,Morning,Weekend,Chinese,Dinner,Premium,382,Yes,41,7,5,Yes,Happy,High,Friends,No
45057,4709,40,Bangalore,Morning,Weekend,Biryani,Dinner,Premium,414,Yes,33,4,5,Yes,Celebrating,High,Alone,No
45058,1948,26,Chandigarh,Night,Weekday,North Indian,Lunch,Premium,582,Yes,59,12,2,Yes,Lazy,High,Friends,Yes
45059,2085,35,Bangalore,Morning,Weekend,Fast Food,Lunch,Mid-range,743,Yes,83,11,1,No,Happy,Low,Friends,No
45060,2846,24,Pune,Night,Weekday,Biryani,Breakfast,Mid-range,531,Yes,35,12,3,No,Happy,Low,Family,Yes
45061,4231,26,Bangalore,Afternoon,Weekday,South Indian,Snacks,Budget,429,No,99,14,4,No,Stressed,Low,Family,Yes
45062,1435,39,Pune,Morning,Weekday,Desserts,Breakfast,Premium,930,Yes,74,5,4,Yes,Celebrating,Low,Family,Yes
45063,2192,33,Mumbai,Morning,Weekend,Chinese,Lunch,Mid-range,297,No,76,7,4,Yes,Happy,Medium,Partner,Yes
45064,3582,18,Bangalore,Evening,Weekend,Chinese,Snacks,Mid-range,935,No,95,3,3,No,Lazy,High,Partner,Yes
45065,3641,38,Hyderabad,Afternoon,Weekend,Chinese,Lunch,Budget,624,No,22,8,5,No,Happy,Medium,Partner,Yes
45066,2173,44,Chandigarh,Night,Weekday,South Indian,Breakfast,Budget,589,No,40,4,1,No,Celebrating,High,Friends,No
45067,2962,19,Pune,Afternoon,Weekend,Fast Food,Lunch,Mid-range,869,Yes,31,13,2,Yes,Lazy,Low,Partner,Yes
45068,3182,39,Delhi,Evening,Weekday,North Indian,Snacks,Mid-range,196,Yes,96,5,2,No,Happy,Medium,Alone,Yes
45069,4198,20,Mumbai,Afternoon,Weekend,Desserts,Breakfast,Budget,270,Yes,39,11,4,No,Happy,High,Partner,Yes
45070,3777,37,Hyderabad,Night,Weekday,Desserts,Breakfast,Mid-range,400,No,61,11,2,No,Lazy,Low,Partner,Yes
45071,4987,26,Pune,Afternoon,Weekday,South Indian,Lunch,Premium,669,No,34,13,3,Yes,Lazy,Low,Partner,Yes
45072,2749,40,Bangalore,Morning,Weekday,Biryani,Dinner,Mid-range,628,No,26,1,3,Yes,Celebrating,Medium,Partner,Yes
45073,1396,19,Bangalore,Morning,Weekday,North Indian,Snacks,Budget,434,Yes,27,9,2,No,Celebrating,Low,Alone,Yes
45074,1020,25,Hyderabad,Morning,Weekday,North Indian,Dinner,Budget,452,No,99,3,3,Yes,Celebrating,Low,Alone,No
45075,3308,36,Mumbai,Night,Weekend,North Indian,Breakfast,Budget,328,Yes,22,6,3,No,Lazy,High,Family,No
45076,1711,42,Delhi,Evening,Weekend,North Indian,Lunch,Mid-range,282,No,80,10,3,Yes,Happy,High,Friends,No
45077,4258,44,Chandigarh,Night,Weekend,Fast Food,Snacks,Mid-range,823,No,28,13,5,Yes,Stressed,High,Partner,Yes
45078,3839,32,Bangalore,Evening,Weekend,Fast Food,Snacks,Budget,591,No,91,6,1,No,Lazy,Low,Partner,Yes
45079,3375,33,Delhi,Afternoon,Weekend,Biryani,Snacks,Budget,101,No,85,2,3,No,Celebrating,Low,Friends,No
45080,3262,22,Mumbai,Evening,Weekend,South Indian,Lunch,Premium,427,No,70,14,5,No,Celebrating,High,Friends,No
45081,3364,31,Hyderabad,Night,Weekday,Chinese,Dinner,Premium,804,Yes,61,8,4,Yes,Happy,Low,Family,No
45082,4778,31,Chandigarh,Morning,Weekday,North Indian,Lunch,Premium,688,Yes,56,9,4,Yes,Lazy,High,Partner,No
45083,4510,28,Chandigarh,Afternoon,Weekday,Chinese,Lunch,Mid-range,344,No,77,9,4,No,Celebrating,Low,Family,No
45084,1437,44,Bangalore,Night,Weekend,Fast Food,Dinner,Mid-range,814,Yes,22,6,2,No,Lazy,Low,Family,No
45085,2226,42,Bangalore,Afternoon,Weekday,South Indian,Snacks,Budget,234,No,33,12,5,Yes,Happy,High,Family,No
45086,2464,40,Mumbai,Night,Weekend,Biryani,Lunch,Budget,137,Yes,62,13,4,No,Happy,Medium,Family,Yes
45087,4960,21,Hyderabad,Evening,Weekday,Fast Food,Dinner,Budget,415,Yes,38,3,4,Yes,Happy,High,Partner,Yes
45088,3658,31,Bangalore,Morning,Weekday,Chinese,Lunch,Budget,650,Yes,57,12,5,Yes,Celebrating,Medium,Family,No
45089,2073,28,Delhi,Afternoon,Weekend,North Indian,Dinner,Mid-range,771,Yes,68,4,4,Yes,Stressed,High,Family,No
45090,1482,24,Chandigarh,Morning,Weekday,Chinese,Dinner,Budget,291,No,44,4,2,No,Happy,Low,Friends,No
45091,1505,36,Bangalore,Night,Weekday,Fast Food,Lunch,Mid-range,306,No,91,4,1,Yes,Celebrating,Low,Friends,No
45092,2334,43,Pune,Morning,Weekday,North Indian,Lunch,Premium,155,No,64,8,5,Yes,Lazy,Medium,Family,No
45093,4615,20,Mumbai,Morning,Weekday,South Indian,Lunch,Mid-range,457,No,84,5,5,Yes,Celebrating,Low,Alone,No
45094,4509,40,Delhi,Night,Weekend,Fast Food,Dinner,Budget,625,No,53,3,1,Yes,Lazy,Low,Partner,Yes
45095,2330,32,Hyderabad,Morning,Weekday,Desserts,Snacks,Premium,441,Yes,75,8,5,Yes,Lazy,Medium,Alone,No
45096,3385,28,Chandigarh,Evening,Weekend,Desserts,Breakfast,Mid-range,135,Yes,36,8,4,No,Stressed,High,Family,Yes
45097,2947,36,Chandigarh,Night,Weekday,Desserts,Snacks,Budget,155,Yes,52,3,3,No,Happy,Low,Alone,Yes
45098,2605,25,Delhi,Afternoon,Weekday,South Indian,Breakfast,Mid-range,425,No,56,1,1,Yes,Lazy,Low,Family,Yes
45099,2139,44,Bangalore,Morning,Weekend,Biryani,Breakfast,Budget,269,No,20,13,3,Yes,Stressed,High,Partner,No
45100,3498,37,Pune,Afternoon,Weekend,Desserts,Breakfast,Mid-range,182,No,38,2,5,Yes,Lazy,Low,Alone,No
45101,3324,33,Delhi,Night,Weekday,Biryani,Breakfast,Mid-range,549,No,21,14,4,Yes,Happy,Low,Alone,No
45102,2251,19,Chandigarh,Evening,Weekday,Desserts,Breakfast,Mid-range,495,Yes,22,6,5,No,Lazy,Medium,Friends,No
45103,4027,27,Delhi,Afternoon,Weekday,Biryani,Dinner,Premium,356,No,32,9,4,No,Celebrating,Low,Alone,Yes
45104,4544,33,Chandigarh,Afternoon,Weekday,Biryani,Lunch,Mid-range,160,Yes,98,1,3,Yes,Happy,Low,Friends,No
45105,3568,44,Chandigarh,Evening,Weekend,Biryani,Dinner,Mid-range,690,Yes,51,6,1,Yes,Lazy,Medium,Family,Yes
45106,4460,38,Pune,Morning,Weekday,Desserts,Lunch,Mid-range,570,Yes,94,3,1,No,Celebrating,High,Friends,No
45107,4029,22,Bangalore,Afternoon,Weekday,South Indian,Breakfast,Budget,686,Yes,50,13,5,Yes,Happy,High,Friends,Yes
45108,2915,24,Bangalore,Evening,Weekday,Fast Food,Snacks,Budget,941,Yes,25,2,2,Yes,Celebrating,Medium,Partner,Yes
45109,2718,40,Mumbai,Evening,Weekend,South Indian,Snacks,Budget,951,Yes,47,5,4,Yes,Happy,Medium,Alone,Yes
45110,2008,28,Pune,Afternoon,Weekend,Biryani,Dinner,Mid-range,405,No,99,1,3,No,Happy,High,Family,No
45111,2178,20,Mumbai,Night,Weekend,Desserts,Breakfast,Premium,440,No,89,14,5,Yes,Celebrating,Low,Partner,No
45112,4896,44,Mumbai,Evening,Weekday,Desserts,Breakfast,Premium,874,No,88,10,2,Yes,Lazy,Low,Friends,No
45113,4723,27,Chandigarh,Morning,Weekday,Biryani,Dinner,Budget,951,No,96,9,2,Yes,Celebrating,Medium,Partner,Yes
45114,1405,23,Mumbai,Night,Weekday,Chinese,Dinner,Mid-range,488,Yes,92,4,1,Yes,Happy,Low,Partner,Yes
45115,3740,39,Bangalore,Night,Weekday,South Indian,Snacks,Mid-range,878,Yes,91,6,2,No,Happy,High,Friends,No
45116,3406,39,Delhi,Morning,Weekend,Biryani,Breakfast,Premium,609,No,26,13,1,Yes,Celebrating,Low,Family,No
45117,1272,19,Delhi,Night,Weekend,South Indian,Lunch,Mid-range,912,Yes,71,14,5,No,Lazy,High,Family,Yes
45118,1291,30,Hyderabad,Night,Weekday,South Indian,Breakfast,Mid-range,292,Yes,73,9,3,Yes,Celebrating,Low,Friends,No
45119,2692,36,Pune,Evening,Weekend,South Indian,Breakfast,Premium,332,No,32,11,1,Yes,Celebrating,Low,Friends,Yes
45120,2475,27,Hyderabad,Afternoon,Weekday,Chinese,Breakfast,Budget,511,Yes,81,4,5,Yes,Lazy,High,Friends,Yes
45121,2405,18,Mumbai,Evening,Weekend,South Indian,Snacks,Mid-range,927,No,82,6,1,Yes,Lazy,Low,Family,Yes
45122,4852,38,Chandigarh,Night,Weekday,Chinese,Lunch,Budget,987,No,92,9,5,No,Celebrating,High,Partner,No
45123,3158,33,Pune,Morning,Weekday,South Indian,Lunch,Budget,668,No,70,2,5,No,Lazy,Medium,Friends,Yes
45124,2610,21,Pune,Evening,Weekday,Fast Food,Breakfast,Budget,797,Yes,46,12,3,No,Lazy,Low,Friends,No
45125,3898,36,Chandigarh,Night,Weekend,South Indian,Dinner,Budget,386,No,73,14,2,No,Stressed,Medium,Partner,No
45126,4203,36,Delhi,Afternoon,Weekday,Chinese,Breakfast,Mid-range,661,Yes,99,1,5,Yes,Celebrating,Medium,Family,No
45127,4691,18,Pune,Evening,Weekday,South Indian,Breakfast,Premium,237,No,28,1,1,Yes,Lazy,High,Alone,No
45128,1539,37,Hyderabad,Afternoon,Weekend,Fast Food,Breakfast,Budget,151,Yes,46,10,3,No,Stressed,Low,Alone,Yes
45129,1579,39,Delhi,Night,Weekend,Fast Food,Breakfast,Premium,446,Yes,67,8,2,No,Celebrating,Medium,Partner,No
45130,1686,38,Hyderabad,Morning,Weekend,Desserts,Snacks,Mid-range,451,No,46,2,1,No,Stressed,Low,Alone,No
45131,3165,32,Delhi,Afternoon,Weekend,Biryani,Dinner,Budget,348,Yes,28,11,4,No,Stressed,High,Alone,Yes
45132,3634,40,Delhi,Night,Weekday,Fast Food,Dinner,Premium,527,No,61,14,1,No,Lazy,High,Friends,No
45133,2251,38,Delhi,Afternoon,Weekend,North Indian,Lunch,Mid-range,390,No,98,3,1,Yes,Lazy,Low,Alone,No
45134,1844,30,Mumbai,Night,Weekend,Desserts,Breakfast,Mid-range,777,Yes,61,1,1,Yes,Lazy,Low,Family,No
45135,2654,25,Hyderabad,Afternoon,Weekend,Chinese,Lunch,Premium,630,No,34,7,4,Yes,Celebrating,Low,Partner,Yes
45136,4863,19,Mumbai,Night,Weekend,Biryani,Breakfast,Mid-range,388,Yes,26,13,1,No,Stressed,High,Friends,No
45137,2325,31,Chandigarh,Evening,Weekend,South Indian,Lunch,Budget,902,No,85,4,4,No,Celebrating,Low,Family,Yes
45138,3977,37,Hyderabad,Morning,Weekday,Biryani,Snacks,Premium,297,No,62,9,2,No,Lazy,Low,Friends,Yes
45139,2338,23,Hyderabad,Afternoon,Weekend,Biryani,Lunch,Premium,453,No,86,12,2,Yes,Lazy,High,Friends,Yes
45140,1744,28,Mumbai,Morning,Weekend,North Indian,Breakfast,Premium,782,No,87,4,2,No,Lazy,Medium,Partner,No
45141,1383,34,Chandigarh,Evening,Weekday,Chinese,Breakfast,Mid-range,531,No,35,3,4,Yes,Happy,Low,Alone,Yes
45142,3008,24,Hyderabad,Afternoon,Weekday,North Indian,Dinner,Budget,646,No,52,5,4,Yes,Lazy,Low,Friends,No
45143,4102,43,Bangalore,Evening,Weekend,North Indian,Snacks,Mid-range,295,Yes,84,6,2,No,Happy,High,Alone,No
45144,1304,39,Chandigarh,Night,Weekday,Chinese,Lunch,Budget,716,No,72,7,5,Yes,Lazy,Medium,Alone,Yes
45145,4033,30,Chandigarh,Morning,Weekday,Biryani,Breakfast,Mid-range,380,Yes,75,7,3,Yes,Stressed,Low,Family,No
45146,1836,40,Delhi,Evening,Weekday,Chinese,Lunch,Budget,985,No,89,5,1,Yes,Stressed,Medium,Alone,Yes
45147,3390,36,Hyderabad,Night,Weekday,Fast Food,Dinner,Mid-range,474,Yes,49,6,2,Yes,Celebrating,High,Friends,No
45148,3034,43,Bangalore,Afternoon,Weekday,North Indian,Snacks,Budget,273,Yes,40,13,2,Yes,Happy,Low,Family,Yes
45149,3877,41,Mumbai,Afternoon,Weekday,Fast Food,Lunch,Mid-range,940,Yes,73,5,1,No,Stressed,High,Alone,No
45150,4952,20,Bangalore,Afternoon,Weekend,Chinese,Lunch,Premium,556,No,82,3,5,Yes,Happy,Low,Family,No
45151,1217,19,Delhi,Morning,Weekend,Fast Food,Breakfast,Premium,934,No,23,7,4,No,Happy,Medium,Partner,Yes
45152,2812,19,Pune,Morning,Weekday,Biryani,Breakfast,Mid-range,149,No,21,8,4,No,Lazy,High,Partner,Yes
45153,4554,35,Mumbai,Afternoon,Weekend,Fast Food,Dinner,Premium,111,No,28,11,4,Yes,Stressed,High,Partner,No
45154,1620,21,Delhi,Evening,Weekend,South Indian,Dinner,Mid-range,731,No,32,1,2,No,Stressed,High,Alone,Yes
45155,4598,23,Mumbai,Morning,Weekend,North Indian,Dinner,Budget,269,No,41,4,2,No,Stressed,Medium,Family,No
45156,3531,19,Delhi,Morning,Weekday,Biryani,Breakfast,Budget,265,Yes,75,7,3,No,Celebrating,Low,Partner,Yes
45157,3620,19,Pune,Afternoon,Weekday,South Indian,Lunch,Budget,136,Yes,56,2,2,Yes,Happy,High,Family,No
45158,1584,30,Bangalore,Evening,Weekday,South Indian,Breakfast,Premium,135,Yes,84,2,3,Yes,Celebrating,Low,Alone,No
45159,1757,34,Delhi,Morning,Weekday,South Indian,Lunch,Premium,287,Yes,69,6,1,Yes,Celebrating,Low,Alone,Yes
45160,2065,38,Mumbai,Morning,Weekend,Desserts,Dinner,Budget,855,No,95,2,5,Yes,Lazy,Medium,Friends,No
45161,3258,42,Chandigarh,Morning,Weekday,Biryani,Snacks,Premium,719,Yes,27,13,4,No,Lazy,Low,Friends,Yes
45162,1506,44,Bangalore,Night,Weekend,North Indian,Breakfast,Premium,914,Yes,46,12,2,Yes,Celebrating,Medium,Family,No
45163,1498,20,Mumbai,Morning,Weekday,Desserts,Dinner,Budget,630,No,33,8,1,No,Lazy,Low,Friends,Yes
45164,2514,23,Chandigarh,Morning,Weekend,Desserts,Dinner,Mid-range,292,No,34,13,5,Yes,Celebrating,High,Alone,No
45165,4460,41,Hyderabad,Morning,Weekday,Biryani,Dinner,Budget,222,No,85,14,1,Yes,Lazy,Low,Friends,Yes
45166,2040,36,Hyderabad,Evening,Weekday,South Indian,Snacks,Mid-range,666,No,87,7,3,Yes,Happy,High,Family,Yes
45167,2200,21,Mumbai,Night,Weekday,Fast Food,Dinner,Premium,358,No,30,11,1,No,Happy,High,Family,No
45168,4689,31,Hyderabad,Evening,Weekend,North Indian,Lunch,Budget,177,No,79,9,3,No,Stressed,Medium,Friends,Yes
45169,2617,41,Delhi,Night,Weekday,Fast Food,Lunch,Premium,356,Yes,80,14,1,No,Celebrating,Low,Family,Yes
45170,1482,19,Pune,Night,Weekday,Desserts,Breakfast,Budget,673,Yes,26,11,2,No,Lazy,Low,Partner,Yes
45171,3432,36,Mumbai,Morning,Weekday,North Indian,Snacks,Premium,384,Yes,36,10,3,Yes,Happy,High,Alone,Yes
45172,1743,39,Bangalore,Evening,Weekday,Desserts,Dinner,Budget,239,Yes,30,2,3,No,Happy,Medium,Alone,Yes
45173,2287,29,Delhi,Evening,Weekday,Chinese,Breakfast,Mid-range,814,No,76,14,5,Yes,Happy,High,Family,Yes
45174,1458,42,Mumbai,Evening,Weekday,Desserts,Snacks,Budget,724,No,88,10,3,No,Lazy,Low,Friends,No
45175,2703,39,Bangalore,Morning,Weekday,Chinese,Breakfast,Mid-range,808,Yes,95,12,4,Yes,Stressed,Low,Family,Yes
45176,3325,20,Mumbai,Night,Weekend,Fast Food,Breakfast,Budget,310,Yes,51,13,5,Yes,Lazy,Medium,Family,Yes
45177,1355,20,Hyderabad,Afternoon,Weekend,Biryani,Lunch,Mid-range,371,Yes,86,1,2,No,Lazy,Medium,Family,No
45178,2185,41,Hyderabad,Night,Weekday,South Indian,Breakfast,Budget,939,No,85,6,4,Yes,Happy,Low,Friends,No
45179,2522,20,Hyderabad,Afternoon,Weekday,South Indian,Lunch,Budget,611,No,47,9,5,Yes,Celebrating,Medium,Alone,No
45180,3486,25,Chandigarh,Afternoon,Weekend,Fast Food,Snacks,Mid-range,306,Yes,44,1,4,No,Celebrating,High,Friends,No
45181,4042,23,Pune,Night,Weekday,Desserts,Snacks,Premium,660,Yes,91,5,2,Yes,Stressed,Low,Family,No
45182,4979,42,Chandigarh,Morning,Weekend,Chinese,Snacks,Budget,731,No,41,11,5,No,Celebrating,Low,Partner,Yes
45183,4984,27,Pune,Afternoon,Weekend,Desserts,Snacks,Budget,961,Yes,20,1,4,No,Lazy,High,Family,Yes
45184,4279,39,Bangalore,Night,Weekend,Chinese,Dinner,Mid-range,521,No,98,3,2,Yes,Happy,Low,Friends,No
45185,3668,20,Hyderabad,Evening,Weekend,Chinese,Dinner,Mid-range,987,Yes,66,11,1,No,Stressed,Medium,Partner,No
45186,2310,43,Chandigarh,Evening,Weekday,Fast Food,Dinner,Premium,179,Yes,69,6,2,Yes,Stressed,Low,Alone,Yes
45187,2925,27,Pune,Morning,Weekend,South Indian,Lunch,Budget,145,No,66,4,5,No,Happy,Low,Friends,Yes
45188,1034,40,Pune,Afternoon,Weekday,Biryani,Lunch,Budget,369,Yes,36,14,1,No,Happy,Low,Family,Yes
45189,4974,18,Hyderabad,Evening,Weekday,Desserts,Snacks,Premium,979,No,21,10,3,No,Celebrating,Medium,Alone,No
45190,4654,37,Pune,Night,Weekday,Fast Food,Snacks,Premium,803,Yes,27,14,2,No,Happy,High,Partner,Yes
45191,2257,27,Hyderabad,Evening,Weekday,North Indian,Breakfast,Premium,477,Yes,94,7,5,Yes,Lazy,High,Friends,No
45192,2534,44,Pune,Morning,Weekday,Chinese,Snacks,Budget,443,No,25,4,5,Yes,Celebrating,High,Partner,No
45193,1954,24,Chandigarh,Afternoon,Weekend,South Indian,Dinner,Mid-range,111,Yes,45,12,2,No,Celebrating,Low,Alone,Yes
45194,4286,31,Mumbai,Night,Weekend,Chinese,Lunch,Premium,629,No,70,9,3,Yes,Lazy,High,Friends,Yes
45195,1347,19,Delhi,Night,Weekend,Desserts,Lunch,Budget,764,Yes,22,9,1,Yes,Happy,Medium,Friends,No
45196,2690,38,Delhi,Morning,Weekend,North Indian,Lunch,Budget,172,Yes,34,6,3,No,Celebrating,Low,Friends,No
45197,2229,42,Delhi,Evening,Weekend,Fast Food,Dinner,Budget,419,No,62,3,4,No,Lazy,Medium,Family,Yes
45198,2742,35,Hyderabad,Afternoon,Weekend,North Indian,Snacks,Premium,566,No,52,13,2,Yes,Stressed,High,Friends,Yes
45199,4913,32,Bangalore,Night,Weekday,South Indian,Snacks,Mid-range,645,Yes,63,13,5,Yes,Lazy,High,Partner,Yes
45200,4790,19,Pune,Evening,Weekend,Biryani,Breakfast,Mid-range,157,No,80,7,4,Yes,Lazy,Low,Alone,Yes
45201,4559,20,Mumbai,Evening,Weekday,North Indian,Snacks,Budget,553,Yes,46,6,5,Yes,Stressed,Medium,Alone,Yes
45202,1389,37,Bangalore,Night,Weekday,Biryani,Snacks,Budget,404,No,94,2,2,Yes,Happy,High,Friends,Yes
45203,3364,19,Mumbai,Morning,Weekday,Biryani,Breakfast,Premium,407,No,81,11,3,No,Lazy,Low,Family,No
45204,4911,18,Delhi,Afternoon,Weekday,Fast Food,Dinner,Mid-range,835,No,56,3,3,No,Lazy,Medium,Family,No
45205,2229,20,Mumbai,Morning,Weekday,North Indian,Dinner,Premium,452,Yes,28,1,3,No,Celebrating,Low,Partner,Yes
45206,3125,20,Bangalore,Evening,Weekday,Desserts,Lunch,Budget,797,Yes,50,3,3,Yes,Celebrating,High,Friends,Yes
45207,4986,37,Bangalore,Evening,Weekday,Chinese,Snacks,Budget,588,Yes,23,11,4,No,Lazy,High,Partner,Yes
45208,1192,24,Pune,Morning,Weekday,Chinese,Snacks,Premium,202,Yes,48,13,5,Yes,Celebrating,High,Family,No
45209,1528,22,Pune,Afternoon,Weekday,South Indian,Snacks,Budget,636,No,68,11,1,Yes,Celebrating,Medium,Friends,No
45210,2210,38,Delhi,Night,Weekend,Chinese,Snacks,Budget,527,Yes,56,8,2,Yes,Lazy,Low,Alone,Yes
45211,2955,21,Chandigarh,Morning,Weekend,Chinese,Snacks,Mid-range,760,Yes,41,7,5,Yes,Happy,High,Family,No
45212,2156,28,Hyderabad,Night,Weekend,Fast Food,Snacks,Mid-range,677,No,54,4,1,No,Stressed,Low,Alone,Yes
45213,1655,23,Chandigarh,Evening,Weekend,Biryani,Dinner,Mid-range,512,No,71,1,4,No,Celebrating,Medium,Alone,Yes
45214,2555,32,Chandigarh,Evening,Weekday,Fast Food,Dinner,Mid-range,368,Yes,37,4,4,Yes,Celebrating,Medium,Alone,Yes
45215,1572,36,Bangalore,Afternoon,Weekend,Biryani,Dinner,Budget,784,No,54,12,4,No,Lazy,Medium,Alone,Yes
45216,3176,31,Bangalore,Evening,Weekend,Chinese,Lunch,Mid-range,722,No,20,1,5,No,Lazy,Medium,Family,No
45217,1491,22,Pune,Night,Weekend,North Indian,Breakfast,Budget,792,Yes,41,6,5,No,Stressed,High,Family,No
45218,2640,18,Bangalore,Night,Weekday,Desserts,Dinner,Budget,588,No,65,12,1,No,Lazy,Medium,Partner,No
45219,1786,33,Pune,Afternoon,Weekend,South Indian,Lunch,Mid-range,956,Yes,83,9,5,No,Celebrating,Medium,Friends,Yes
45220,2535,43,Chandigarh,Afternoon,Weekend,Desserts,Breakfast,Mid-range,711,Yes,30,12,1,No,Celebrating,Medium,Friends,No
45221,1340,31,Hyderabad,Night,Weekend,South Indian,Snacks,Budget,267,Yes,94,13,2,Yes,Stressed,Low,Friends,Yes
45222,1280,44,Mumbai,Morning,Weekend,South Indian,Snacks,Mid-range,535,Yes,89,8,2,No,Celebrating,Medium,Partner,No
45223,2585,24,Delhi,Morning,Weekday,Chinese,Dinner,Premium,145,Yes,98,12,5,No,Happy,High,Partner,Yes
45224,4539,22,Bangalore,Afternoon,Weekend,North Indian,Breakfast,Budget,410,No,38,13,4,No,Celebrating,Medium,Family,No
45225,2702,24,Pune,Night,Weekend,Biryani,Dinner,Mid-range,758,Yes,26,11,3,No,Lazy,Low,Family,Yes
45226,3602,24,Bangalore,Night,Weekend,Chinese,Breakfast,Budget,503,No,61,4,5,No,Happy,High,Family,No
45227,2968,24,Pune,Evening,Weekday,North Indian,Breakfast,Budget,293,Yes,49,6,2,No,Celebrating,Medium,Family,Yes
45228,3102,37,Delhi,Morning,Weekend,Fast Food,Snacks,Mid-range,840,Yes,41,9,5,No,Lazy,Medium,Alone,No
45229,4034,34,Hyderabad,Afternoon,Weekend,North Indian,Snacks,Mid-range,525,Yes,76,9,2,Yes,Lazy,Low,Alone,Yes
45230,4214,25,Bangalore,Evening,Weekday,Desserts,Dinner,Premium,284,Yes,37,3,4,Yes,Stressed,Low,Partner,No
45231,4560,22,Bangalore,Morning,Weekend,Biryani,Dinner,Mid-range,127,No,37,9,3,Yes,Stressed,Low,Family,Yes
45232,3416,38,Delhi,Night,Weekday,North Indian,Lunch,Budget,766,No,22,3,3,Yes,Happy,Medium,Friends,Yes
45233,3894,41,Hyderabad,Afternoon,Weekday,South Indian,Snacks,Premium,485,No,69,12,3,Yes,Lazy,High,Friends,No
45234,1056,33,Chandigarh,Night,Weekday,Desserts,Snacks,Premium,680,Yes,98,11,1,No,Stressed,Low,Alone,No
45235,1119,35,Pune,Night,Weekend,Fast Food,Snacks,Premium,617,Yes,33,6,1,Yes,Stressed,Medium,Partner,Yes
45236,1507,21,Pune,Afternoon,Weekday,Chinese,Breakfast,Premium,945,Yes,42,11,3,No,Celebrating,Medium,Friends,No
45237,4965,44,Mumbai,Morning,Weekday,Chinese,Snacks,Premium,745,Yes,77,13,2,Yes,Happy,High,Family,No
45238,1444,29,Hyderabad,Morning,Weekend,South Indian,Dinner,Premium,932,No,94,2,5,No,Lazy,Medium,Alone,No
45239,2460,24,Chandigarh,Evening,Weekend,South Indian,Lunch,Premium,932,Yes,89,13,1,Yes,Happy,High,Alone,Yes
45240,1685,40,Bangalore,Night,Weekday,North Indian,Breakfast,Budget,397,No,38,1,2,No,Lazy,High,Partner,Yes
45241,3578,32,Pune,Morning,Weekend,South Indian,Breakfast,Premium,370,No,53,14,5,No,Celebrating,Low,Partner,Yes
45242,1529,32,Delhi,Afternoon,Weekday,Desserts,Breakfast,Mid-range,339,Yes,49,5,4,Yes,Stressed,Low,Alone,No
45243,2235,21,Pune,Morning,Weekend,Fast Food,Snacks,Premium,363,No,32,8,3,No,Stressed,Low,Alone,Yes
45244,3188,26,Hyderabad,Evening,Weekday,South Indian,Lunch,Budget,117,No,42,13,1,Yes,Celebrating,Low,Partner,No
45245,4665,22,Hyderabad,Night,Weekend,Chinese,Dinner,Premium,112,Yes,20,14,1,No,Happy,High,Alone,No
45246,3745,21,Chandigarh,Morning,Weekend,North Indian,Snacks,Budget,184,No,25,2,5,Yes,Happy,Medium,Friends,Yes
45247,2493,31,Pune,Evening,Weekday,Biryani,Snacks,Mid-range,885,Yes,46,14,4,No,Lazy,Low,Friends,No
45248,1559,21,Mumbai,Afternoon,Weekend,South Indian,Snacks,Budget,876,No,43,2,3,Yes,Lazy,Low,Partner,No
45249,2814,26,Chandigarh,Evening,Weekday,South Indian,Breakfast,Mid-range,757,No,35,5,1,Yes,Stressed,Medium,Partner,Yes
45250,4306,27,Mumbai,Morning,Weekday,Biryani,Dinner,Budget,337,Yes,20,4,2,No,Celebrating,High,Partner,No
45251,1913,39,Delhi,Afternoon,Weekend,Fast Food,Dinner,Mid-range,282,No,45,9,2,No,Celebrating,Low,Alone,Yes
45252,2182,34,Bangalore,Evening,Weekday,Fast Food,Lunch,Budget,905,Yes,37,11,1,Yes,Stressed,Low,Alone,Yes
45253,3755,43,Delhi,Afternoon,Weekday,North Indian,Dinner,Budget,977,Yes,74,6,2,Yes,Celebrating,Medium,Friends,No
45254,3557,21,Pune,Morning,Weekend,North Indian,Breakfast,Budget,152,Yes,22,11,2,Yes,Stressed,High,Friends,Yes
45255,1964,19,Bangalore,Evening,Weekday,Chinese,Dinner,Premium,539,No,93,6,4,Yes,Lazy,Medium,Alone,Yes
45256,3083,36,Chandigarh,Morning,Weekday,Desserts,Dinner,Premium,518,No,93,5,5,No,Lazy,High,Partner,Yes
45257,1505,36,Hyderabad,Afternoon,Weekend,Chinese,Dinner,Mid-range,853,Yes,78,3,1,No,Celebrating,Low,Family,No
45258,1870,40,Pune,Afternoon,Weekend,Biryani,Breakfast,Budget,748,Yes,55,7,3,Yes,Stressed,Medium,Partner,Yes
45259,4731,42,Mumbai,Night,Weekday,Biryani,Snacks,Budget,914,Yes,37,10,2,Yes,Happy,Low,Alone,Yes
45260,2962,18,Pune,Morning,Weekday,Biryani,Breakfast,Budget,904,Yes,55,2,3,No,Happy,High,Partner,Yes
45261,2554,27,Delhi,Morning,Weekend,Desserts,Lunch,Premium,855,Yes,92,3,1,Yes,Happy,Medium,Alone,Yes
45262,2219,21,Pune,Evening,Weekend,South Indian,Snacks,Mid-range,661,No,86,4,3,Yes,Celebrating,High,Family,No
45263,2353,27,Bangalore,Morning,Weekend,Chinese,Lunch,Budget,295,No,86,14,5,Yes,Stressed,Low,Friends,No
45264,2172,19,Pune,Night,Weekend,South Indian,Lunch,Budget,380,No,93,4,3,Yes,Lazy,High,Family,Yes
45265,1058,27,Mumbai,Afternoon,Weekend,Fast Food,Snacks,Premium,724,Yes,89,11,2,Yes,Happy,Low,Partner,No
45266,1096,18,Bangalore,Evening,Weekday,North Indian,Breakfast,Budget,440,Yes,43,5,4,Yes,Celebrating,High,Family,No
45267,3667,34,Bangalore,Afternoon,Weekend,Desserts,Snacks,Mid-range,337,Yes,87,13,5,No,Stressed,High,Friends,No
45268,4864,26,Bangalore,Afternoon,Weekday,Fast Food,Snacks,Premium,337,Yes,72,12,2,No,Happy,Low,Friends,Yes
45269,4147,40,Delhi,Morning,Weekday,Desserts,Lunch,Budget,211,No,91,1,2,No,Lazy,High,Alone,No
45270,2594,30,Delhi,Afternoon,Weekday,Fast Food,Dinner,Budget,745,No,61,6,5,Yes,Stressed,Medium,Partner,Yes
45271,1650,25,Bangalore,Morning,Weekday,Fast Food,Breakfast,Premium,333,Yes,75,1,5,Yes,Stressed,High,Family,Yes
45272,4645,20,Chandigarh,Afternoon,Weekday,South Indian,Dinner,Premium,656,No,30,9,2,Yes,Lazy,High,Partner,No
45273,3419,30,Mumbai,Night,Weekend,Chinese,Lunch,Premium,201,No,67,3,2,No,Happy,High,Friends,No
45274,3960,34,Delhi,Night,Weekend,Chinese,Dinner,Budget,970,No,26,1,3,Yes,Stressed,Low,Alone,No
45275,1988,32,Bangalore,Afternoon,Weekend,Chinese,Breakfast,Premium,324,Yes,97,12,5,No,Stressed,Medium,Partner,Yes
45276,3933,39,Delhi,Night,Weekday,Biryani,Dinner,Premium,140,No,40,10,5,Yes,Stressed,Medium,Family,No
45277,3383,18,Delhi,Afternoon,Weekend,South Indian,Snacks,Premium,897,Yes,22,11,5,Yes,Happy,Low,Family,No
45278,1615,18,Pune,Afternoon,Weekend,North Indian,Lunch,Mid-range,496,No,89,9,4,No,Celebrating,Medium,Alone,No
45279,2674,36,Chandigarh,Afternoon,Weekday,Chinese,Dinner,Mid-range,618,No,52,11,2,No,Stressed,Medium,Partner,Yes
45280,1917,43,Mumbai,Morning,Weekday,Desserts,Dinner,Mid-range,593,Yes,92,7,5,No,Celebrating,High,Alone,Yes
45281,2296,19,Chandigarh,Afternoon,Weekend,Desserts,Snacks,Mid-range,270,Yes,83,7,4,Yes,Happy,Medium,Alone,Yes
45282,3985,18,Hyderabad,Evening,Weekend,Biryani,Snacks,Mid-range,711,Yes,91,12,5,Yes,Stressed,Low,Family,No
45283,4261,31,Pune,Morning,Weekend,Chinese,Lunch,Mid-range,879,Yes,91,9,1,No,Stressed,Medium,Friends,No
45284,4892,19,Mumbai,Evening,Weekend,Chinese,Breakfast,Mid-range,364,No,85,5,5,No,Celebrating,Medium,Partner,No
45285,1989,39,Hyderabad,Afternoon,Weekend,North Indian,Lunch,Budget,757,No,74,10,2,No,Happy,Medium,Partner,No
45286,2032,43,Mumbai,Morning,Weekend,Desserts,Lunch,Premium,536,Yes,25,12,3,Yes,Stressed,Medium,Alone,Yes
45287,2076,35,Mumbai,Afternoon,Weekday,Chinese,Lunch,Mid-range,785,No,86,9,3,Yes,Happy,Medium,Family,Yes
45288,4711,23,Delhi,Evening,Weekend,North Indian,Lunch,Premium,996,Yes,89,12,4,Yes,Lazy,Medium,Friends,Yes
45289,4795,18,Chandigarh,Morning,Weekend,North Indian,Dinner,Mid-range,251,Yes,50,10,2,Yes,Celebrating,Medium,Alone,Yes
45290,2580,36,Bangalore,Night,Weekday,North Indian,Breakfast,Mid-range,214,No,71,8,5,Yes,Stressed,High,Family,Yes
45291,3992,27,Pune,Afternoon,Weekend,Desserts,Lunch,Mid-range,995,No,85,13,3,No,Stressed,Medium,Partner,No
45292,2615,22,Chandigarh,Night,Weekend,Desserts,Snacks,Premium,522,Yes,90,5,3,Yes,Celebrating,Low,Friends,No
45293,1918,32,Hyderabad,Afternoon,Weekday,North Indian,Snacks,Premium,940,No,49,11,5,Yes,Happy,Medium,Partner,Yes
45294,3100,27,Delhi,Night,Weekend,Fast Food,Lunch,Budget,739,No,91,5,1,No,Stressed,High,Friends,No
45295,2004,39,Delhi,Night,Weekend,Desserts,Breakfast,Mid-range,826,Yes,35,2,4,Yes,Lazy,High,Friends,Yes
45296,1791,39,Hyderabad,Night,Weekend,North Indian,Breakfast,Budget,342,Yes,34,7,3,No,Stressed,Low,Family,Yes
45297,2922,33,Mumbai,Evening,Weekday,North Indian,Dinner,Mid-range,256,Yes,91,11,5,No,Lazy,Medium,Partner,Yes
45298,1525,43,Bangalore,Afternoon,Weekend,Biryani,Breakfast,Mid-range,147,Yes,50,5,2,Yes,Celebrating,High,Alone,No
45299,1896,18,Delhi,Evening,Weekday,North Indian,Dinner,Premium,742,Yes,82,6,3,Yes,Happy,Low,Alone,Yes
45300,4312,30,Delhi,Afternoon,Weekend,North Indian,Snacks,Mid-range,706,No,66,6,2,Yes,Happy,High,Alone,Yes
45301,2858,29,Mumbai,Night,Weekend,South Indian,Dinner,Budget,120,No,63,11,1,Yes,Happy,Medium,Family,Yes
45302,2105,22,Pune,Afternoon,Weekday,Fast Food,Snacks,Budget,312,Yes,42,1,3,No,Celebrating,High,Friends,No
45303,4907,28,Chandigarh,Evening,Weekday,South Indian,Breakfast,Mid-range,740,Yes,24,2,2,No,Lazy,High,Family,Yes
45304,1653,18,Chandigarh,Afternoon,Weekday,Biryani,Breakfast,Budget,771,Yes,31,10,2,No,Stressed,Medium,Family,Yes
45305,3625,44,Mumbai,Morning,Weekday,South Indian,Breakfast,Mid-range,854,No,61,9,2,Yes,Happy,High,Alone,Yes
45306,1253,28,Bangalore,Night,Weekend,Fast Food,Snacks,Premium,978,Yes,93,8,1,Yes,Celebrating,High,Alone,Yes
45307,3158,26,Mumbai,Afternoon,Weekday,North Indian,Dinner,Mid-range,881,No,33,14,5,Yes,Stressed,Low,Alone,Yes
45308,4289,27,Hyderabad,Afternoon,Weekend,South Indian,Snacks,Premium,110,Yes,91,14,4,No,Stressed,Medium,Friends,No
45309,1807,44,Hyderabad,Morning,Weekday,Fast Food,Dinner,Budget,562,Yes,44,14,5,Yes,Lazy,Low,Partner,Yes
45310,4985,33,Chandigarh,Night,Weekend,Biryani,Breakfast,Premium,990,Yes,30,10,4,No,Stressed,High,Partner,Yes
45311,2364,22,Bangalore,Evening,Weekend,Biryani,Lunch,Budget,144,Yes,50,5,4,No,Stressed,Low,Family,Yes
45312,4172,34,Mumbai,Morning,Weekday,South Indian,Dinner,Mid-range,725,No,60,10,3,Yes,Happy,Medium,Partner,No
45313,2640,36,Hyderabad,Night,Weekend,South Indian,Breakfast,Budget,311,Yes,25,12,1,No,Celebrating,Medium,Family,No
45314,1069,23,Chandigarh,Night,Weekday,North Indian,Breakfast,Mid-range,272,Yes,66,13,1,No,Lazy,High,Alone,Yes
45315,4541,35,Chandigarh,Morning,Weekend,North Indian,Snacks,Budget,581,No,67,5,4,Yes,Celebrating,Low,Alone,No
45316,3953,20,Chandigarh,Evening,Weekday,North Indian,Dinner,Premium,364,Yes,82,7,5,No,Lazy,Low,Family,No
45317,2620,21,Bangalore,Evening,Weekend,Desserts,Dinner,Premium,124,Yes,45,2,1,No,Celebrating,High,Alone,No
45318,1315,29,Delhi,Morning,Weekend,Fast Food,Lunch,Premium,161,No,67,9,4,No,Stressed,Medium,Alone,Yes
45319,2949,42,Bangalore,Morning,Weekday,North Indian,Dinner,Budget,567,No,43,6,4,Yes,Happy,High,Friends,No
45320,2627,29,Delhi,Evening,Weekend,South Indian,Lunch,Mid-range,291,Yes,86,14,3,Yes,Stressed,High,Alone,Yes
45321,3722,37,Bangalore,Night,Weekday,Chinese,Dinner,Premium,973,No,62,5,5,No,Happy,Medium,Partner,Yes
45322,4721,18,Delhi,Evening,Weekend,Desserts,Snacks,Premium,697,Yes,35,6,5,Yes,Happy,Low,Partner,Yes
45323,3231,42,Chandigarh,Morning,Weekday,Biryani,Breakfast,Premium,238,Yes,38,1,3,Yes,Celebrating,Low,Friends,No
45324,1504,27,Delhi,Afternoon,Weekend,Biryani,Breakfast,Budget,236,Yes,79,9,5,Yes,Celebrating,High,Partner,Yes
45325,3332,23,Mumbai,Morning,Weekday,Fast Food,Snacks,Premium,150,Yes,90,12,5,No,Stressed,Medium,Alone,Yes
45326,2492,19,Chandigarh,Evening,Weekend,South Indian,Lunch,Budget,750,Yes,28,8,1,No,Stressed,Medium,Friends,No
45327,4193,23,Mumbai,Morning,Weekend,South Indian,Lunch,Mid-range,154,No,57,3,5,No,Happy,Low,Friends,Yes
45328,2986,39,Pune,Night,Weekend,Biryani,Lunch,Mid-range,202,Yes,21,12,3,No,Celebrating,High,Alone,No
45329,1225,40,Bangalore,Afternoon,Weekday,North Indian,Snacks,Budget,552,Yes,97,9,3,No,Stressed,High,Partner,Yes
45330,2614,35,Chandigarh,Night,Weekday,Desserts,Dinner,Premium,206,No,79,13,1,Yes,Stressed,Medium,Friends,Yes
45331,1331,27,Mumbai,Afternoon,Weekday,Desserts,Lunch,Budget,881,No,73,11,2,No,Happy,Low,Friends,No
45332,1303,36,Hyderabad,Night,Weekend,North Indian,Snacks,Premium,653,No,28,11,4,No,Happy,Low,Alone,Yes
45333,2823,27,Bangalore,Evening,Weekday,Chinese,Dinner,Mid-range,692,No,47,3,2,No,Happy,High,Family,No
45334,3346,30,Chandigarh,Evening,Weekend,South Indian,Dinner,Premium,326,Yes,40,2,3,No,Celebrating,Low,Family,No
45335,1742,24,Chandigarh,Evening,Weekend,Chinese,Breakfast,Premium,529,Yes,56,6,4,No,Lazy,Low,Alone,No
45336,4916,40,Chandigarh,Afternoon,Weekend,Fast Food,Dinner,Mid-range,391,No,91,5,4,Yes,Stressed,Low,Alone,No
45337,1731,36,Delhi,Morning,Weekend,Desserts,Dinner,Premium,682,Yes,86,12,5,Yes,Lazy,Low,Partner,No
45338,4416,39,Mumbai,Evening,Weekday,South Indian,Dinner,Mid-range,829,No,62,7,1,Yes,Celebrating,Medium,Friends,No
45339,1486,19,Hyderabad,Night,Weekend,Biryani,Snacks,Budget,975,Yes,95,3,3,Yes,Happy,Low,Family,Yes
45340,2205,32,Mumbai,Evening,Weekday,Chinese,Dinner,Premium,922,Yes,22,1,2,Yes,Lazy,High,Friends,Yes
45341,1221,25,Bangalore,Evening,Weekend,South Indian,Dinner,Budget,537,No,22,12,5,No,Happy,Medium,Family,No
45342,2057,34,Bangalore,Night,Weekday,Desserts,Lunch,Mid-range,715,Yes,43,11,3,No,Happy,Low,Friends,Yes
45343,1383,26,Delhi,Afternoon,Weekday,Biryani,Breakfast,Budget,234,No,49,4,2,No,Lazy,High,Friends,No
45344,1898,23,Chandigarh,Morning,Weekday,Biryani,Snacks,Mid-range,132,No,26,4,2,Yes,Stressed,High,Alone,Yes
45345,3651,36,Delhi,Afternoon,Weekend,Chinese,Dinner,Mid-range,379,Yes,53,11,3,Yes,Stressed,High,Family,No
45346,4361,40,Delhi,Evening,Weekday,Biryani,Breakfast,Mid-range,257,Yes,55,10,3,No,Stressed,Low,Friends,No
45347,2062,36,Mumbai,Morning,Weekend,Chinese,Dinner,Budget,424,No,42,9,2,No,Lazy,Low,Alone,Yes
45348,3840,29,Delhi,Afternoon,Weekend,Desserts,Snacks,Budget,821,No,54,2,4,Yes,Celebrating,High,Alone,No
45349,2631,25,Chandigarh,Evening,Weekend,Fast Food,Snacks,Mid-range,325,No,64,2,3,Yes,Celebrating,Medium,Partner,No
45350,3126,42,Delhi,Afternoon,Weekend,Desserts,Dinner,Budget,530,Yes,71,11,5,Yes,Happy,Medium,Family,No
45351,2950,43,Hyderabad,Morning,Weekend,Fast Food,Breakfast,Mid-range,876,Yes,85,6,3,Yes,Lazy,High,Friends,Yes
45352,4879,32,Mumbai,Night,Weekday,South Indian,Snacks,Premium,678,No,20,8,3,Yes,Happy,High,Alone,Yes
45353,3735,29,Mumbai,Night,Weekday,South Indian,Breakfast,Budget,291,No,97,1,2,Yes,Lazy,Medium,Family,Yes
45354,1381,31,Mumbai,Morning,Weekday,South Indian,Breakfast,Premium,798,No,64,5,1,No,Celebrating,Medium,Family,Yes
45355,1383,43,Chandigarh,Morning,Weekday,North Indian,Lunch,Mid-range,972,Yes,46,7,3,Yes,Stressed,Low,Partner,No
45356,3608,29,Pune,Night,Weekend,Chinese,Lunch,Premium,666,No,39,4,1,No,Lazy,Low,Alone,Yes
45357,2229,18,Bangalore,Night,Weekday,South Indian,Snacks,Mid-range,252,Yes,83,8,2,Yes,Lazy,High,Partner,Yes
45358,1891,40,Mumbai,Afternoon,Weekend,South Indian,Dinner,Premium,896,Yes,64,3,2,Yes,Celebrating,High,Partner,No
45359,2536,41,Pune,Afternoon,Weekend,North Indian,Breakfast,Mid-range,297,Yes,70,12,1,No,Happy,Medium,Partner,No
45360,1001,37,Pune,Morning,Weekday,Fast Food,Breakfast,Premium,533,No,74,13,3,No,Happy,Medium,Friends,No
45361,4019,24,Pune,Morning,Weekend,Desserts,Lunch,Budget,353,No,28,3,1,Yes,Lazy,Medium,Family,Yes
45362,1325,29,Chandigarh,Afternoon,Weekday,South Indian,Breakfast,Mid-range,865,No,32,13,3,Yes,Stressed,High,Friends,Yes
45363,3081,28,Bangalore,Evening,Weekend,Fast Food,Dinner,Mid-range,280,Yes,81,5,1,Yes,Happy,Medium,Friends,No
45364,4092,18,Pune,Night,Weekday,North Indian,Snacks,Mid-range,385,No,97,4,5,No,Happy,Low,Partner,No
45365,2991,26,Mumbai,Morning,Weekday,Biryani,Snacks,Premium,352,No,78,6,3,Yes,Celebrating,High,Alone,Yes
45366,2784,28,Bangalore,Night,Weekday,South Indian,Lunch,Premium,175,Yes,92,1,1,No,Happy,Medium,Family,Yes
45367,3157,24,Chandigarh,Morning,Weekday,Chinese,Snacks,Mid-range,983,Yes,49,14,3,Yes,Happy,High,Alone,Yes
45368,4684,28,Pune,Night,Weekday,North Indian,Breakfast,Premium,840,Yes,75,7,3,Yes,Celebrating,Medium,Friends,Yes
45369,2802,31,Hyderabad,Morning,Weekend,Desserts,Breakfast,Mid-range,121,Yes,44,11,2,No,Stressed,Medium,Family,No
45370,4102,34,Delhi,Night,Weekend,Chinese,Dinner,Budget,919,No,84,12,3,No,Celebrating,High,Family,Yes
45371,4191,24,Chandigarh,Evening,Weekday,Desserts,Dinner,Premium,400,Yes,70,13,5,Yes,Lazy,Low,Partner,No
45372,1188,35,Chandigarh,Afternoon,Weekday,Chinese,Dinner,Premium,187,No,83,4,2,No,Lazy,Medium,Family,Yes
45373,1654,18,Bangalore,Afternoon,Weekend,Fast Food,Dinner,Premium,306,Yes,44,11,5,No,Lazy,Low,Family,Yes
45374,1040,23,Hyderabad,Morning,Weekend,Biryani,Lunch,Premium,163,No,57,10,4,Yes,Stressed,High,Alone,Yes
45375,2999,25,Chandigarh,Afternoon,Weekday,North Indian,Breakfast,Mid-range,248,No,30,14,2,Yes,Stressed,Low,Friends,No
45376,2053,42,Delhi,Evening,Weekday,South Indian,Snacks,Premium,481,Yes,79,1,1,Yes,Lazy,Medium,Partner,No
45377,3076,43,Pune,Night,Weekday,Fast Food,Dinner,Mid-range,812,Yes,86,9,1,No,Lazy,Medium,Alone,No
45378,1374,43,Chandigarh,Afternoon,Weekday,Desserts,Breakfast,Mid-range,486,Yes,99,8,4,No,Celebrating,Medium,Partner,No
45379,2838,31,Delhi,Afternoon,Weekend,Desserts,Snacks,Premium,532,Yes,91,1,1,No,Lazy,Medium,Family,Yes
45380,2556,39,Delhi,Morning,Weekday,South Indian,Lunch,Mid-range,477,Yes,41,7,4,Yes,Stressed,Medium,Family,Yes
45381,2855,22,Chandigarh,Morning,Weekday,South Indian,Breakfast,Budget,192,Yes,20,1,5,Yes,Happy,High,Alone,Yes
45382,4334,28,Hyderabad,Afternoon,Weekend,South Indian,Snacks,Mid-range,406,No,86,11,5,No,Happy,Low,Family,No
45383,1595,26,Chandigarh,Afternoon,Weekday,South Indian,Lunch,Budget,769,No,94,1,1,No,Lazy,Medium,Family,Yes
45384,3591,19,Delhi,Morning,Weekday,Chinese,Lunch,Mid-range,121,Yes,22,14,3,No,Stressed,Low,Alone,No
45385,4558,38,Mumbai,Afternoon,Weekend,Chinese,Lunch,Premium,900,No,48,10,3,No,Stressed,Low,Partner,No
45386,4389,18,Delhi,Morning,Weekday,Fast Food,Lunch,Premium,297,No,30,7,1,Yes,Celebrating,Low,Alone,No
45387,2326,25,Bangalore,Afternoon,Weekend,Biryani,Dinner,Mid-range,247,Yes,45,9,3,Yes,Stressed,High,Family,Yes
45388,2717,25,Bangalore,Morning,Weekday,South Indian,Dinner,Budget,993,No,20,7,4,No,Lazy,High,Family,No
45389,3408,29,Hyderabad,Night,Weekend,Chinese,Lunch,Budget,166,No,58,8,4,Yes,Lazy,High,Alone,No
45390,2456,27,Hyderabad,Evening,Weekday,North Indian,Snacks,Mid-range,546,No,40,10,3,No,Celebrating,Low,Family,No
45391,3826,35,Chandigarh,Evening,Weekday,South Indian,Snacks,Premium,202,No,21,14,4,Yes,Celebrating,Low,Family,No
45392,1955,24,Chandigarh,Evening,Weekday,North Indian,Lunch,Mid-range,228,No,71,4,1,Yes,Celebrating,High,Partner,No
45393,3477,19,Mumbai,Evening,Weekend,Biryani,Breakfast,Mid-range,157,No,76,9,5,Yes,Lazy,High,Partner,No
45394,1838,32,Hyderabad,Afternoon,Weekend,Biryani,Lunch,Mid-range,879,No,50,5,3,No,Stressed,Low,Family,Yes
45395,1437,42,Hyderabad,Afternoon,Weekend,North Indian,Lunch,Premium,788,Yes,38,11,5,Yes,Stressed,Medium,Family,No
45396,1997,21,Hyderabad,Evening,Weekday,Biryani,Snacks,Mid-range,904,Yes,98,1,1,No,Happy,High,Family,No
45397,3497,30,Hyderabad,Afternoon,Weekday,South Indian,Snacks,Budget,768,Yes,71,7,2,No,Lazy,Medium,Partner,No
45398,2289,43,Chandigarh,Morning,Weekend,Biryani,Lunch,Mid-range,854,No,29,13,5,Yes,Celebrating,Low,Partner,No
45399,3634,42,Chandigarh,Afternoon,Weekday,South Indian,Breakfast,Mid-range,462,Yes,98,6,2,Yes,Happy,Medium,Family,No
45400,1803,21,Mumbai,Morning,Weekday,North Indian,Dinner,Mid-range,867,Yes,69,12,3,Yes,Lazy,Medium,Alone,No
45401,3851,18,Bangalore,Night,Weekday,Desserts,Snacks,Budget,758,No,71,2,2,No,Stressed,High,Alone,No
45402,1193,27,Delhi,Afternoon,Weekday,Desserts,Dinner,Budget,331,Yes,39,4,2,Yes,Happy,Medium,Partner,No
45403,3297,22,Delhi,Afternoon,Weekday,Fast Food,Breakfast,Mid-range,194,No,69,10,1,Yes,Celebrating,High,Friends,Yes
45404,3268,43,Bangalore,Evening,Weekday,Desserts,Dinner,Budget,211,No,48,2,1,Yes,Lazy,Low,Family,No
45405,4870,38,Mumbai,Morning,Weekend,Desserts,Snacks,Mid-range,134,Yes,92,8,2,Yes,Happy,Medium,Partner,No
45406,1276,32,Chandigarh,Afternoon,Weekday,Chinese,Snacks,Mid-range,383,No,28,9,3,No,Stressed,High,Alone,Yes
45407,1356,32,Bangalore,Evening,Weekday,Chinese,Lunch,Mid-range,844,Yes,64,14,1,Yes,Stressed,Medium,Partner,No
45408,2475,31,Delhi,Night,Weekend,Biryani,Breakfast,Mid-range,264,Yes,83,1,2,Yes,Celebrating,High,Partner,Yes
45409,4885,27,Delhi,Night,Weekend,South Indian,Snacks,Budget,567,No,38,5,3,No,Stressed,High,Partner,No
45410,4719,29,Pune,Evening,Weekend,South Indian,Lunch,Budget,449,No,47,3,3,Yes,Celebrating,Low,Friends,No
45411,1111,29,Bangalore,Morning,Weekend,Fast Food,Snacks,Premium,633,No,92,13,4,Yes,Happy,Low,Partner,Yes
45412,1312,35,Delhi,Morning,Weekend,Chinese,Breakfast,Mid-range,263,No,67,1,1,No,Stressed,Low,Friends,Yes
45413,3543,25,Pune,Evening,Weekend,South Indian,Breakfast,Mid-range,775,Yes,97,5,2,Yes,Happy,Medium,Family,No
45414,3609,23,Hyderabad,Evening,Weekday,Biryani,Breakfast,Budget,566,No,85,3,2,Yes,Happy,High,Friends,No
45415,4829,25,Chandigarh,Afternoon,Weekday,South Indian,Snacks,Budget,991,Yes,96,7,5,No,Happy,Low,Alone,No
45416,2343,38,Bangalore,Morning,Weekend,Chinese,Dinner,Premium,151,No,22,5,2,No,Celebrating,Medium,Partner,No
45417,3623,44,Hyderabad,Evening,Weekend,Biryani,Breakfast,Budget,801,No,28,9,4,No,Happy,Low,Alone,Yes
45418,3459,32,Bangalore,Morning,Weekend,Biryani,Lunch,Budget,589,No,91,7,3,Yes,Celebrating,High,Friends,No
45419,1460,37,Bangalore,Afternoon,Weekend,South Indian,Dinner,Premium,504,No,74,11,5,Yes,Stressed,Low,Alone,Yes
45420,3614,21,Chandigarh,Afternoon,Weekend,Fast Food,Dinner,Budget,423,No,87,11,1,Yes,Stressed,High,Family,Yes
45421,2202,34,Mumbai,Night,Weekend,North Indian,Snacks,Premium,716,No,63,13,2,No,Happy,High,Alone,No
45422,2452,31,Delhi,Morning,Weekday,Fast Food,Dinner,Mid-range,177,No,49,5,4,No,Lazy,Medium,Family,No
45423,3867,42,Chandigarh,Evening,Weekend,Biryani,Breakfast,Budget,307,No,66,8,4,No,Celebrating,Low,Partner,No
45424,4486,26,Mumbai,Night,Weekend,North Indian,Snacks,Budget,263,No,30,12,4,No,Celebrating,Low,Friends,No
45425,2645,33,Pune,Afternoon,Weekday,Fast Food,Dinner,Budget,413,Yes,20,7,5,Yes,Happy,High,Friends,Yes
45426,1023,34,Delhi,Afternoon,Weekend,North Indian,Dinner,Premium,538,Yes,97,10,3,Yes,Lazy,Low,Friends,No
45427,1872,19,Hyderabad,Morning,Weekday,South Indian,Lunch,Mid-range,938,Yes,21,1,3,No,Happy,Low,Friends,Yes
45428,2638,30,Pune,Night,Weekend,Fast Food,Lunch,Mid-range,137,Yes,60,12,3,Yes,Celebrating,Medium,Family,Yes
45429,4733,25,Chandigarh,Evening,Weekend,North Indian,Lunch,Mid-range,635,No,53,9,3,Yes,Happy,High,Partner,No
45430,4330,36,Chandigarh,Night,Weekday,Biryani,Breakfast,Premium,482,Yes,53,1,3,No,Lazy,Medium,Friends,Yes
45431,2945,18,Delhi,Evening,Weekend,South Indian,Breakfast,Budget,648,No,63,1,4,No,Celebrating,High,Family,No
45432,4108,33,Bangalore,Morning,Weekday,South Indian,Snacks,Premium,423,Yes,83,9,1,Yes,Happy,Medium,Friends,No
45433,3094,43,Hyderabad,Evening,Weekend,Biryani,Breakfast,Premium,292,No,94,14,1,Yes,Stressed,Low,Alone,Yes
45434,1780,19,Bangalore,Morning,Weekday,Desserts,Lunch,Budget,596,Yes,83,8,4,No,Celebrating,Medium,Friends,Yes
45435,4990,22,Pune,Night,Weekday,Desserts,Lunch,Premium,754,No,78,7,3,Yes,Happy,High,Alone,No
45436,1840,36,Bangalore,Morning,Weekday,South Indian,Lunch,Mid-range,454,Yes,21,2,1,No,Stressed,High,Family,Yes
45437,2582,41,Pune,Evening,Weekend,Chinese,Breakfast,Mid-range,829,No,81,4,5,Yes,Stressed,Low,Alone,Yes
45438,1702,37,Mumbai,Morning,Weekday,South Indian,Lunch,Premium,985,No,35,10,3,No,Celebrating,Low,Alone,Yes
45439,4668,27,Pune,Afternoon,Weekend,Chinese,Dinner,Mid-range,118,Yes,37,6,3,Yes,Stressed,Low,Alone,No
45440,1206,33,Delhi,Afternoon,Weekday,Chinese,Lunch,Budget,283,Yes,67,5,1,No,Happy,Low,Family,Yes
45441,3407,29,Chandigarh,Night,Weekday,Biryani,Dinner,Budget,875,No,66,4,2,Yes,Happy,Low,Friends,Yes
45442,3191,25,Delhi,Night,Weekend,Biryani,Lunch,Mid-range,799,No,94,6,2,Yes,Happy,High,Alone,No
45443,3547,35,Bangalore,Afternoon,Weekend,Desserts,Breakfast,Mid-range,800,Yes,22,9,3,No,Stressed,Medium,Family,Yes
45444,1751,36,Mumbai,Evening,Weekend,Desserts,Snacks,Mid-range,779,Yes,57,3,1,No,Lazy,High,Partner,No
45445,1964,44,Hyderabad,Afternoon,Weekday,Desserts,Breakfast,Premium,832,No,70,1,3,Yes,Stressed,Medium,Family,Yes
45446,3281,42,Chandigarh,Afternoon,Weekend,Fast Food,Snacks,Budget,667,Yes,27,2,2,Yes,Stressed,High,Alone,No
45447,1668,30,Pune,Night,Weekend,South Indian,Snacks,Mid-range,149,No,89,2,5,Yes,Celebrating,High,Friends,Yes
45448,1212,23,Hyderabad,Evening,Weekend,Biryani,Breakfast,Budget,415,Yes,95,3,1,Yes,Happy,Low,Alone,Yes
45449,3611,23,Chandigarh,Evening,Weekday,Chinese,Snacks,Budget,328,Yes,87,9,1,Yes,Celebrating,Medium,Alone,No
45450,4396,19,Pune,Afternoon,Weekday,South Indian,Snacks,Mid-range,876,Yes,28,11,3,Yes,Lazy,High,Friends,No
45451,3607,19,Delhi,Evening,Weekend,Desserts,Breakfast,Mid-range,565,No,29,12,1,Yes,Happy,Medium,Partner,No
45452,4128,34,Bangalore,Afternoon,Weekday,Desserts,Dinner,Premium,857,Yes,20,1,2,No,Celebrating,Medium,Partner,No
45453,3909,31,Pune,Night,Weekend,Desserts,Breakfast,Budget,912,Yes,79,9,2,Yes,Celebrating,High,Partner,No
45454,2927,19,Mumbai,Afternoon,Weekend,Chinese,Breakfast,Budget,500,Yes,20,12,1,No,Celebrating,High,Friends,Yes
45455,1771,20,Chandigarh,Night,Weekend,South Indian,Lunch,Budget,133,No,80,1,4,No,Celebrating,Low,Family,Yes
45456,2401,41,Pune,Night,Weekend,South Indian,Snacks,Premium,968,Yes,46,13,1,No,Lazy,Low,Family,No
45457,4408,28,Hyderabad,Night,Weekend,Chinese,Breakfast,Mid-range,384,Yes,20,3,3,No,Happy,Medium,Partner,Yes
45458,3158,18,Pune,Night,Weekday,Biryani,Snacks,Mid-range,590,Yes,94,8,3,No,Happy,High,Friends,No
45459,2109,27,Chandigarh,Night,Weekday,Biryani,Snacks,Premium,434,Yes,48,1,5,Yes,Lazy,High,Alone,Yes
45460,2331,24,Chandigarh,Evening,Weekend,North Indian,Snacks,Budget,889,Yes,95,12,4,No,Celebrating,Medium,Family,No
45461,3756,22,Hyderabad,Night,Weekend,North Indian,Breakfast,Budget,622,Yes,57,3,5,Yes,Happy,High,Partner,No
45462,1970,22,Hyderabad,Night,Weekend,South Indian,Breakfast,Premium,965,Yes,96,9,2,Yes,Stressed,Low,Partner,No
45463,3944,26,Delhi,Night,Weekend,Biryani,Lunch,Budget,819,No,77,5,5,Yes,Happy,High,Family,No
45464,3830,37,Hyderabad,Evening,Weekend,North Indian,Snacks,Premium,486,Yes,22,9,4,No,Happy,Medium,Family,Yes
45465,2502,24,Delhi,Night,Weekday,Desserts,Dinner,Budget,732,Yes,81,14,2,Yes,Stressed,High,Partner,No
45466,4824,36,Delhi,Afternoon,Weekend,South Indian,Snacks,Mid-range,511,Yes,39,12,4,No,Lazy,Low,Friends,No
45467,1081,36,Bangalore,Evening,Weekend,Fast Food,Snacks,Budget,438,Yes,39,13,2,Yes,Celebrating,Low,Alone,No
45468,2291,35,Hyderabad,Evening,Weekend,Chinese,Snacks,Budget,842,Yes,83,5,5,Yes,Celebrating,Medium,Friends,Yes
45469,3754,31,Mumbai,Afternoon,Weekday,Biryani,Lunch,Premium,868,No,55,6,3,No,Lazy,High,Family,Yes
45470,3807,21,Bangalore,Evening,Weekend,Fast Food,Dinner,Mid-range,173,Yes,29,12,2,Yes,Lazy,Medium,Friends,No
45471,4156,27,Mumbai,Afternoon,Weekend,Fast Food,Breakfast,Budget,991,Yes,48,9,3,No,Stressed,Medium,Family,Yes
45472,2307,22,Hyderabad,Evening,Weekday,North Indian,Breakfast,Premium,729,No,87,8,1,Yes,Happy,Low,Family,Yes
45473,4732,40,Bangalore,Evening,Weekend,Fast Food,Lunch,Budget,244,No,48,9,3,No,Lazy,Low,Partner,Yes
45474,4561,37,Chandigarh,Night,Weekend,Biryani,Snacks,Premium,808,Yes,23,1,4,No,Stressed,Low,Family,No
45475,4691,18,Pune,Night,Weekend,Biryani,Breakfast,Mid-range,548,Yes,39,3,4,No,Celebrating,High,Partner,Yes
45476,3234,25,Bangalore,Night,Weekday,Fast Food,Dinner,Mid-range,121,No,38,9,5,Yes,Celebrating,Medium,Partner,Yes
45477,1693,19,Chandigarh,Night,Weekday,Chinese,Snacks,Budget,752,No,50,1,1,No,Celebrating,Medium,Family,Yes
45478,3157,37,Mumbai,Evening,Weekday,South Indian,Lunch,Mid-range,451,Yes,43,13,4,No,Stressed,Low,Friends,No
45479,4949,28,Chandigarh,Morning,Weekend,Chinese,Breakfast,Budget,397,No,42,1,4,No,Lazy,Medium,Family,Yes
45480,1380,34,Pune,Afternoon,Weekday,Fast Food,Lunch,Budget,823,Yes,69,8,4,Yes,Happy,Medium,Partner,Yes
45481,4575,28,Pune,Morning,Weekday,Desserts,Snacks,Premium,974,No,76,3,2,Yes,Stressed,Low,Friends,Yes
45482,2400,23,Hyderabad,Night,Weekday,Biryani,Lunch,Premium,768,Yes,97,1,4,Yes,Stressed,Medium,Friends,Yes
45483,1862,44,Delhi,Evening,Weekend,North Indian,Snacks,Mid-range,556,Yes,79,10,4,No,Stressed,High,Alone,Yes
45484,4328,24,Delhi,Afternoon,Weekend,South Indian,Lunch,Budget,433,Yes,67,7,1,Yes,Celebrating,High,Family,Yes
45485,2948,38,Chandigarh,Night,Weekday,Biryani,Breakfast,Mid-range,987,Yes,59,9,5,Yes,Celebrating,High,Alone,Yes
45486,3535,33,Delhi,Afternoon,Weekend,Desserts,Dinner,Budget,673,Yes,92,3,3,Yes,Celebrating,High,Partner,No
45487,3865,21,Chandigarh,Afternoon,Weekday,Chinese,Snacks,Budget,704,Yes,69,9,4,Yes,Happy,Medium,Partner,Yes
45488,1468,22,Bangalore,Evening,Weekday,Fast Food,Breakfast,Mid-range,865,Yes,49,11,1,No,Lazy,Low,Partner,Yes
45489,3435,22,Bangalore,Night,Weekday,Desserts,Lunch,Mid-range,375,Yes,65,10,5,Yes,Celebrating,Low,Family,No
45490,2310,40,Delhi,Afternoon,Weekday,South Indian,Snacks,Budget,400,Yes,84,5,4,No,Stressed,Low,Alone,Yes
45491,4397,39,Chandigarh,Afternoon,Weekday,Biryani,Dinner,Premium,789,Yes,35,9,3,Yes,Happy,Low,Partner,No
45492,2796,27,Hyderabad,Night,Weekend,Desserts,Dinner,Premium,371,Yes,27,7,2,No,Celebrating,Low,Partner,Yes
45493,3480,33,Delhi,Morning,Weekday,Fast Food,Lunch,Budget,907,No,53,2,2,Yes,Celebrating,High,Alone,Yes
45494,4607,41,Hyderabad,Afternoon,Weekend,Desserts,Dinner,Mid-range,442,Yes,92,11,2,No,Happy,Medium,Alone,Yes
45495,2362,21,Pune,Afternoon,Weekday,South Indian,Lunch,Mid-range,554,Yes,29,14,2,Yes,Celebrating,High,Friends,No
45496,4369,32,Pune,Morning,Weekday,Desserts,Breakfast,Budget,915,Yes,24,14,4,Yes,Stressed,High,Family,No
45497,2655,44,Mumbai,Morning,Weekday,South Indian,Dinner,Mid-range,583,No,47,2,4,No,Happy,Medium,Friends,No
45498,2348,20,Chandigarh,Evening,Weekday,South Indian,Dinner,Mid-range,851,Yes,50,6,3,Yes,Lazy,Low,Family,No
45499,4842,44,Mumbai,Night,Weekend,Desserts,Snacks,Budget,629,Yes,42,13,2,Yes,Lazy,High,Partner,Yes
45500,3717,35,Delhi,Night,Weekend,North Indian,Dinner,Mid-range,883,Yes,67,6,5,Yes,Stressed,Low,Family,No
45501,3455,40,Mumbai,Afternoon,Weekday,Desserts,Dinner,Mid-range,425,Yes,60,9,1,No,Happy,Medium,Alone,No
45502,2978,38,Chandigarh,Morning,Weekday,Fast Food,Breakfast,Mid-range,916,No,25,4,2,No,Stressed,High,Friends,No
45503,2365,18,Mumbai,Night,Weekend,Biryani,Lunch,Mid-range,794,Yes,91,3,1,Yes,Lazy,Medium,Alone,Yes
45504,1363,43,Bangalore,Morning,Weekend,Chinese,Snacks,Mid-range,470,No,46,7,5,No,Lazy,Low,Friends,Yes
45505,4628,30,Delhi,Evening,Weekday,Biryani,Dinner,Budget,268,No,79,3,2,Yes,Happy,Low,Family,No
45506,3652,30,Delhi,Night,Weekday,Biryani,Breakfast,Premium,933,No,91,11,3,Yes,Happy,Low,Friends,No
45507,2468,20,Hyderabad,Night,Weekend,North Indian,Breakfast,Mid-range,414,Yes,70,6,5,No,Happy,Medium,Friends,Yes
45508,1137,43,Pune,Night,Weekday,South Indian,Snacks,Premium,841,No,44,7,5,No,Lazy,Medium,Partner,No
45509,2843,23,Chandigarh,Night,Weekend,Fast Food,Breakfast,Mid-range,380,No,23,10,2,No,Celebrating,High,Family,Yes
45510,2389,33,Mumbai,Afternoon,Weekday,Desserts,Dinner,Mid-range,261,No,67,8,3,Yes,Lazy,High,Family,No
45511,4090,40,Chandigarh,Night,Weekday,Fast Food,Lunch,Premium,673,Yes,65,14,2,Yes,Lazy,Medium,Alone,Yes
45512,1050,25,Pune,Night,Weekend,Chinese,Snacks,Budget,814,Yes,25,4,1,No,Lazy,High,Family,Yes
45513,3062,35,Pune,Evening,Weekday,South Indian,Breakfast,Mid-range,782,Yes,53,5,3,Yes,Lazy,Medium,Partner,Yes
45514,4484,34,Chandigarh,Night,Weekend,Chinese,Breakfast,Mid-range,822,No,89,11,2,No,Lazy,Medium,Alone,Yes
45515,1804,18,Chandigarh,Afternoon,Weekend,Chinese,Lunch,Premium,796,No,31,9,2,Yes,Happy,Low,Family,Yes
45516,4153,36,Bangalore,Night,Weekend,South Indian,Lunch,Premium,629,No,61,12,5,No,Happy,Medium,Partner,Yes
45517,4847,38,Hyderabad,Night,Weekend,Fast Food,Lunch,Mid-range,731,No,57,10,4,Yes,Happy,Low,Friends,No
45518,2648,36,Hyderabad,Evening,Weekday,Desserts,Breakfast,Mid-range,140,No,26,7,1,No,Happy,Low,Alone,No
45519,4676,43,Pune,Afternoon,Weekend,Chinese,Dinner,Budget,924,Yes,93,14,1,No,Celebrating,High,Family,No
45520,3074,35,Hyderabad,Evening,Weekday,South Indian,Lunch,Mid-range,483,No,44,5,3,No,Happy,Low,Family,Yes
45521,1816,42,Pune,Afternoon,Weekday,Fast Food,Snacks,Budget,199,No,74,7,4,No,Stressed,High,Partner,Yes
45522,2673,19,Hyderabad,Afternoon,Weekend,Desserts,Lunch,Mid-range,395,Yes,69,2,2,Yes,Celebrating,Low,Alone,No
45523,3616,33,Pune,Evening,Weekday,North Indian,Snacks,Budget,239,No,52,10,4,No,Happy,Low,Family,Yes
45524,1526,22,Hyderabad,Morning,Weekend,Chinese,Lunch,Budget,405,No,72,11,2,No,Lazy,Low,Alone,Yes
45525,2075,29,Mumbai,Evening,Weekend,Desserts,Snacks,Premium,671,Yes,94,5,3,No,Stressed,Low,Partner,Yes
45526,2267,38,Pune,Morning,Weekday,Chinese,Snacks,Premium,514,Yes,91,14,3,Yes,Lazy,Medium,Friends,No
45527,3291,21,Bangalore,Night,Weekend,Fast Food,Lunch,Mid-range,581,Yes,43,14,4,No,Happy,High,Partner,No
45528,3833,43,Hyderabad,Afternoon,Weekday,South Indian,Dinner,Budget,395,Yes,28,1,5,No,Stressed,Medium,Family,No
45529,1021,34,Delhi,Night,Weekend,Desserts,Snacks,Mid-range,422,Yes,59,2,4,No,Stressed,High,Friends,No
45530,3378,40,Bangalore,Morning,Weekday,Biryani,Lunch,Budget,150,Yes,38,10,4,Yes,Celebrating,Low,Family,No
45531,4206,25,Bangalore,Afternoon,Weekend,North Indian,Breakfast,Premium,687,No,24,11,2,No,Celebrating,High,Family,No
45532,4946,33,Mumbai,Morning,Weekend,Biryani,Breakfast,Mid-range,696,Yes,58,14,2,No,Lazy,Low,Alone,No
45533,3062,27,Mumbai,Evening,Weekend,Fast Food,Snacks,Premium,865,No,87,13,1,Yes,Happy,Low,Alone,Yes
45534,3100,22,Mumbai,Afternoon,Weekday,Desserts,Breakfast,Mid-range,656,Yes,59,5,2,No,Celebrating,High,Family,Yes
45535,2931,43,Delhi,Morning,Weekday,South Indian,Snacks,Premium,494,No,66,1,4,Yes,Happy,High,Partner,Yes
45536,3758,37,Delhi,Afternoon,Weekday,Fast Food,Dinner,Premium,982,No,71,5,2,No,Lazy,Low,Friends,No
45537,2093,19,Delhi,Afternoon,Weekend,North Indian,Breakfast,Premium,517,No,54,1,3,No,Celebrating,Medium,Family,Yes
45538,2663,28,Bangalore,Night,Weekday,Desserts,Breakfast,Premium,138,No,62,14,3,Yes,Celebrating,Medium,Partner,Yes
45539,2108,27,Bangalore,Evening,Weekday,Biryani,Lunch,Premium,524,Yes,70,14,1,Yes,Celebrating,High,Family,No
45540,3929,20,Hyderabad,Afternoon,Weekend,Fast Food,Dinner,Premium,180,No,89,6,4,Yes,Happy,High,Partner,No
45541,1641,31,Hyderabad,Afternoon,Weekday,Biryani,Snacks,Mid-range,507,Yes,59,8,3,Yes,Celebrating,Low,Family,No
45542,4627,22,Pune,Morning,Weekday,Fast Food,Dinner,Premium,199,No,59,10,4,Yes,Stressed,Medium,Friends,No
45543,3557,27,Delhi,Evening,Weekday,Biryani,Lunch,Mid-range,838,No,76,12,3,No,Stressed,Low,Friends,No
45544,1564,22,Bangalore,Evening,Weekend,Desserts,Lunch,Budget,286,Yes,99,1,4,No,Celebrating,Medium,Friends,Yes
45545,4247,27,Pune,Evening,Weekday,Desserts,Breakfast,Budget,977,Yes,98,9,3,No,Lazy,Medium,Partner,No
45546,2425,30,Chandigarh,Afternoon,Weekend,North Indian,Snacks,Mid-range,158,No,29,3,5,No,Lazy,Low,Partner,No
45547,4827,18,Hyderabad,Morning,Weekend,South Indian,Lunch,Mid-range,829,No,80,11,3,No,Stressed,High,Family,Yes
45548,1438,32,Pune,Morning,Weekday,North Indian,Breakfast,Mid-range,989,Yes,43,12,3,Yes,Stressed,High,Friends,No
45549,1252,43,Pune,Evening,Weekend,Chinese,Lunch,Mid-range,165,Yes,75,9,5,No,Lazy,Low,Partner,No
45550,2716,21,Hyderabad,Night,Weekday,Desserts,Snacks,Budget,328,No,78,14,1,No,Celebrating,High,Partner,Yes
45551,2112,20,Chandigarh,Morning,Weekday,Desserts,Breakfast,Premium,499,No,80,11,2,No,Stressed,Medium,Family,No
45552,1516,32,Bangalore,Night,Weekday,Desserts,Dinner,Budget,997,No,24,12,5,No,Happy,High,Friends,No
45553,2323,29,Mumbai,Morning,Weekend,Desserts,Breakfast,Premium,726,No,84,10,4,No,Celebrating,Low,Friends,Yes
45554,3711,18,Bangalore,Morning,Weekend,Fast Food,Dinner,Budget,975,No,60,11,3,Yes,Happy,Medium,Friends,Yes
45555,4967,20,Bangalore,Evening,Weekend,Biryani,Snacks,Premium,337,Yes,24,5,2,No,Celebrating,Low,Family,Yes
45556,1009,23,Bangalore,Evening,Weekday,Desserts,Snacks,Budget,358,No,80,13,2,No,Celebrating,Medium,Friends,Yes
45557,3853,42,Mumbai,Morning,Weekend,Biryani,Snacks,Mid-range,260,No,39,3,4,No,Happy,Medium,Friends,No
45558,4077,21,Hyderabad,Evening,Weekend,Biryani,Lunch,Premium,706,Yes,68,3,4,No,Happy,High,Alone,Yes
45559,3121,35,Pune,Evening,Weekend,North Indian,Snacks,Budget,626,Yes,64,12,5,No,Lazy,Low,Partner,No
45560,3963,35,Pune,Night,Weekday,South Indian,Breakfast,Mid-range,772,Yes,76,4,2,No,Happy,High,Alone,Yes
45561,1355,44,Bangalore,Evening,Weekday,Fast Food,Breakfast,Mid-range,348,Yes,70,8,1,No,Stressed,Medium,Friends,No
45562,2359,25,Bangalore,Morning,Weekday,Chinese,Snacks,Budget,270,Yes,43,10,5,Yes,Celebrating,Medium,Friends,No
45563,3810,43,Delhi,Morning,Weekend,Desserts,Dinner,Mid-range,774,No,23,2,4,No,Celebrating,Medium,Alone,Yes
45564,2582,44,Delhi,Evening,Weekday,Chinese,Snacks,Budget,718,No,82,12,1,Yes,Celebrating,Low,Partner,No
45565,3483,36,Hyderabad,Afternoon,Weekend,South Indian,Snacks,Budget,982,No,96,6,5,Yes,Happy,Low,Alone,No
45566,4265,40,Chandigarh,Evening,Weekend,Biryani,Dinner,Budget,710,Yes,64,7,4,No,Happy,Medium,Friends,No
45567,2859,34,Pune,Morning,Weekday,Biryani,Snacks,Budget,547,No,70,9,3,No,Happy,High,Alone,Yes
45568,1798,34,Chandigarh,Morning,Weekend,Biryani,Lunch,Premium,281,No,77,7,5,Yes,Celebrating,Low,Alone,Yes
45569,2701,33,Chandigarh,Morning,Weekend,South Indian,Lunch,Mid-range,464,Yes,55,12,3,Yes,Lazy,High,Family,No
45570,4296,33,Bangalore,Night,Weekend,Desserts,Dinner,Mid-range,567,No,60,11,4,No,Celebrating,Low,Alone,No
45571,1786,39,Chandigarh,Night,Weekend,South Indian,Dinner,Mid-range,363,Yes,75,1,3,No,Lazy,Low,Friends,No
45572,3298,22,Chandigarh,Evening,Weekday,South Indian,Lunch,Premium,296,No,32,14,2,No,Lazy,High,Partner,Yes
45573,3326,32,Delhi,Evening,Weekend,Chinese,Dinner,Premium,883,No,23,13,1,Yes,Celebrating,Medium,Friends,No
45574,1415,33,Pune,Afternoon,Weekend,Chinese,Lunch,Budget,443,No,47,6,4,No,Celebrating,High,Friends,No
45575,2653,36,Mumbai,Night,Weekend,Fast Food,Breakfast,Budget,421,Yes,42,6,5,Yes,Celebrating,Low,Partner,Yes
45576,4977,37,Mumbai,Morning,Weekday,Fast Food,Breakfast,Budget,439,Yes,48,13,5,No,Celebrating,Medium,Family,Yes
45577,2340,26,Chandigarh,Evening,Weekend,South Indian,Snacks,Mid-range,722,Yes,37,9,3,No,Celebrating,Low,Friends,No
45578,4935,24,Mumbai,Night,Weekday,Fast Food,Lunch,Mid-range,385,Yes,78,13,2,Yes,Celebrating,Medium,Friends,Yes
45579,4637,31,Pune,Morning,Weekend,South Indian,Snacks,Budget,950,Yes,95,9,5,Yes,Stressed,Low,Family,No
45580,4107,30,Pune,Afternoon,Weekday,Biryani,Snacks,Premium,533,Yes,97,5,2,Yes,Happy,High,Family,No
45581,2699,26,Bangalore,Evening,Weekend,North Indian,Dinner,Mid-range,973,No,76,6,1,Yes,Happy,High,Partner,No
45582,4150,41,Bangalore,Night,Weekend,Chinese,Breakfast,Budget,811,No,31,4,2,No,Lazy,Medium,Alone,No
45583,4229,44,Bangalore,Morning,Weekend,Chinese,Dinner,Premium,817,No,82,6,4,Yes,Happy,Low,Friends,Yes
45584,3362,41,Chandigarh,Morning,Weekday,Fast Food,Snacks,Premium,909,Yes,74,13,4,No,Stressed,High,Family,Yes
45585,3424,21,Pune,Evening,Weekend,South Indian,Breakfast,Mid-range,299,Yes,93,3,5,Yes,Lazy,Medium,Alone,Yes
45586,3755,26,Hyderabad,Night,Weekend,Desserts,Snacks,Budget,777,No,63,4,1,Yes,Stressed,Medium,Alone,No
45587,1301,27,Bangalore,Evening,Weekday,Chinese,Snacks,Premium,754,Yes,31,11,5,Yes,Celebrating,Medium,Friends,No
45588,3891,19,Delhi,Evening,Weekend,Fast Food,Lunch,Mid-range,759,Yes,65,13,1,No,Stressed,High,Partner,No
45589,3796,29,Bangalore,Night,Weekend,Fast Food,Dinner,Mid-range,701,No,66,4,2,Yes,Happy,High,Partner,Yes
45590,3287,36,Mumbai,Night,Weekday,North Indian,Dinner,Mid-range,182,Yes,87,6,5,Yes,Happy,Medium,Friends,No
45591,1960,30,Mumbai,Afternoon,Weekend,Desserts,Breakfast,Premium,110,Yes,21,14,4,Yes,Celebrating,Low,Friends,No
45592,3354,19,Bangalore,Night,Weekday,Desserts,Snacks,Premium,407,Yes,88,14,4,No,Happy,Medium,Family,No
45593,4434,21,Bangalore,Evening,Weekday,South Indian,Dinner,Premium,472,Yes,39,1,4,Yes,Happy,Low,Partner,Yes
45594,3860,34,Pune,Afternoon,Weekend,South Indian,Lunch,Mid-range,355,Yes,61,11,1,Yes,Happy,High,Family,Yes
45595,4063,40,Bangalore,Morning,Weekend,Fast Food,Lunch,Premium,533,No,65,10,1,Yes,Celebrating,Medium,Alone,No
45596,4926,41,Mumbai,Morning,Weekday,Fast Food,Dinner,Budget,532,Yes,77,7,5,Yes,Happy,Medium,Friends,Yes
45597,3899,21,Mumbai,Night,Weekday,Biryani,Breakfast,Budget,770,No,82,10,4,Yes,Happy,Medium,Partner,No
45598,2984,30,Mumbai,Morning,Weekend,South Indian,Snacks,Premium,669,No,72,14,5,Yes,Lazy,Low,Family,No
45599,2369,30,Delhi,Night,Weekday,Chinese,Breakfast,Mid-range,204,No,24,9,5,No,Stressed,Low,Family,No
45600,2514,21,Mumbai,Morning,Weekend,Biryani,Breakfast,Budget,163,No,52,11,3,No,Happy,Medium,Family,No
45601,2342,31,Bangalore,Evening,Weekday,Desserts,Lunch,Premium,327,No,66,5,5,Yes,Lazy,Medium,Partner,No
45602,1198,27,Bangalore,Afternoon,Weekend,North Indian,Dinner,Premium,399,Yes,39,14,2,Yes,Happy,High,Friends,No
45603,4860,35,Delhi,Morning,Weekend,Desserts,Snacks,Premium,342,Yes,41,2,4,Yes,Happy,Low,Alone,Yes
45604,3824,33,Bangalore,Afternoon,Weekday,Biryani,Breakfast,Budget,383,Yes,67,3,1,Yes,Celebrating,High,Friends,Yes
45605,3709,39,Pune,Night,Weekend,Biryani,Lunch,Mid-range,766,Yes,36,2,2,Yes,Happy,Medium,Partner,Yes
45606,4094,20,Pune,Morning,Weekend,Chinese,Breakfast,Premium,787,No,21,9,3,No,Stressed,High,Family,Yes
45607,1795,43,Mumbai,Afternoon,Weekend,South Indian,Snacks,Premium,937,No,96,7,5,Yes,Lazy,Medium,Friends,Yes
45608,3770,39,Pune,Night,Weekday,Chinese,Breakfast,Mid-range,733,Yes,78,11,2,Yes,Happy,Medium,Alone,Yes
45609,1300,22,Pune,Morning,Weekend,Fast Food,Lunch,Mid-range,658,Yes,27,10,5,Yes,Happy,High,Friends,No
45610,2392,21,Hyderabad,Evening,Weekday,Desserts,Lunch,Budget,616,Yes,73,11,4,Yes,Stressed,Low,Friends,Yes
45611,2170,35,Bangalore,Evening,Weekday,Chinese,Snacks,Budget,338,No,45,5,1,Yes,Happy,Low,Partner,No
45612,1782,37,Bangalore,Night,Weekday,Biryani,Lunch,Premium,192,Yes,86,3,5,No,Happy,Low,Alone,No
45613,4298,43,Chandigarh,Night,Weekday,Desserts,Lunch,Budget,751,Yes,35,10,5,No,Stressed,High,Friends,No
45614,3383,35,Mumbai,Morning,Weekday,South Indian,Dinner,Budget,501,Yes,65,1,1,Yes,Lazy,Medium,Alone,Yes
45615,2318,35,Hyderabad,Morning,Weekend,Chinese,Dinner,Budget,285,No,35,14,2,Yes,Celebrating,High,Alone,No
45616,4728,41,Pune,Afternoon,Weekday,Fast Food,Lunch,Budget,102,No,86,4,5,Yes,Celebrating,Medium,Alone,Yes
45617,1572,26,Hyderabad,Evening,Weekday,Biryani,Dinner,Mid-range,250,Yes,71,5,4,No,Celebrating,High,Friends,No
45618,1120,32,Bangalore,Evening,Weekday,Chinese,Lunch,Premium,443,No,81,3,5,Yes,Lazy,Low,Alone,No
45619,1908,37,Hyderabad,Morning,Weekend,Chinese,Lunch,Mid-range,427,Yes,44,2,2,Yes,Lazy,Low,Friends,Yes
45620,2359,22,Pune,Evening,Weekday,Biryani,Dinner,Premium,979,Yes,47,10,4,Yes,Lazy,Low,Alone,No
45621,3018,40,Hyderabad,Afternoon,Weekday,Desserts,Dinner,Mid-range,150,No,51,13,2,Yes,Stressed,Medium,Alone,No
45622,3053,37,Delhi,Morning,Weekday,North Indian,Dinner,Budget,637,Yes,33,3,1,Yes,Stressed,Low,Alone,Yes
45623,4431,44,Hyderabad,Morning,Weekend,Fast Food,Breakfast,Premium,462,Yes,52,4,1,No,Happy,High,Alone,Yes
45624,2794,29,Bangalore,Night,Weekday,South Indian,Dinner,Premium,348,No,28,11,5,Yes,Stressed,High,Family,No
45625,1561,40,Chandigarh,Morning,Weekday,Fast Food,Lunch,Budget,881,Yes,97,3,2,No,Happy,Low,Alone,Yes
45626,2827,18,Bangalore,Evening,Weekday,Biryani,Breakfast,Mid-range,837,No,64,12,5,Yes,Celebrating,High,Friends,No
45627,3519,32,Mumbai,Evening,Weekday,Chinese,Breakfast,Mid-range,547,No,38,1,1,No,Stressed,High,Friends,Yes
45628,2333,31,Chandigarh,Evening,Weekend,Chinese,Breakfast,Mid-range,189,No,38,14,5,Yes,Happy,Medium,Friends,No
45629,1117,22,Hyderabad,Morning,Weekday,Fast Food,Snacks,Budget,820,No,32,13,5,No,Happy,Medium,Alone,No
45630,1531,34,Hyderabad,Night,Weekend,Desserts,Lunch,Mid-range,868,Yes,87,8,3,Yes,Celebrating,Low,Friends,Yes
45631,3857,25,Bangalore,Night,Weekend,North Indian,Snacks,Budget,444,No,51,7,2,No,Happy,Medium,Family,No
45632,1267,37,Delhi,Morning,Weekend,Fast Food,Lunch,Mid-range,160,No,58,6,5,Yes,Celebrating,Medium,Friends,Yes
45633,4813,32,Hyderabad,Morning,Weekday,Desserts,Breakfast,Mid-range,507,No,94,4,3,No,Stressed,High,Partner,No
45634,1006,44,Chandigarh,Night,Weekday,South Indian,Dinner,Budget,534,No,89,9,5,Yes,Lazy,High,Friends,Yes
45635,4070,24,Pune,Evening,Weekend,Fast Food,Dinner,Premium,683,Yes,41,6,2,No,Lazy,Medium,Partner,No
45636,2199,28,Bangalore,Afternoon,Weekday,Fast Food,Snacks,Budget,410,Yes,91,9,3,Yes,Celebrating,High,Partner,Yes
45637,3222,38,Pune,Evening,Weekday,South Indian,Snacks,Budget,188,No,27,10,2,Yes,Stressed,Medium,Partner,Yes
45638,2678,33,Chandigarh,Evening,Weekend,North Indian,Breakfast,Budget,722,No,98,11,4,Yes,Celebrating,Low,Friends,Yes
45639,1781,26,Pune,Afternoon,Weekday,Biryani,Dinner,Budget,833,Yes,92,5,2,No,Stressed,Low,Friends,Yes
45640,4957,26,Delhi,Morning,Weekday,Desserts,Dinner,Premium,135,No,61,3,4,Yes,Celebrating,High,Partner,No
45641,1053,32,Delhi,Night,Weekday,North Indian,Dinner,Mid-range,391,No,41,8,5,Yes,Happy,Low,Friends,No
45642,4587,21,Delhi,Morning,Weekend,North Indian,Dinner,Budget,246,Yes,97,11,3,Yes,Lazy,Low,Partner,Yes
45643,2532,41,Bangalore,Evening,Weekend,South Indian,Breakfast,Mid-range,955,Yes,86,13,2,No,Happy,Medium,Friends,No
45644,4944,25,Delhi,Evening,Weekday,Chinese,Dinner,Premium,457,Yes,32,3,1,No,Lazy,Low,Family,No
45645,2854,27,Delhi,Evening,Weekday,North Indian,Dinner,Budget,587,No,23,4,4,No,Lazy,Low,Alone,No
45646,1137,29,Mumbai,Morning,Weekend,North Indian,Breakfast,Mid-range,995,Yes,44,4,2,Yes,Stressed,High,Family,Yes
45647,1769,30,Chandigarh,Evening,Weekday,North Indian,Lunch,Budget,859,Yes,90,13,2,Yes,Stressed,High,Family,Yes
45648,2967,23,Pune,Night,Weekday,Biryani,Breakfast,Premium,650,No,96,6,3,No,Celebrating,High,Alone,No
45649,2859,35,Hyderabad,Morning,Weekend,Fast Food,Dinner,Budget,941,No,26,12,4,Yes,Celebrating,High,Friends,No
45650,3460,42,Pune,Afternoon,Weekend,Fast Food,Lunch,Budget,803,Yes,55,13,5,No,Happy,Low,Friends,Yes
45651,4606,37,Pune,Evening,Weekday,South Indian,Lunch,Budget,407,No,83,11,4,Yes,Celebrating,Low,Friends,No
45652,4522,21,Mumbai,Evening,Weekend,South Indian,Snacks,Premium,752,Yes,47,3,5,Yes,Celebrating,Medium,Alone,Yes
45653,3646,36,Mumbai,Night,Weekend,South Indian,Breakfast,Budget,651,No,37,4,3,No,Lazy,Low,Alone,Yes
45654,2851,26,Hyderabad,Evening,Weekday,South Indian,Snacks,Mid-range,922,No,68,1,1,Yes,Stressed,High,Family,Yes
45655,3200,28,Pune,Morning,Weekday,Desserts,Dinner,Premium,969,Yes,39,6,2,No,Lazy,Medium,Family,Yes
45656,3973,38,Hyderabad,Morning,Weekday,Biryani,Lunch,Budget,722,No,61,2,2,Yes,Lazy,High,Friends,Yes
45657,1922,26,Bangalore,Evening,Weekday,South Indian,Dinner,Mid-range,112,No,20,9,1,No,Stressed,Medium,Alone,Yes
45658,2392,34,Mumbai,Evening,Weekday,North Indian,Snacks,Budget,395,Yes,94,4,1,Yes,Stressed,Low,Alone,Yes
45659,3733,32,Pune,Night,Weekday,Desserts,Lunch,Mid-range,170,No,64,11,2,Yes,Lazy,Medium,Friends,Yes
45660,3341,25,Delhi,Afternoon,Weekday,Biryani,Dinner,Budget,464,No,89,13,1,No,Stressed,Medium,Alone,No
45661,1643,28,Hyderabad,Morning,Weekday,North Indian,Lunch,Premium,642,Yes,35,6,1,Yes,Stressed,Low,Partner,Yes
45662,1341,39,Bangalore,Morning,Weekend,Chinese,Breakfast,Budget,776,Yes,30,10,4,No,Lazy,Medium,Family,No
45663,1605,38,Delhi,Night,Weekday,North Indian,Snacks,Premium,352,No,61,4,5,Yes,Stressed,Low,Friends,Yes
45664,4862,36,Chandigarh,Morning,Weekend,North Indian,Lunch,Premium,568,No,21,7,2,Yes,Celebrating,High,Friends,Yes
45665,1037,43,Pune,Night,Weekend,Desserts,Dinner,Mid-range,483,No,81,6,5,Yes,Happy,High,Partner,No
45666,1032,34,Pune,Morning,Weekday,Desserts,Lunch,Premium,335,No,81,5,2,No,Stressed,Medium,Family,Yes
45667,4931,18,Hyderabad,Morning,Weekday,North Indian,Dinner,Mid-range,775,No,87,13,2,Yes,Lazy,Low,Friends,No
45668,4835,28,Hyderabad,Night,Weekend,South Indian,Dinner,Mid-range,786,Yes,85,9,2,Yes,Celebrating,Medium,Friends,Yes
45669,4723,21,Chandigarh,Night,Weekend,South Indian,Lunch,Budget,807,No,35,5,1,No,Celebrating,Low,Partner,Yes
45670,4505,28,Hyderabad,Night,Weekday,South Indian,Snacks,Premium,864,Yes,48,12,1,Yes,Lazy,Medium,Family,No
45671,2783,34,Delhi,Afternoon,Weekday,Fast Food,Breakfast,Mid-range,765,Yes,54,7,2,Yes,Stressed,Low,Alone,No
45672,2107,32,Bangalore,Night,Weekend,South Indian,Dinner,Premium,913,No,85,10,2,No,Lazy,Low,Friends,Yes
45673,1805,44,Chandigarh,Night,Weekend,North Indian,Snacks,Budget,903,Yes,96,6,1,No,Stressed,Low,Friends,No
45674,2053,42,Chandigarh,Evening,Weekday,South Indian,Breakfast,Mid-range,152,No,80,12,1,Yes,Lazy,High,Partner,No
45675,2166,35,Hyderabad,Afternoon,Weekday,Fast Food,Dinner,Premium,535,No,31,13,5,Yes,Lazy,High,Alone,Yes
45676,1350,31,Mumbai,Morning,Weekday,North Indian,Lunch,Premium,761,No,97,4,2,Yes,Celebrating,Medium,Friends,Yes
45677,1606,35,Delhi,Night,Weekday,Chinese,Breakfast,Budget,851,Yes,73,8,1,No,Stressed,Medium,Alone,Yes
45678,1865,29,Delhi,Night,Weekend,South Indian,Dinner,Mid-range,537,No,82,6,4,No,Stressed,High,Partner,No
45679,3498,19,Bangalore,Morning,Weekend,Biryani,Breakfast,Premium,441,No,73,13,5,No,Lazy,Medium,Partner,Yes
45680,2908,38,Hyderabad,Evening,Weekend,North Indian,Dinner,Premium,857,No,87,4,2,No,Celebrating,High,Partner,No
45681,3845,29,Delhi,Morning,Weekday,Chinese,Breakfast,Premium,465,Yes,36,9,3,Yes,Stressed,High,Alone,Yes
45682,3283,27,Pune,Night,Weekday,Chinese,Snacks,Premium,887,Yes,86,4,1,No,Lazy,Low,Alone,Yes
45683,2186,31,Chandigarh,Afternoon,Weekend,Chinese,Snacks,Budget,580,No,53,9,1,Yes,Lazy,Low,Family,No
45684,3751,41,Mumbai,Afternoon,Weekend,Biryani,Dinner,Premium,605,Yes,84,7,4,Yes,Lazy,High,Partner,Yes
45685,1332,44,Delhi,Night,Weekday,Fast Food,Breakfast,Budget,508,No,77,11,4,Yes,Stressed,Low,Friends,Yes
45686,2707,36,Pune,Afternoon,Weekday,Desserts,Dinner,Budget,615,Yes,61,14,3,Yes,Happy,Medium,Family,Yes
45687,3637,22,Hyderabad,Morning,Weekday,Chinese,Dinner,Premium,937,Yes,95,8,3,No,Celebrating,Medium,Alone,No
45688,2401,31,Hyderabad,Afternoon,Weekend,Desserts,Lunch,Premium,697,Yes,57,4,2,No,Lazy,High,Alone,Yes
45689,4052,42,Bangalore,Morning,Weekend,Biryani,Snacks,Mid-range,918,No,51,13,1,No,Stressed,High,Family,No
45690,4628,22,Chandigarh,Night,Weekday,North Indian,Dinner,Budget,267,Yes,95,5,5,No,Celebrating,Medium,Friends,Yes
45691,2810,37,Pune,Evening,Weekday,North Indian,Lunch,Premium,439,Yes,82,4,2,No,Stressed,High,Partner,Yes
45692,3232,24,Delhi,Evening,Weekday,Desserts,Dinner,Budget,468,Yes,72,10,4,Yes,Stressed,Low,Alone,No
45693,3543,32,Mumbai,Night,Weekend,North Indian,Dinner,Premium,312,No,57,10,2,No,Celebrating,Low,Family,No
45694,2227,33,Hyderabad,Evening,Weekday,Fast Food,Dinner,Mid-range,952,Yes,68,11,1,Yes,Stressed,Low,Partner,Yes
45695,3403,40,Pune,Night,Weekday,North Indian,Dinner,Premium,328,No,67,7,4,No,Stressed,Medium,Family,Yes
45696,3381,39,Chandigarh,Morning,Weekend,Chinese,Snacks,Mid-range,523,No,50,7,5,Yes,Happy,Medium,Friends,No
45697,4630,41,Hyderabad,Evening,Weekend,Desserts,Snacks,Mid-range,100,No,79,11,2,No,Happy,Low,Alone,No
45698,1125,27,Bangalore,Afternoon,Weekday,South Indian,Breakfast,Budget,135,No,28,13,1,Yes,Stressed,Medium,Friends,No
45699,4678,27,Delhi,Night,Weekday,Biryani,Dinner,Mid-range,417,No,94,2,3,Yes,Stressed,Low,Alone,Yes
45700,2285,27,Hyderabad,Morning,Weekend,Fast Food,Lunch,Budget,138,No,79,4,2,Yes,Lazy,Medium,Friends,No
45701,1637,35,Chandigarh,Evening,Weekday,Chinese,Lunch,Premium,535,No,76,9,1,Yes,Lazy,Medium,Alone,No
45702,2751,29,Chandigarh,Afternoon,Weekend,Desserts,Dinner,Budget,943,No,56,6,5,Yes,Stressed,Low,Family,No
45703,4650,43,Pune,Evening,Weekday,Fast Food,Dinner,Premium,995,No,52,1,2,Yes,Celebrating,Low,Family,No
45704,4473,20,Hyderabad,Evening,Weekday,South Indian,Snacks,Budget,498,No,45,2,1,Yes,Lazy,Medium,Partner,Yes
45705,1071,38,Mumbai,Afternoon,Weekday,Chinese,Breakfast,Budget,127,Yes,61,14,2,No,Stressed,Low,Alone,Yes
45706,4964,40,Chandigarh,Afternoon,Weekday,South Indian,Snacks,Premium,255,Yes,66,11,5,No,Stressed,Medium,Friends,Yes
45707,2071,36,Chandigarh,Evening,Weekday,Chinese,Snacks,Budget,943,No,44,4,2,Yes,Celebrating,Low,Family,Yes
45708,3865,42,Hyderabad,Morning,Weekday,Fast Food,Dinner,Premium,586,Yes,20,5,3,No,Stressed,High,Partner,Yes
45709,1742,33,Delhi,Afternoon,Weekday,Desserts,Breakfast,Premium,817,Yes,71,7,3,No,Lazy,Medium,Alone,No
45710,3471,42,Delhi,Afternoon,Weekend,South Indian,Snacks,Mid-range,119,Yes,57,11,4,Yes,Happy,Low,Friends,Yes
45711,3120,32,Delhi,Evening,Weekend,Fast Food,Breakfast,Budget,827,No,30,8,1,Yes,Stressed,Medium,Family,No
45712,1072,42,Hyderabad,Evening,Weekday,South Indian,Dinner,Budget,604,Yes,89,9,5,Yes,Stressed,Low,Partner,Yes
45713,2224,34,Chandigarh,Afternoon,Weekday,South Indian,Dinner,Premium,667,No,91,10,5,No,Happy,High,Family,No
45714,3099,39,Mumbai,Afternoon,Weekday,Desserts,Breakfast,Mid-range,755,Yes,57,13,4,Yes,Lazy,Medium,Friends,No
45715,4238,24,Hyderabad,Night,Weekend,Biryani,Snacks,Mid-range,689,No,83,13,2,No,Stressed,Medium,Partner,No
45716,2659,34,Pune,Night,Weekday,Chinese,Breakfast,Mid-range,403,No,43,7,4,No,Lazy,High,Alone,No
45717,3370,44,Delhi,Morning,Weekend,Fast Food,Dinner,Budget,293,Yes,47,10,5,Yes,Happy,Medium,Alone,No
45718,4098,40,Chandigarh,Evening,Weekday,South Indian,Lunch,Mid-range,788,Yes,62,11,5,No,Happy,Medium,Friends,Yes
45719,4585,20,Bangalore,Afternoon,Weekend,South Indian,Breakfast,Budget,800,No,76,11,3,No,Celebrating,High,Friends,No
45720,2892,43,Hyderabad,Evening,Weekend,Biryani,Dinner,Budget,869,No,99,3,5,Yes,Lazy,High,Partner,Yes
45721,4281,42,Bangalore,Morning,Weekday,Chinese,Snacks,Budget,486,Yes,54,14,1,Yes,Celebrating,Medium,Partner,Yes
45722,4162,43,Bangalore,Evening,Weekday,Fast Food,Breakfast,Budget,827,No,59,3,4,Yes,Stressed,High,Friends,No
45723,2981,20,Chandigarh,Afternoon,Weekend,North Indian,Snacks,Mid-range,235,No,62,13,1,No,Happy,Medium,Family,Yes
45724,1776,35,Mumbai,Evening,Weekend,Desserts,Lunch,Budget,171,No,63,2,1,No,Happy,Medium,Family,Yes
45725,3531,43,Mumbai,Night,Weekday,North Indian,Lunch,Budget,513,No,45,12,2,No,Celebrating,Medium,Alone,No
45726,2430,31,Bangalore,Night,Weekday,South Indian,Breakfast,Premium,253,Yes,72,10,2,No,Happy,Low,Alone,No
45727,2816,21,Bangalore,Evening,Weekday,Biryani,Snacks,Premium,206,No,46,4,4,Yes,Lazy,Medium,Partner,No
45728,2236,34,Hyderabad,Night,Weekday,North Indian,Dinner,Premium,260,Yes,34,3,4,Yes,Celebrating,Medium,Family,Yes
45729,2056,26,Hyderabad,Night,Weekday,Fast Food,Lunch,Mid-range,361,Yes,90,13,3,No,Stressed,High,Alone,Yes
45730,1318,19,Chandigarh,Evening,Weekend,Biryani,Breakfast,Mid-range,392,No,75,13,2,Yes,Stressed,High,Alone,No
45731,3612,24,Hyderabad,Evening,Weekday,Desserts,Snacks,Budget,942,Yes,82,10,5,No,Lazy,Medium,Partner,Yes
45732,3261,30,Hyderabad,Evening,Weekday,Desserts,Lunch,Budget,348,No,48,11,2,No,Happy,Medium,Family,Yes
45733,1782,36,Chandigarh,Morning,Weekday,Fast Food,Lunch,Mid-range,189,No,48,8,1,No,Stressed,Low,Friends,Yes
45734,4793,34,Chandigarh,Morning,Weekday,North Indian,Dinner,Budget,107,No,88,14,2,No,Celebrating,High,Friends,No
45735,2699,23,Chandigarh,Morning,Weekend,Chinese,Breakfast,Budget,622,No,77,3,4,Yes,Happy,Low,Friends,Yes
45736,2906,43,Bangalore,Afternoon,Weekday,Biryani,Lunch,Premium,752,No,88,12,2,No,Celebrating,Medium,Alone,No
45737,2407,21,Chandigarh,Morning,Weekend,South Indian,Dinner,Premium,674,Yes,29,14,2,Yes,Lazy,Medium,Alone,Yes
45738,3879,44,Bangalore,Evening,Weekday,North Indian,Snacks,Budget,620,No,43,10,2,No,Stressed,High,Family,No
45739,4883,19,Pune,Night,Weekday,Desserts,Breakfast,Premium,749,No,30,1,2,No,Stressed,Low,Alone,Yes
45740,1512,39,Delhi,Afternoon,Weekend,South Indian,Snacks,Premium,835,No,76,10,4,Yes,Celebrating,Low,Family,Yes
45741,4528,26,Delhi,Morning,Weekday,South Indian,Dinner,Mid-range,658,Yes,57,9,1,Yes,Happy,High,Alone,No
45742,1548,29,Pune,Morning,Weekday,Desserts,Lunch,Mid-range,617,Yes,34,9,4,No,Happy,Low,Family,Yes
45743,3471,36,Pune,Morning,Weekday,South Indian,Dinner,Premium,134,Yes,28,6,1,No,Happy,High,Partner,No
45744,3138,30,Chandigarh,Evening,Weekend,Biryani,Snacks,Budget,155,Yes,62,14,2,Yes,Celebrating,Low,Partner,No
45745,1420,41,Pune,Morning,Weekend,Desserts,Lunch,Mid-range,307,No,61,7,3,No,Celebrating,Low,Family,Yes
45746,4188,29,Bangalore,Morning,Weekday,Fast Food,Lunch,Premium,593,Yes,49,2,3,Yes,Lazy,Low,Family,No
45747,3460,42,Pune,Night,Weekday,Fast Food,Snacks,Premium,116,Yes,69,5,1,No,Lazy,Low,Friends,Yes
45748,2723,31,Delhi,Night,Weekday,Fast Food,Breakfast,Premium,971,No,76,10,4,No,Happy,Low,Family,Yes
45749,3508,37,Mumbai,Evening,Weekend,Desserts,Breakfast,Budget,123,Yes,44,10,3,No,Stressed,Medium,Friends,No
45750,3611,18,Pune,Evening,Weekend,Fast Food,Snacks,Premium,117,Yes,69,3,4,No,Stressed,Medium,Alone,Yes
45751,3290,33,Mumbai,Evening,Weekday,Fast Food,Snacks,Mid-range,923,No,79,8,3,Yes,Lazy,High,Alone,No
45752,2423,31,Bangalore,Afternoon,Weekend,South Indian,Dinner,Budget,382,No,34,11,2,Yes,Lazy,Medium,Partner,No
45753,2076,41,Bangalore,Evening,Weekday,North Indian,Snacks,Mid-range,214,No,45,4,1,Yes,Stressed,High,Friends,No
45754,2936,25,Mumbai,Morning,Weekend,Fast Food,Snacks,Mid-range,306,No,49,6,2,Yes,Stressed,Medium,Friends,No
45755,2717,28,Mumbai,Morning,Weekend,North Indian,Dinner,Mid-range,557,No,28,10,4,Yes,Happy,Medium,Family,No
45756,4253,19,Delhi,Morning,Weekend,Chinese,Dinner,Mid-range,105,Yes,29,4,2,No,Stressed,Medium,Family,No
45757,3915,28,Pune,Night,Weekend,Chinese,Lunch,Mid-range,639,Yes,84,6,1,Yes,Celebrating,High,Alone,No
45758,4050,44,Mumbai,Afternoon,Weekday,North Indian,Lunch,Mid-range,834,No,29,6,4,Yes,Happy,High,Family,Yes
45759,2464,43,Chandigarh,Morning,Weekday,North Indian,Dinner,Premium,307,No,81,14,4,Yes,Stressed,High,Partner,Yes
45760,2825,40,Delhi,Evening,Weekday,North Indian,Lunch,Budget,300,No,26,10,3,No,Happy,Medium,Partner,Yes
45761,2669,27,Hyderabad,Morning,Weekday,Desserts,Lunch,Premium,588,Yes,31,4,3,Yes,Happy,Medium,Alone,Yes
45762,1516,29,Delhi,Night,Weekend,Desserts,Snacks,Premium,463,Yes,96,4,2,Yes,Stressed,Medium,Alone,Yes
45763,2887,34,Mumbai,Evening,Weekday,Fast Food,Lunch,Budget,484,No,56,9,2,Yes,Happy,Low,Partner,No
45764,4741,30,Bangalore,Morning,Weekend,Fast Food,Snacks,Premium,167,Yes,59,7,1,No,Happy,Low,Friends,Yes
45765,2368,26,Bangalore,Afternoon,Weekend,North Indian,Dinner,Budget,579,No,25,6,1,Yes,Happy,High,Alone,No
45766,4889,27,Mumbai,Evening,Weekday,South Indian,Breakfast,Budget,358,No,88,10,3,Yes,Stressed,Medium,Alone,No
45767,3984,37,Hyderabad,Morning,Weekday,Desserts,Dinner,Premium,523,No,51,6,5,No,Celebrating,Medium,Friends,No
45768,1560,20,Delhi,Evening,Weekend,Biryani,Lunch,Premium,440,No,72,4,2,Yes,Happy,High,Alone,Yes
45769,1350,27,Bangalore,Morning,Weekend,Biryani,Lunch,Premium,623,Yes,72,5,2,No,Happy,Medium,Friends,No
45770,1302,18,Hyderabad,Night,Weekend,Chinese,Dinner,Mid-range,105,Yes,29,10,3,No,Happy,Medium,Partner,Yes
45771,2589,40,Bangalore,Afternoon,Weekend,Desserts,Lunch,Budget,190,Yes,45,6,5,Yes,Celebrating,High,Family,Yes
45772,3294,20,Hyderabad,Night,Weekend,Biryani,Snacks,Mid-range,156,Yes,94,5,3,Yes,Stressed,Medium,Family,Yes
45773,4084,20,Chandigarh,Evening,Weekend,Fast Food,Snacks,Budget,645,No,89,6,5,Yes,Lazy,High,Friends,No
45774,2967,29,Chandigarh,Morning,Weekday,Biryani,Lunch,Budget,435,No,25,2,3,No,Happy,Medium,Alone,Yes
45775,4995,23,Pune,Evening,Weekend,South Indian,Lunch,Budget,319,Yes,40,9,4,No,Stressed,Medium,Family,No
45776,4268,34,Pune,Morning,Weekend,North Indian,Breakfast,Budget,958,Yes,85,12,2,Yes,Happy,High,Alone,Yes
45777,3335,30,Pune,Evening,Weekday,Biryani,Lunch,Mid-range,872,No,63,8,5,No,Lazy,Medium,Family,No
45778,3641,37,Bangalore,Afternoon,Weekend,Fast Food,Snacks,Mid-range,733,Yes,92,10,1,Yes,Happy,Low,Partner,No
45779,3555,29,Delhi,Morning,Weekend,South Indian,Lunch,Budget,488,Yes,24,8,3,Yes,Happy,High,Friends,No
45780,2750,34,Mumbai,Evening,Weekday,South Indian,Dinner,Budget,733,Yes,58,9,2,Yes,Celebrating,High,Alone,No
45781,4710,25,Mumbai,Afternoon,Weekday,South Indian,Lunch,Mid-range,840,Yes,63,11,1,No,Celebrating,Medium,Alone,No
45782,2773,41,Pune,Afternoon,Weekday,Desserts,Breakfast,Mid-range,442,Yes,57,10,1,Yes,Celebrating,High,Family,No
45783,4502,43,Delhi,Afternoon,Weekend,Desserts,Dinner,Budget,385,Yes,53,8,5,Yes,Lazy,High,Family,Yes
45784,3284,31,Hyderabad,Afternoon,Weekend,North Indian,Breakfast,Premium,684,Yes,58,8,5,Yes,Celebrating,Low,Partner,No
45785,4611,20,Hyderabad,Morning,Weekday,South Indian,Lunch,Premium,776,Yes,74,6,3,Yes,Celebrating,Low,Alone,Yes
45786,3390,29,Hyderabad,Morning,Weekend,Fast Food,Dinner,Premium,736,No,95,1,2,No,Happy,High,Family,No
45787,4827,24,Mumbai,Afternoon,Weekday,Fast Food,Breakfast,Premium,219,No,76,4,4,No,Celebrating,Low,Friends,No
45788,2260,35,Mumbai,Afternoon,Weekend,South Indian,Lunch,Mid-range,893,No,77,14,2,No,Happy,Low,Friends,No
45789,1661,28,Hyderabad,Morning,Weekday,Desserts,Lunch,Premium,577,Yes,91,11,5,Yes,Celebrating,Low,Friends,No
45790,1901,31,Bangalore,Afternoon,Weekday,Biryani,Breakfast,Mid-range,861,Yes,49,13,5,Yes,Lazy,Medium,Family,Yes
45791,2613,33,Hyderabad,Morning,Weekday,South Indian,Lunch,Budget,130,No,57,2,5,No,Celebrating,Low,Alone,Yes
45792,1209,18,Hyderabad,Afternoon,Weekday,Fast Food,Dinner,Mid-range,747,No,56,11,2,No,Stressed,High,Alone,No
45793,4237,35,Hyderabad,Evening,Weekend,Fast Food,Breakfast,Budget,122,Yes,28,10,2,No,Celebrating,Medium,Friends,No
45794,3265,27,Delhi,Night,Weekday,Fast Food,Dinner,Budget,465,Yes,43,14,2,Yes,Stressed,High,Partner,No
45795,3025,32,Chandigarh,Afternoon,Weekday,Fast Food,Breakfast,Budget,755,No,77,3,4,Yes,Celebrating,Medium,Partner,No
45796,4006,32,Hyderabad,Afternoon,Weekend,Desserts,Snacks,Premium,166,No,47,4,1,Yes,Happy,Low,Family,No
45797,3821,27,Mumbai,Night,Weekday,Biryani,Dinner,Premium,617,No,77,9,2,No,Happy,Medium,Alone,Yes
45798,1565,40,Hyderabad,Evening,Weekday,Biryani,Lunch,Mid-range,141,No,94,9,3,Yes,Lazy,High,Partner,Yes
45799,2098,35,Chandigarh,Afternoon,Weekday,Biryani,Snacks,Mid-range,626,No,43,9,1,Yes,Lazy,High,Partner,Yes
45800,1344,40,Pune,Morning,Weekday,Fast Food,Snacks,Premium,840,Yes,30,5,4,No,Happy,High,Alone,Yes
45801,1144,37,Bangalore,Night,Weekday,Fast Food,Snacks,Budget,448,Yes,76,7,2,No,Lazy,Medium,Partner,Yes
45802,2829,24,Chandigarh,Afternoon,Weekend,Fast Food,Lunch,Premium,413,No,76,5,3,Yes,Happy,Low,Family,Yes
45803,3933,41,Mumbai,Night,Weekday,Biryani,Snacks,Budget,979,Yes,25,3,3,Yes,Stressed,Medium,Friends,No
45804,4034,36,Hyderabad,Night,Weekend,Chinese,Lunch,Mid-range,548,No,49,6,3,No,Lazy,High,Partner,No
45805,1909,38,Delhi,Night,Weekend,Biryani,Lunch,Mid-range,495,Yes,58,7,3,Yes,Happy,Low,Partner,Yes
45806,3357,44,Chandigarh,Afternoon,Weekend,Fast Food,Dinner,Mid-range,544,No,20,4,5,No,Stressed,High,Partner,Yes
45807,3275,32,Hyderabad,Morning,Weekday,Chinese,Lunch,Mid-range,482,Yes,90,1,3,No,Happy,Low,Friends,No
45808,3497,24,Mumbai,Afternoon,Weekend,Chinese,Dinner,Premium,705,Yes,36,13,4,No,Stressed,Low,Friends,Yes
45809,4028,21,Mumbai,Evening,Weekend,Biryani,Breakfast,Premium,319,No,28,11,2,Yes,Stressed,Low,Alone,No
45810,2062,19,Delhi,Afternoon,Weekend,Biryani,Breakfast,Mid-range,278,No,45,5,2,No,Happy,Low,Partner,Yes
45811,4148,38,Mumbai,Night,Weekday,Biryani,Snacks,Premium,230,Yes,88,9,1,Yes,Stressed,Medium,Family,Yes
45812,1289,18,Mumbai,Afternoon,Weekend,South Indian,Breakfast,Mid-range,815,No,55,12,5,No,Stressed,High,Alone,No
45813,4917,27,Chandigarh,Morning,Weekend,North Indian,Dinner,Premium,243,Yes,23,4,5,No,Happy,Medium,Alone,No
45814,3618,31,Mumbai,Evening,Weekend,South Indian,Lunch,Mid-range,218,Yes,59,9,2,No,Lazy,Medium,Alone,Yes
45815,2965,29,Delhi,Night,Weekend,South Indian,Breakfast,Premium,131,No,57,11,4,No,Celebrating,High,Friends,No
45816,3009,20,Chandigarh,Afternoon,Weekend,South Indian,Snacks,Mid-range,418,Yes,61,9,4,Yes,Lazy,Medium,Family,No
45817,4660,44,Pune,Night,Weekday,Fast Food,Breakfast,Budget,666,No,58,13,3,Yes,Lazy,High,Alone,Yes
45818,4764,25,Mumbai,Afternoon,Weekday,Chinese,Dinner,Budget,512,Yes,96,2,2,Yes,Stressed,High,Partner,No
45819,2078,20,Chandigarh,Night,Weekend,South Indian,Lunch,Budget,261,No,29,11,2,Yes,Stressed,Low,Family,No
45820,1604,19,Hyderabad,Afternoon,Weekend,South Indian,Breakfast,Budget,379,No,88,3,2,No,Lazy,High,Alone,Yes
45821,4106,34,Delhi,Night,Weekend,Biryani,Lunch,Premium,523,No,59,10,1,No,Stressed,Medium,Partner,No
45822,4752,31,Delhi,Morning,Weekday,North Indian,Snacks,Budget,867,Yes,78,1,3,Yes,Lazy,Low,Partner,Yes
45823,4840,22,Hyderabad,Afternoon,Weekday,Biryani,Dinner,Premium,161,No,89,3,2,No,Celebrating,Medium,Alone,No
45824,2853,27,Chandigarh,Afternoon,Weekday,Biryani,Breakfast,Budget,178,No,80,11,2,No,Stressed,High,Alone,Yes
45825,1294,26,Delhi,Afternoon,Weekend,Chinese,Breakfast,Budget,127,Yes,63,8,4,No,Lazy,Medium,Family,No
45826,1933,24,Bangalore,Morning,Weekend,Fast Food,Snacks,Budget,722,Yes,28,4,3,Yes,Happy,Medium,Family,No
45827,3896,19,Pune,Morning,Weekday,Chinese,Snacks,Premium,756,Yes,69,13,5,Yes,Lazy,Low,Partner,Yes
45828,2108,40,Pune,Evening,Weekend,Desserts,Snacks,Mid-range,646,No,33,12,4,Yes,Happy,Low,Partner,No
45829,4464,28,Hyderabad,Afternoon,Weekday,North Indian,Breakfast,Budget,235,No,71,7,2,No,Happy,Low,Family,No
45830,2985,42,Delhi,Afternoon,Weekday,Desserts,Dinner,Budget,981,Yes,39,13,1,Yes,Lazy,Low,Partner,Yes
45831,4697,42,Mumbai,Morning,Weekday,Biryani,Snacks,Mid-range,173,No,71,9,5,No,Stressed,Low,Partner,No
45832,3439,32,Hyderabad,Evening,Weekday,Chinese,Snacks,Mid-range,862,Yes,36,4,4,Yes,Happy,Low,Friends,No
45833,1308,32,Bangalore,Evening,Weekend,Chinese,Dinner,Premium,327,No,76,1,1,Yes,Happy,High,Partner,Yes
45834,4415,27,Mumbai,Night,Weekend,Desserts,Lunch,Mid-range,394,Yes,35,13,5,Yes,Celebrating,Medium,Alone,Yes
45835,4804,27,Delhi,Afternoon,Weekday,Chinese,Dinner,Premium,498,No,97,10,5,No,Stressed,Medium,Partner,Yes
45836,2899,28,Chandigarh,Morning,Weekend,North Indian,Breakfast,Budget,632,Yes,56,11,1,No,Celebrating,High,Friends,No
45837,1249,31,Pune,Morning,Weekday,Biryani,Breakfast,Budget,756,Yes,83,13,5,Yes,Happy,High,Family,No
45838,4390,25,Bangalore,Evening,Weekend,Biryani,Dinner,Budget,467,No,57,7,3,No,Happy,High,Family,No
45839,4337,40,Delhi,Evening,Weekday,Chinese,Dinner,Budget,810,No,83,5,1,Yes,Happy,High,Friends,No
45840,2035,24,Pune,Afternoon,Weekend,Desserts,Dinner,Mid-range,148,No,52,8,1,No,Stressed,Medium,Friends,No
45841,2371,27,Hyderabad,Night,Weekend,Desserts,Snacks,Budget,756,No,35,13,3,No,Lazy,Medium,Friends,No
45842,1877,41,Delhi,Morning,Weekend,Fast Food,Dinner,Budget,691,No,57,4,3,Yes,Stressed,High,Partner,Yes
45843,3012,26,Pune,Night,Weekday,South Indian,Breakfast,Premium,576,Yes,66,14,3,No,Happy,Medium,Friends,No
45844,4288,29,Pune,Afternoon,Weekday,Chinese,Breakfast,Mid-range,574,Yes,46,7,1,Yes,Stressed,Medium,Friends,No
45845,4011,37,Delhi,Evening,Weekday,Biryani,Breakfast,Premium,316,Yes,30,13,5,Yes,Stressed,Medium,Alone,No
45846,3701,41,Pune,Night,Weekday,Desserts,Lunch,Mid-range,293,Yes,98,9,4,No,Stressed,Low,Friends,No
45847,4778,44,Delhi,Afternoon,Weekend,Chinese,Breakfast,Mid-range,586,No,34,5,1,No,Happy,Medium,Friends,No
45848,1233,20,Pune,Evening,Weekday,Desserts,Dinner,Premium,515,Yes,71,2,2,Yes,Happy,High,Partner,Yes
45849,2166,37,Hyderabad,Night,Weekend,North Indian,Dinner,Mid-range,514,Yes,40,9,5,Yes,Celebrating,Medium,Family,No
45850,2437,24,Mumbai,Afternoon,Weekday,Chinese,Breakfast,Premium,762,Yes,54,6,5,No,Happy,Low,Partner,No
45851,2615,39,Chandigarh,Afternoon,Weekend,Fast Food,Lunch,Mid-range,682,Yes,96,13,3,Yes,Celebrating,High,Family,Yes
45852,4809,34,Delhi,Evening,Weekday,Desserts,Dinner,Premium,927,Yes,42,8,1,Yes,Lazy,High,Friends,Yes
45853,3025,24,Pune,Night,Weekend,North Indian,Snacks,Budget,668,Yes,31,4,5,No,Stressed,High,Family,No
45854,1682,25,Pune,Evening,Weekday,Chinese,Lunch,Premium,330,Yes,48,10,4,Yes,Lazy,High,Alone,Yes
45855,3525,32,Bangalore,Afternoon,Weekend,Biryani,Snacks,Premium,498,No,99,5,1,No,Stressed,High,Alone,Yes
45856,2127,28,Hyderabad,Evening,Weekday,South Indian,Dinner,Premium,182,Yes,88,10,5,Yes,Lazy,High,Alone,Yes
45857,1012,42,Bangalore,Afternoon,Weekday,Biryani,Snacks,Budget,374,No,75,11,3,No,Stressed,Medium,Alone,No
45858,1264,30,Hyderabad,Night,Weekday,Desserts,Snacks,Premium,413,No,22,11,4,No,Happy,High,Family,No
45859,4614,38,Bangalore,Night,Weekend,Desserts,Breakfast,Premium,261,No,42,4,3,Yes,Stressed,High,Friends,No
45860,1650,33,Mumbai,Evening,Weekday,Biryani,Breakfast,Premium,551,Yes,87,7,5,Yes,Celebrating,Medium,Family,Yes
45861,4416,33,Pune,Afternoon,Weekday,North Indian,Lunch,Mid-range,229,Yes,83,13,2,Yes,Happy,High,Family,No
45862,3556,39,Chandigarh,Afternoon,Weekday,Biryani,Breakfast,Mid-range,133,Yes,37,2,3,Yes,Stressed,High,Partner,Yes
45863,3086,18,Bangalore,Morning,Weekend,Fast Food,Snacks,Budget,595,Yes,22,4,2,Yes,Stressed,Medium,Alone,Yes
45864,2249,42,Chandigarh,Evening,Weekend,Chinese,Breakfast,Premium,425,Yes,75,11,1,Yes,Stressed,High,Friends,No
45865,1849,37,Hyderabad,Evening,Weekday,Fast Food,Lunch,Budget,164,Yes,86,9,1,No,Lazy,Low,Family,Yes
45866,1314,31,Hyderabad,Morning,Weekend,Biryani,Dinner,Budget,991,No,59,7,5,No,Celebrating,Low,Family,Yes
45867,1668,20,Mumbai,Afternoon,Weekend,Desserts,Lunch,Mid-range,943,No,70,2,4,Yes,Stressed,Medium,Partner,No
45868,2103,36,Hyderabad,Night,Weekday,South Indian,Dinner,Budget,250,No,23,9,2,Yes,Stressed,Low,Alone,No
45869,2030,30,Delhi,Night,Weekday,Fast Food,Lunch,Premium,355,No,44,4,2,Yes,Lazy,Medium,Partner,No
45870,4710,38,Bangalore,Afternoon,Weekend,Fast Food,Breakfast,Mid-range,363,No,25,10,4,Yes,Happy,High,Alone,Yes
45871,3038,42,Bangalore,Evening,Weekday,South Indian,Breakfast,Budget,873,Yes,36,13,5,No,Stressed,Low,Alone,No
45872,2394,37,Bangalore,Night,Weekday,Fast Food,Lunch,Mid-range,989,No,38,9,4,Yes,Celebrating,High,Family,No
45873,4591,37,Delhi,Night,Weekday,South Indian,Dinner,Budget,537,Yes,43,8,1,No,Stressed,Low,Friends,Yes
45874,1411,36,Pune,Afternoon,Weekend,Desserts,Snacks,Premium,975,No,58,9,4,Yes,Happy,Low,Family,No
45875,3269,39,Bangalore,Night,Weekend,Fast Food,Lunch,Mid-range,308,No,65,6,1,Yes,Celebrating,High,Alone,No
45876,2075,20,Pune,Afternoon,Weekday,Chinese,Breakfast,Premium,475,Yes,95,9,3,Yes,Celebrating,Low,Family,Yes
45877,4261,43,Delhi,Evening,Weekday,Chinese,Snacks,Budget,156,No,96,9,5,No,Happy,Medium,Family,Yes
45878,1136,21,Mumbai,Night,Weekday,Biryani,Breakfast,Mid-range,749,Yes,35,5,2,Yes,Lazy,High,Family,Yes
45879,3739,44,Delhi,Night,Weekday,South Indian,Snacks,Budget,337,No,95,4,1,Yes,Happy,Low,Alone,No
45880,4401,27,Chandigarh,Night,Weekday,Chinese,Dinner,Premium,228,No,93,13,5,No,Happy,Medium,Alone,Yes
45881,4016,27,Hyderabad,Night,Weekday,North Indian,Lunch,Mid-range,181,Yes,49,8,4,No,Lazy,High,Family,Yes
45882,4627,35,Bangalore,Evening,Weekday,Fast Food,Lunch,Budget,831,No,43,14,4,No,Celebrating,Low,Friends,No
45883,3006,18,Mumbai,Evening,Weekday,Fast Food,Dinner,Mid-range,910,No,26,7,1,No,Stressed,Low,Friends,Yes
45884,3386,26,Delhi,Evening,Weekend,Chinese,Breakfast,Mid-range,911,No,27,8,3,No,Lazy,Medium,Family,No
45885,3063,18,Delhi,Afternoon,Weekend,Biryani,Breakfast,Mid-range,741,No,44,3,3,No,Happy,Low,Friends,Yes
45886,1807,32,Delhi,Night,Weekend,South Indian,Dinner,Budget,808,Yes,28,11,4,No,Happy,Low,Family,Yes
45887,4561,41,Chandigarh,Night,Weekday,Chinese,Lunch,Budget,843,No,20,13,1,Yes,Stressed,High,Friends,Yes
45888,3736,27,Chandigarh,Morning,Weekday,South Indian,Breakfast,Premium,961,Yes,57,12,4,No,Celebrating,Medium,Partner,No
45889,4096,18,Chandigarh,Morning,Weekend,South Indian,Breakfast,Premium,992,Yes,92,5,1,Yes,Happy,Medium,Family,Yes
45890,4111,23,Delhi,Night,Weekend,Biryani,Breakfast,Budget,870,No,77,10,3,No,Happy,High,Partner,Yes
45891,1075,41,Mumbai,Evening,Weekend,Desserts,Lunch,Premium,293,No,80,14,5,Yes,Happy,High,Alone,No
45892,3507,21,Chandigarh,Night,Weekend,South Indian,Breakfast,Budget,909,No,23,5,4,Yes,Stressed,Low,Friends,No
45893,2822,23,Mumbai,Night,Weekend,Biryani,Dinner,Budget,713,No,26,11,1,No,Stressed,High,Partner,Yes
45894,3230,24,Pune,Night,Weekend,South Indian,Lunch,Premium,635,No,38,4,4,No,Happy,Medium,Family,No
45895,4777,35,Chandigarh,Evening,Weekday,Biryani,Breakfast,Budget,891,No,81,13,4,Yes,Stressed,Low,Friends,Yes
45896,2822,38,Chandigarh,Morning,Weekday,South Indian,Snacks,Budget,922,Yes,20,8,4,Yes,Celebrating,Low,Friends,Yes
45897,2588,25,Delhi,Night,Weekday,Fast Food,Snacks,Premium,750,No,87,9,3,Yes,Happy,Low,Partner,Yes
45898,2487,29,Chandigarh,Night,Weekday,Fast Food,Snacks,Premium,979,Yes,59,3,1,No,Happy,Low,Alone,Yes
45899,1716,19,Bangalore,Night,Weekend,Biryani,Dinner,Mid-range,830,No,44,2,2,No,Celebrating,Medium,Family,Yes
45900,3788,31,Mumbai,Evening,Weekday,Desserts,Breakfast,Premium,351,Yes,81,5,4,No,Lazy,High,Alone,No
45901,4135,21,Pune,Evening,Weekday,South Indian,Dinner,Mid-range,423,Yes,95,10,4,Yes,Celebrating,Low,Alone,No
45902,3279,31,Hyderabad,Night,Weekend,Fast Food,Snacks,Premium,435,No,72,10,3,Yes,Stressed,Low,Friends,No
45903,3470,42,Hyderabad,Afternoon,Weekend,South Indian,Lunch,Budget,530,Yes,41,11,3,Yes,Celebrating,Low,Partner,No
45904,4408,35,Pune,Morning,Weekend,Fast Food,Lunch,Mid-range,416,Yes,52,9,1,No,Lazy,High,Family,No
45905,2544,37,Delhi,Afternoon,Weekday,Desserts,Lunch,Premium,434,Yes,94,5,4,No,Stressed,High,Partner,Yes
45906,2167,24,Pune,Morning,Weekend,Fast Food,Breakfast,Premium,472,No,84,12,5,No,Lazy,High,Partner,No
45907,4472,30,Bangalore,Night,Weekday,Chinese,Breakfast,Premium,159,Yes,64,11,5,Yes,Celebrating,Medium,Friends,Yes
45908,4312,43,Delhi,Evening,Weekend,North Indian,Dinner,Premium,150,No,49,10,3,Yes,Happy,High,Partner,Yes
45909,4856,20,Mumbai,Night,Weekend,Fast Food,Lunch,Mid-range,349,Yes,58,2,4,No,Celebrating,High,Friends,No
45910,1341,36,Pune,Morning,Weekend,Biryani,Snacks,Premium,463,Yes,68,14,4,Yes,Celebrating,Medium,Family,Yes
45911,4020,42,Pune,Afternoon,Weekday,Fast Food,Snacks,Premium,570,No,60,2,2,Yes,Stressed,High,Family,No
45912,2841,31,Mumbai,Night,Weekday,Desserts,Lunch,Mid-range,646,Yes,69,6,2,Yes,Lazy,Medium,Friends,Yes
45913,2395,43,Mumbai,Night,Weekend,Desserts,Lunch,Budget,669,No,64,2,1,No,Lazy,Medium,Friends,No
45914,2365,30,Hyderabad,Afternoon,Weekend,Chinese,Breakfast,Premium,761,No,85,2,3,Yes,Lazy,Low,Friends,Yes
45915,3256,32,Hyderabad,Morning,Weekend,Desserts,Breakfast,Premium,284,No,68,1,2,Yes,Stressed,Medium,Family,No
45916,2450,21,Bangalore,Night,Weekend,North Indian,Dinner,Premium,251,No,70,14,1,No,Stressed,Medium,Alone,No
45917,3248,24,Delhi,Morning,Weekend,Fast Food,Lunch,Mid-range,677,No,41,13,4,No,Lazy,Low,Alone,Yes
45918,2524,39,Hyderabad,Morning,Weekend,Biryani,Breakfast,Premium,137,No,95,5,2,No,Happy,Low,Family,No
45919,2974,35,Hyderabad,Night,Weekend,Chinese,Snacks,Premium,899,No,26,6,1,No,Stressed,High,Partner,No
45920,2123,42,Hyderabad,Night,Weekend,Chinese,Lunch,Premium,382,Yes,77,4,5,Yes,Stressed,Low,Family,Yes
45921,4735,43,Chandigarh,Evening,Weekday,North Indian,Dinner,Mid-range,751,Yes,33,5,1,No,Happy,Low,Partner,Yes
45922,1998,37,Delhi,Evening,Weekday,Biryani,Lunch,Premium,954,No,51,4,1,No,Celebrating,High,Family,No
45923,1318,24,Hyderabad,Night,Weekday,Chinese,Dinner,Budget,983,No,89,9,2,No,Celebrating,Low,Alone,Yes
45924,3124,23,Pune,Afternoon,Weekday,Desserts,Lunch,Mid-range,488,No,46,14,2,No,Stressed,High,Friends,No
45925,2777,33,Pune,Evening,Weekend,Desserts,Breakfast,Mid-range,339,No,70,7,2,Yes,Celebrating,High,Family,Yes
45926,3964,20,Chandigarh,Morning,Weekend,Fast Food,Snacks,Premium,845,No,46,6,5,No,Lazy,Low,Alone,Yes
45927,4972,43,Pune,Night,Weekend,Biryani,Dinner,Premium,465,Yes,20,9,5,Yes,Happy,Low,Family,Yes
45928,2254,35,Chandigarh,Morning,Weekend,Chinese,Lunch,Premium,127,Yes,23,6,2,No,Stressed,Low,Friends,Yes
45929,3706,21,Pune,Morning,Weekend,North Indian,Lunch,Budget,452,No,50,10,2,Yes,Stressed,Medium,Partner,No
45930,2096,39,Mumbai,Night,Weekday,Desserts,Lunch,Budget,176,Yes,80,14,1,No,Happy,High,Alone,Yes
45931,2496,43,Mumbai,Night,Weekend,North Indian,Breakfast,Budget,440,Yes,77,4,3,No,Lazy,High,Alone,No
45932,1616,25,Bangalore,Afternoon,Weekend,North Indian,Dinner,Premium,127,Yes,63,8,1,No,Celebrating,Medium,Alone,No
45933,4963,34,Chandigarh,Morning,Weekend,North Indian,Dinner,Budget,929,Yes,59,7,3,No,Happy,High,Partner,No
45934,1893,39,Mumbai,Afternoon,Weekend,North Indian,Lunch,Premium,532,No,34,12,2,Yes,Celebrating,High,Partner,Yes
45935,4704,28,Delhi,Evening,Weekend,Fast Food,Breakfast,Budget,595,No,29,14,1,Yes,Stressed,High,Family,Yes
45936,1768,27,Mumbai,Morning,Weekend,Chinese,Snacks,Budget,907,No,41,4,2,Yes,Lazy,Medium,Partner,No
45937,1297,20,Mumbai,Morning,Weekday,Chinese,Breakfast,Budget,341,No,37,7,3,Yes,Happy,Medium,Alone,No
45938,3969,39,Hyderabad,Morning,Weekday,Desserts,Lunch,Budget,685,Yes,93,12,3,No,Stressed,Low,Partner,No
45939,4034,29,Bangalore,Night,Weekend,Fast Food,Lunch,Premium,273,No,64,7,5,No,Happy,Medium,Partner,Yes
45940,4849,43,Bangalore,Morning,Weekday,Biryani,Snacks,Mid-range,216,No,76,10,3,No,Lazy,High,Friends,No
45941,2334,33,Pune,Morning,Weekend,Fast Food,Breakfast,Premium,704,Yes,81,8,5,Yes,Celebrating,Low,Family,No
45942,4178,25,Mumbai,Night,Weekday,Fast Food,Dinner,Budget,411,No,90,11,3,Yes,Celebrating,Medium,Alone,Yes
45943,3467,43,Hyderabad,Morning,Weekend,Fast Food,Snacks,Mid-range,890,Yes,48,12,3,Yes,Celebrating,High,Friends,Yes
45944,1060,25,Hyderabad,Night,Weekend,Biryani,Lunch,Budget,660,Yes,30,3,2,Yes,Stressed,Low,Partner,No
45945,2020,21,Pune,Evening,Weekday,Fast Food,Snacks,Premium,406,No,62,7,4,Yes,Celebrating,High,Alone,Yes
45946,4591,22,Chandigarh,Morning,Weekend,South Indian,Lunch,Premium,617,Yes,80,6,2,Yes,Stressed,Medium,Friends,Yes
45947,2990,32,Chandigarh,Afternoon,Weekday,Desserts,Snacks,Premium,595,No,65,9,4,Yes,Happy,Low,Family,Yes
45948,1256,31,Chandigarh,Afternoon,Weekend,Chinese,Breakfast,Premium,897,Yes,29,4,4,No,Lazy,Low,Friends,Yes
45949,4807,36,Chandigarh,Afternoon,Weekday,Chinese,Snacks,Mid-range,459,Yes,65,6,1,No,Happy,Medium,Alone,No
45950,4490,23,Mumbai,Evening,Weekday,North Indian,Snacks,Mid-range,910,No,89,2,3,Yes,Stressed,Medium,Alone,Yes
45951,1493,19,Bangalore,Evening,Weekend,South Indian,Breakfast,Budget,453,Yes,29,5,2,No,Celebrating,Low,Friends,Yes
45952,3739,40,Hyderabad,Evening,Weekend,Desserts,Snacks,Premium,148,Yes,76,11,1,No,Stressed,High,Alone,Yes
45953,4567,39,Mumbai,Night,Weekday,South Indian,Lunch,Mid-range,752,Yes,37,9,1,Yes,Stressed,High,Alone,No
45954,1312,22,Chandigarh,Evening,Weekend,Biryani,Breakfast,Mid-range,451,No,68,4,3,No,Stressed,Medium,Friends,No
45955,1697,31,Mumbai,Evening,Weekend,Chinese,Dinner,Premium,443,No,74,7,3,Yes,Happy,High,Alone,No
45956,4117,43,Delhi,Morning,Weekend,Biryani,Lunch,Budget,939,No,43,10,5,No,Happy,Medium,Partner,No
45957,3563,25,Hyderabad,Evening,Weekday,Chinese,Snacks,Budget,568,No,44,10,1,No,Celebrating,High,Partner,Yes
45958,3791,44,Hyderabad,Night,Weekend,Biryani,Snacks,Budget,576,No,91,7,5,No,Celebrating,Low,Partner,Yes
45959,2787,21,Chandigarh,Night,Weekend,South Indian,Lunch,Premium,787,No,44,8,3,Yes,Stressed,Low,Family,No
45960,4939,25,Delhi,Evening,Weekday,North Indian,Breakfast,Budget,349,Yes,95,2,4,Yes,Happy,Low,Alone,No
45961,1658,24,Pune,Morning,Weekday,South Indian,Lunch,Premium,753,No,51,11,4,No,Celebrating,Medium,Partner,Yes
45962,3563,28,Mumbai,Morning,Weekday,Desserts,Snacks,Budget,991,No,49,5,3,No,Happy,High,Family,Yes
45963,1083,40,Chandigarh,Night,Weekday,Chinese,Dinner,Mid-range,630,No,69,9,4,Yes,Happy,Medium,Family,No
45964,3467,28,Chandigarh,Evening,Weekday,Biryani,Breakfast,Budget,963,No,75,4,3,Yes,Stressed,Low,Partner,No
45965,3414,20,Hyderabad,Afternoon,Weekday,Biryani,Breakfast,Budget,243,No,73,9,4,Yes,Lazy,Low,Partner,No
45966,4029,35,Mumbai,Afternoon,Weekend,Biryani,Breakfast,Premium,393,Yes,57,2,5,Yes,Celebrating,Low,Partner,Yes
45967,1880,24,Chandigarh,Afternoon,Weekday,South Indian,Lunch,Premium,260,No,34,9,2,Yes,Stressed,High,Family,No
45968,3559,22,Chandigarh,Morning,Weekend,Chinese,Lunch,Mid-range,194,Yes,49,9,4,Yes,Lazy,Medium,Partner,No
45969,3026,41,Pune,Morning,Weekend,Biryani,Dinner,Mid-range,153,No,59,8,2,Yes,Stressed,Low,Alone,Yes
45970,4190,36,Bangalore,Evening,Weekend,South Indian,Breakfast,Budget,746,No,60,14,3,Yes,Happy,Medium,Family,No
45971,2928,21,Bangalore,Morning,Weekend,Chinese,Lunch,Mid-range,353,No,75,5,5,Yes,Stressed,Low,Partner,No
45972,3411,44,Delhi,Night,Weekend,Biryani,Breakfast,Premium,727,No,95,10,3,Yes,Celebrating,Medium,Family,Yes
45973,2223,38,Mumbai,Afternoon,Weekday,South Indian,Breakfast,Premium,758,Yes,82,3,2,No,Stressed,Medium,Partner,No
45974,3325,31,Pune,Night,Weekend,Desserts,Dinner,Budget,287,No,97,12,5,No,Celebrating,Medium,Family,Yes
45975,2342,29,Chandigarh,Afternoon,Weekend,North Indian,Lunch,Budget,594,Yes,68,11,4,No,Happy,Low,Partner,No
45976,3912,27,Chandigarh,Morning,Weekend,Biryani,Snacks,Budget,112,Yes,53,7,5,Yes,Lazy,Medium,Partner,No
45977,1430,23,Pune,Morning,Weekend,Biryani,Lunch,Budget,473,No,35,8,1,Yes,Lazy,Medium,Friends,Yes
45978,3973,28,Pune,Evening,Weekday,Chinese,Dinner,Budget,657,No,57,3,3,No,Happy,High,Alone,No
45979,2086,21,Hyderabad,Night,Weekend,South Indian,Snacks,Mid-range,374,Yes,94,6,4,No,Lazy,Medium,Family,Yes
45980,3307,33,Chandigarh,Morning,Weekend,South Indian,Lunch,Mid-range,410,No,71,14,3,No,Celebrating,High,Alone,Yes
45981,1763,41,Chandigarh,Evening,Weekday,Chinese,Breakfast,Budget,571,Yes,72,12,2,Yes,Happy,High,Alone,No
45982,1069,39,Delhi,Morning,Weekday,North Indian,Dinner,Mid-range,723,Yes,73,6,1,No,Celebrating,Low,Alone,Yes
45983,2764,36,Chandigarh,Night,Weekend,South Indian,Dinner,Premium,672,Yes,89,6,4,Yes,Lazy,Medium,Alone,Yes
45984,1904,29,Bangalore,Afternoon,Weekday,Desserts,Dinner,Mid-range,496,No,65,4,1,No,Lazy,High,Family,Yes
45985,1954,21,Hyderabad,Night,Weekday,Fast Food,Lunch,Budget,968,No,61,2,5,No,Celebrating,Low,Alone,No
45986,4614,34,Pune,Evening,Weekend,Chinese,Lunch,Budget,728,No,25,6,2,Yes,Stressed,Low,Friends,No
45987,2611,34,Mumbai,Evening,Weekend,Fast Food,Breakfast,Premium,305,No,54,6,1,Yes,Lazy,Low,Partner,Yes
45988,4052,18,Hyderabad,Night,Weekday,Chinese,Breakfast,Mid-range,455,Yes,79,13,5,Yes,Lazy,Low,Alone,No
45989,4128,37,Hyderabad,Afternoon,Weekend,North Indian,Dinner,Mid-range,446,No,85,9,4,Yes,Happy,Medium,Alone,Yes
45990,3708,41,Pune,Morning,Weekday,Desserts,Dinner,Mid-range,874,Yes,50,1,4,No,Stressed,Low,Family,Yes
45991,2921,39,Delhi,Afternoon,Weekend,South Indian,Dinner,Premium,309,No,58,11,4,No,Happy,Low,Partner,No
45992,3551,42,Bangalore,Evening,Weekday,Chinese,Lunch,Mid-range,851,No,81,4,1,Yes,Stressed,Low,Partner,Yes
45993,2863,28,Chandigarh,Evening,Weekday,Fast Food,Dinner,Mid-range,566,No,92,7,1,No,Celebrating,Low,Alone,Yes
45994,1557,42,Delhi,Night,Weekday,Desserts,Dinner,Premium,450,No,81,4,4,Yes,Happy,Low,Alone,No
45995,1952,29,Hyderabad,Morning,Weekday,Desserts,Snacks,Mid-range,538,Yes,32,8,2,No,Lazy,Low,Partner,Yes
45996,3958,29,Mumbai,Night,Weekend,North Indian,Breakfast,Mid-range,450,No,82,1,2,Yes,Happy,Medium,Family,Yes
45997,2318,29,Delhi,Morning,Weekend,Biryani,Dinner,Budget,388,No,87,4,2,No,Celebrating,High,Friends,Yes
45998,3413,32,Chandigarh,Evening,Weekday,Chinese,Breakfast,Budget,361,Yes,81,10,1,No,Celebrating,Low,Friends,No
45999,3648,32,Bangalore,Afternoon,Weekday,Biryani,Breakfast,Mid-range,364,No,45,1,5,No,Celebrating,Medium,Partner,No
46000,3571,27,Chandigarh,Evening,Weekend,Fast Food,Snacks,Premium,625,Yes,66,3,4,No,Stressed,Medium,Friends,Yes
46001,1529,20,Pune,Morning,Weekday,Biryani,Snacks,Premium,731,No,98,14,1,No,Lazy,High,Friends,No
46002,4297,33,Bangalore,Afternoon,Weekend,Fast Food,Dinner,Mid-range,713,Yes,75,7,1,Yes,Lazy,Low,Alone,Yes
46003,4192,43,Pune,Afternoon,Weekday,North Indian,Dinner,Mid-range,166,No,82,12,4,No,Celebrating,Medium,Alone,Yes
46004,1337,18,Bangalore,Night,Weekday,Fast Food,Breakfast,Budget,825,No,87,7,1,No,Happy,Low,Partner,No
46005,4128,28,Chandigarh,Night,Weekend,Chinese,Dinner,Premium,805,No,59,13,5,No,Stressed,Low,Friends,Yes
46006,1187,26,Mumbai,Afternoon,Weekday,Biryani,Breakfast,Budget,932,Yes,43,12,1,Yes,Happy,Low,Alone,No
46007,1993,35,Delhi,Evening,Weekend,North Indian,Snacks,Mid-range,606,No,53,3,5,No,Stressed,High,Family,No
46008,1372,23,Hyderabad,Evening,Weekend,South Indian,Dinner,Premium,803,Yes,64,6,2,No,Happy,Medium,Family,Yes
46009,2146,25,Bangalore,Night,Weekend,Chinese,Lunch,Budget,939,No,40,14,1,No,Celebrating,Low,Family,No
46010,1786,39,Delhi,Evening,Weekend,South Indian,Breakfast,Budget,267,Yes,74,4,2,Yes,Lazy,Medium,Friends,Yes
46011,2333,21,Bangalore,Night,Weekday,Desserts,Lunch,Mid-range,478,No,85,9,3,No,Stressed,Low,Alone,Yes
46012,3585,20,Hyderabad,Evening,Weekend,Desserts,Breakfast,Budget,248,Yes,50,5,2,Yes,Happy,High,Partner,No
46013,2052,36,Hyderabad,Morning,Weekday,North Indian,Dinner,Mid-range,344,No,72,7,2,No,Celebrating,High,Family,Yes
46014,4784,30,Mumbai,Night,Weekend,Chinese,Lunch,Mid-range,298,No,28,4,1,No,Stressed,High,Partner,Yes
46015,2984,43,Bangalore,Night,Weekend,Biryani,Lunch,Mid-range,933,Yes,32,7,3,Yes,Stressed,Medium,Alone,Yes
46016,1027,20,Bangalore,Afternoon,Weekday,Desserts,Snacks,Premium,977,No,83,3,2,No,Lazy,Medium,Family,Yes
46017,2077,19,Hyderabad,Afternoon,Weekend,Chinese,Breakfast,Budget,915,No,61,6,4,No,Happy,Low,Partner,Yes
46018,2627,20,Mumbai,Afternoon,Weekend,Desserts,Snacks,Mid-range,761,No,87,7,5,No,Happy,Low,Family,Yes
46019,1683,24,Mumbai,Evening,Weekday,Biryani,Dinner,Premium,719,No,27,3,3,Yes,Celebrating,Low,Alone,Yes
46020,1008,26,Bangalore,Night,Weekday,Desserts,Breakfast,Premium,636,Yes,68,6,3,Yes,Lazy,Low,Alone,Yes
46021,1859,24,Hyderabad,Night,Weekend,South Indian,Breakfast,Premium,256,No,46,11,1,No,Happy,High,Alone,No
46022,1257,42,Bangalore,Evening,Weekend,Desserts,Lunch,Premium,819,No,74,9,4,Yes,Lazy,Low,Alone,Yes
46023,1665,24,Delhi,Afternoon,Weekday,Biryani,Dinner,Budget,453,No,87,10,3,Yes,Happy,Medium,Alone,No
46024,3307,20,Bangalore,Afternoon,Weekend,North Indian,Breakfast,Premium,494,Yes,62,9,3,No,Lazy,Low,Family,No
46025,1312,22,Pune,Evening,Weekend,Desserts,Lunch,Premium,822,No,20,13,3,No,Stressed,Medium,Family,Yes
46026,2598,30,Chandigarh,Night,Weekend,Chinese,Breakfast,Mid-range,178,Yes,24,14,2,Yes,Lazy,High,Friends,No
46027,1216,37,Chandigarh,Night,Weekend,Desserts,Breakfast,Premium,745,Yes,94,8,2,Yes,Celebrating,Medium,Family,No
46028,3589,40,Delhi,Morning,Weekend,Fast Food,Snacks,Budget,178,Yes,20,8,3,Yes,Lazy,High,Family,Yes
46029,1332,37,Mumbai,Afternoon,Weekday,Biryani,Lunch,Mid-range,947,No,85,6,2,Yes,Happy,High,Alone,No
46030,4408,42,Pune,Afternoon,Weekday,Fast Food,Breakfast,Mid-range,754,No,49,6,5,No,Celebrating,Low,Family,No
46031,4165,20,Chandigarh,Evening,Weekend,Fast Food,Lunch,Premium,990,Yes,64,12,3,No,Stressed,Low,Friends,Yes
46032,3962,41,Delhi,Morning,Weekend,Biryani,Dinner,Premium,629,Yes,90,13,4,No,Happy,High,Alone,Yes
46033,1678,20,Chandigarh,Morning,Weekend,South Indian,Breakfast,Budget,600,Yes,46,10,2,Yes,Lazy,Low,Alone,Yes
46034,4823,25,Mumbai,Evening,Weekend,Fast Food,Lunch,Budget,973,No,87,8,2,No,Lazy,Medium,Partner,Yes
46035,3936,25,Mumbai,Morning,Weekday,South Indian,Dinner,Budget,847,Yes,25,3,1,No,Celebrating,Low,Alone,No
46036,4276,23,Delhi,Evening,Weekend,Fast Food,Dinner,Budget,241,No,99,8,2,Yes,Happy,High,Family,No
46037,4985,36,Delhi,Morning,Weekday,Biryani,Snacks,Mid-range,897,No,42,9,4,Yes,Stressed,Medium,Family,Yes
46038,3128,24,Delhi,Night,Weekday,South Indian,Breakfast,Premium,188,No,79,4,4,Yes,Happy,Low,Alone,No
46039,2695,18,Bangalore,Night,Weekday,South Indian,Snacks,Budget,231,Yes,72,10,3,No,Happy,Low,Family,Yes
46040,2852,27,Chandigarh,Evening,Weekend,South Indian,Lunch,Budget,942,Yes,48,1,4,No,Lazy,Medium,Alone,No
46041,1693,24,Hyderabad,Morning,Weekend,Chinese,Breakfast,Mid-range,683,Yes,69,3,3,No,Happy,Low,Partner,Yes
46042,4486,39,Hyderabad,Morning,Weekday,Chinese,Lunch,Budget,818,No,29,8,1,No,Stressed,High,Family,No
46043,1592,19,Delhi,Morning,Weekday,Fast Food,Lunch,Mid-range,509,Yes,57,4,1,Yes,Happy,Low,Family,Yes
46044,4034,41,Delhi,Morning,Weekday,South Indian,Dinner,Premium,804,No,93,10,3,Yes,Lazy,Low,Partner,Yes
46045,3925,19,Mumbai,Evening,Weekend,Fast Food,Lunch,Premium,157,Yes,40,4,3,No,Happy,Low,Alone,No
46046,3675,26,Hyderabad,Afternoon,Weekday,Fast Food,Lunch,Budget,962,Yes,24,11,1,No,Stressed,Low,Friends,No
46047,1320,21,Hyderabad,Afternoon,Weekday,Fast Food,Lunch,Premium,639,Yes,67,7,2,Yes,Stressed,Low,Alone,Yes
46048,1648,37,Mumbai,Morning,Weekday,Desserts,Lunch,Budget,172,Yes,47,4,4,Yes,Happy,Low,Friends,No
46049,4195,22,Delhi,Morning,Weekend,Fast Food,Lunch,Mid-range,900,Yes,95,6,1,Yes,Lazy,Low,Partner,No
46050,1181,29,Bangalore,Morning,Weekend,Chinese,Breakfast,Premium,976,Yes,70,5,4,No,Celebrating,Low,Family,Yes
46051,2419,33,Pune,Afternoon,Weekend,South Indian,Snacks,Mid-range,527,Yes,52,3,5,No,Stressed,Low,Alone,No
46052,3209,26,Mumbai,Morning,Weekend,North Indian,Snacks,Budget,895,Yes,81,1,2,No,Happy,Low,Family,No
46053,2974,43,Mumbai,Afternoon,Weekend,Chinese,Snacks,Budget,895,Yes,49,9,3,No,Lazy,High,Partner,No
46054,3035,39,Chandigarh,Night,Weekday,Fast Food,Lunch,Premium,811,No,70,12,1,Yes,Lazy,Low,Alone,Yes
46055,2520,26,Mumbai,Evening,Weekend,Chinese,Lunch,Budget,569,No,33,7,1,Yes,Celebrating,High,Partner,No
46056,1206,31,Pune,Afternoon,Weekend,North Indian,Dinner,Mid-range,823,Yes,59,5,2,Yes,Happy,Low,Friends,No
46057,2023,30,Hyderabad,Afternoon,Weekend,North Indian,Lunch,Premium,655,Yes,46,6,4,No,Lazy,Medium,Alone,Yes
46058,3333,22,Mumbai,Night,Weekend,North Indian,Dinner,Premium,713,Yes,43,10,5,No,Celebrating,Medium,Family,No
46059,4539,33,Hyderabad,Afternoon,Weekend,Fast Food,Breakfast,Budget,480,Yes,62,1,3,No,Stressed,Medium,Alone,Yes
46060,1492,23,Delhi,Evening,Weekend,Desserts,Snacks,Mid-range,877,Yes,88,11,1,Yes,Celebrating,Medium,Friends,No
46061,1447,44,Hyderabad,Night,Weekend,Chinese,Lunch,Mid-range,557,No,67,8,3,No,Celebrating,Medium,Partner,No
46062,2925,43,Hyderabad,Morning,Weekend,Desserts,Snacks,Premium,733,No,46,2,5,Yes,Celebrating,Low,Partner,No
46063,1587,25,Pune,Night,Weekend,South Indian,Breakfast,Premium,800,No,39,10,1,Yes,Celebrating,Low,Alone,No
46064,4002,22,Pune,Afternoon,Weekday,Chinese,Dinner,Budget,717,No,57,14,5,Yes,Stressed,Medium,Alone,No
46065,1967,32,Bangalore,Afternoon,Weekday,Biryani,Lunch,Premium,823,No,26,9,1,Yes,Lazy,High,Friends,Yes
46066,1698,22,Delhi,Morning,Weekend,Desserts,Snacks,Mid-range,687,Yes,72,4,2,Yes,Lazy,Low,Friends,No
46067,3080,18,Bangalore,Night,Weekend,Biryani,Dinner,Budget,727,Yes,59,6,2,No,Lazy,High,Alone,No
46068,3578,32,Delhi,Afternoon,Weekday,South Indian,Dinner,Premium,839,No,66,4,5,No,Stressed,Medium,Partner,No
46069,4194,34,Pune,Morning,Weekday,Chinese,Breakfast,Budget,294,Yes,23,1,2,Yes,Happy,Medium,Alone,No
46070,1986,25,Hyderabad,Night,Weekday,Biryani,Dinner,Premium,412,Yes,33,3,4,No,Lazy,High,Friends,Yes
46071,1015,34,Mumbai,Afternoon,Weekend,Chinese,Snacks,Mid-range,854,No,55,12,2,No,Lazy,Medium,Friends,Yes
46072,4527,36,Hyderabad,Evening,Weekday,Biryani,Breakfast,Premium,284,No,93,10,5,Yes,Celebrating,High,Alone,No
46073,4305,40,Pune,Evening,Weekday,Desserts,Breakfast,Mid-range,485,No,80,6,3,No,Celebrating,Low,Alone,No
46074,3420,44,Chandigarh,Evening,Weekend,South Indian,Lunch,Premium,494,No,56,13,5,Yes,Happy,Low,Alone,No
46075,2185,27,Chandigarh,Night,Weekend,Chinese,Lunch,Premium,466,No,89,11,1,Yes,Lazy,Low,Friends,Yes
46076,1917,22,Bangalore,Afternoon,Weekday,South Indian,Breakfast,Mid-range,764,No,37,4,3,No,Celebrating,Low,Family,Yes
46077,2725,39,Hyderabad,Evening,Weekday,Chinese,Dinner,Premium,658,Yes,75,1,5,No,Happy,Medium,Partner,Yes
46078,4171,34,Delhi,Morning,Weekend,Biryani,Breakfast,Premium,128,No,87,4,4,No,Happy,High,Friends,No
46079,4718,23,Delhi,Night,Weekend,Biryani,Dinner,Budget,162,No,93,7,4,No,Celebrating,High,Partner,Yes
46080,2931,18,Pune,Morning,Weekday,Fast Food,Dinner,Premium,608,Yes,25,1,2,Yes,Celebrating,Medium,Partner,No
46081,2179,20,Hyderabad,Night,Weekend,Chinese,Breakfast,Premium,228,Yes,39,5,5,No,Stressed,Low,Friends,No
46082,1469,23,Pune,Night,Weekend,Desserts,Lunch,Mid-range,148,No,41,6,4,Yes,Lazy,Medium,Alone,Yes
46083,1287,42,Chandigarh,Night,Weekend,Desserts,Breakfast,Premium,833,Yes,56,5,3,No,Stressed,Low,Alone,Yes
46084,4099,41,Hyderabad,Morning,Weekday,Chinese,Breakfast,Budget,852,No,87,3,5,Yes,Stressed,High,Friends,No
46085,4825,19,Delhi,Night,Weekday,North Indian,Snacks,Premium,590,Yes,87,11,5,Yes,Lazy,Low,Partner,No
46086,1732,20,Pune,Afternoon,Weekday,Chinese,Dinner,Mid-range,659,Yes,58,1,2,No,Lazy,Low,Friends,Yes
46087,3486,19,Bangalore,Afternoon,Weekday,Fast Food,Snacks,Mid-range,700,No,58,11,4,No,Celebrating,High,Family,Yes
46088,4463,32,Bangalore,Afternoon,Weekday,Chinese,Snacks,Budget,257,Yes,82,4,1,Yes,Celebrating,Low,Alone,No
46089,3888,27,Chandigarh,Night,Weekday,North Indian,Breakfast,Premium,248,Yes,90,12,2,No,Stressed,Medium,Alone,No
46090,4993,44,Bangalore,Morning,Weekday,Fast Food,Snacks,Budget,581,No,41,14,2,Yes,Lazy,High,Partner,No
46091,1836,36,Pune,Afternoon,Weekday,Fast Food,Dinner,Premium,937,Yes,54,7,5,No,Celebrating,Medium,Partner,Yes
46092,2714,40,Delhi,Morning,Weekend,North Indian,Dinner,Budget,612,Yes,24,7,5,Yes,Lazy,High,Family,No
46093,3922,41,Hyderabad,Evening,Weekend,Fast Food,Dinner,Mid-range,987,No,98,10,1,No,Celebrating,High,Partner,Yes
46094,4360,19,Bangalore,Evening,Weekend,Biryani,Breakfast,Budget,457,Yes,93,13,1,No,Celebrating,Low,Alone,Yes
46095,4825,18,Delhi,Evening,Weekend,Chinese,Dinner,Premium,638,No,27,2,3,Yes,Stressed,High,Alone,Yes
46096,4276,44,Delhi,Afternoon,Weekday,South Indian,Breakfast,Budget,680,Yes,86,13,1,No,Happy,Low,Alone,No
46097,4247,39,Mumbai,Evening,Weekday,South Indian,Dinner,Premium,932,No,42,9,4,No,Stressed,Medium,Partner,Yes
46098,2592,22,Mumbai,Morning,Weekend,Chinese,Breakfast,Premium,485,Yes,78,7,2,Yes,Lazy,Low,Friends,Yes
46099,3335,44,Hyderabad,Night,Weekend,North Indian,Lunch,Mid-range,623,No,30,4,5,Yes,Lazy,High,Family,No
46100,3372,44,Hyderabad,Afternoon,Weekday,Biryani,Breakfast,Mid-range,118,No,74,4,5,No,Celebrating,High,Family,Yes
46101,1615,39,Mumbai,Night,Weekday,South Indian,Snacks,Budget,478,No,86,8,3,Yes,Lazy,High,Alone,Yes
46102,1147,32,Delhi,Morning,Weekend,Biryani,Dinner,Mid-range,488,No,46,8,5,Yes,Lazy,High,Partner,No
46103,4438,23,Pune,Morning,Weekend,Fast Food,Snacks,Mid-range,995,Yes,65,6,2,No,Stressed,High,Partner,Yes
46104,1054,20,Chandigarh,Afternoon,Weekend,North Indian,Snacks,Premium,212,Yes,98,1,4,No,Happy,High,Alone,No
46105,3310,24,Delhi,Evening,Weekday,Biryani,Lunch,Mid-range,478,Yes,83,8,4,No,Celebrating,Low,Family,Yes
46106,4731,24,Delhi,Evening,Weekend,Biryani,Snacks,Mid-range,729,Yes,46,3,2,Yes,Celebrating,Low,Family,No
46107,1664,23,Mumbai,Night,Weekday,Fast Food,Lunch,Premium,595,No,56,12,1,Yes,Happy,Medium,Family,No
46108,1748,18,Delhi,Night,Weekday,Fast Food,Dinner,Budget,368,Yes,79,13,2,Yes,Lazy,Medium,Family,No
46109,3316,27,Bangalore,Night,Weekday,North Indian,Dinner,Premium,901,Yes,94,9,4,Yes,Happy,Low,Partner,No
46110,1601,26,Chandigarh,Night,Weekday,North Indian,Lunch,Budget,879,No,71,7,3,Yes,Stressed,Low,Alone,No
46111,1038,32,Chandigarh,Evening,Weekday,Biryani,Breakfast,Budget,542,No,73,2,2,Yes,Happy,Low,Family,Yes
46112,2461,42,Bangalore,Afternoon,Weekend,North Indian,Snacks,Mid-range,178,No,37,9,4,Yes,Celebrating,High,Alone,No
46113,4095,36,Delhi,Evening,Weekend,Biryani,Dinner,Budget,600,No,98,5,4,No,Lazy,Medium,Partner,No
46114,3941,34,Hyderabad,Morning,Weekend,North Indian,Lunch,Budget,901,No,27,10,3,Yes,Happy,High,Friends,Yes
46115,4014,26,Pune,Night,Weekend,Desserts,Lunch,Premium,643,No,55,12,2,No,Happy,Low,Partner,Yes
46116,4262,28,Hyderabad,Morning,Weekday,Chinese,Breakfast,Premium,475,No,59,1,2,Yes,Lazy,Medium,Family,No
46117,2469,28,Pune,Afternoon,Weekend,Fast Food,Snacks,Budget,808,Yes,77,3,5,No,Lazy,Medium,Alone,No
46118,2889,26,Mumbai,Evening,Weekday,Biryani,Breakfast,Premium,703,No,98,14,3,Yes,Celebrating,High,Alone,No
46119,4487,42,Mumbai,Afternoon,Weekend,Desserts,Dinner,Premium,371,No,50,7,3,No,Celebrating,Medium,Friends,No
46120,3974,41,Chandigarh,Evening,Weekend,Desserts,Breakfast,Mid-range,698,Yes,54,4,3,Yes,Celebrating,Medium,Alone,Yes
46121,4384,40,Mumbai,Night,Weekend,Desserts,Lunch,Budget,700,No,61,2,2,Yes,Stressed,Medium,Alone,Yes
46122,2481,23,Bangalore,Night,Weekend,South Indian,Breakfast,Premium,589,Yes,52,14,4,No,Stressed,Medium,Family,No
46123,4088,21,Bangalore,Afternoon,Weekday,North Indian,Breakfast,Mid-range,403,Yes,83,7,1,No,Lazy,High,Family,No
46124,2095,24,Delhi,Afternoon,Weekday,Desserts,Breakfast,Budget,620,Yes,62,7,5,Yes,Lazy,High,Alone,No
46125,1962,40,Mumbai,Afternoon,Weekday,Desserts,Breakfast,Budget,453,No,41,7,2,No,Celebrating,Low,Partner,No
46126,1987,30,Chandigarh,Afternoon,Weekend,Biryani,Dinner,Mid-range,830,No,39,2,3,No,Lazy,Low,Alone,Yes
46127,3459,36,Hyderabad,Morning,Weekday,Desserts,Breakfast,Mid-range,542,No,90,1,4,No,Celebrating,Medium,Alone,Yes
46128,2285,43,Chandigarh,Morning,Weekday,South Indian,Lunch,Budget,868,No,24,13,1,Yes,Lazy,High,Friends,No
46129,4691,29,Mumbai,Afternoon,Weekday,Fast Food,Dinner,Premium,446,No,32,6,4,Yes,Lazy,High,Alone,No
46130,3196,41,Pune,Night,Weekend,Desserts,Lunch,Budget,805,No,35,9,3,No,Happy,High,Family,Yes
46131,3728,23,Pune,Morning,Weekday,Desserts,Snacks,Mid-range,826,No,29,8,1,No,Happy,High,Family,No
46132,4284,37,Chandigarh,Afternoon,Weekday,Chinese,Lunch,Budget,112,Yes,73,8,4,No,Celebrating,Low,Partner,No
46133,4133,33,Chandigarh,Night,Weekday,Chinese,Breakfast,Premium,793,No,81,9,1,No,Stressed,Low,Friends,Yes
46134,2046,29,Bangalore,Afternoon,Weekend,Fast Food,Lunch,Mid-range,620,No,80,6,1,No,Celebrating,Low,Family,No
46135,4823,29,Pune,Afternoon,Weekend,Biryani,Breakfast,Premium,845,No,85,14,3,Yes,Happy,Medium,Partner,No
46136,3950,27,Delhi,Evening,Weekend,Chinese,Dinner,Mid-range,888,No,75,11,2,Yes,Celebrating,Medium,Alone,Yes
46137,1399,32,Hyderabad,Afternoon,Weekday,Fast Food,Dinner,Budget,643,No,69,6,4,Yes,Celebrating,Medium,Friends,Yes
46138,3400,36,Mumbai,Afternoon,Weekday,Desserts,Breakfast,Mid-range,365,Yes,60,5,1,Yes,Celebrating,Low,Friends,No
46139,2316,38,Mumbai,Night,Weekend,South Indian,Dinner,Mid-range,910,No,29,7,3,Yes,Happy,High,Partner,Yes
46140,1555,18,Chandigarh,Night,Weekend,North Indian,Snacks,Premium,442,No,68,7,2,No,Happy,High,Family,Yes
46141,4233,34,Hyderabad,Morning,Weekend,Desserts,Lunch,Budget,387,Yes,71,3,3,No,Celebrating,Low,Friends,No
46142,3708,35,Pune,Night,Weekday,Biryani,Snacks,Mid-range,892,Yes,25,2,5,No,Celebrating,Low,Family,Yes
46143,2530,36,Delhi,Morning,Weekend,Chinese,Lunch,Budget,905,No,39,2,4,Yes,Celebrating,High,Alone,No
46144,3844,31,Mumbai,Evening,Weekend,Desserts,Dinner,Budget,607,Yes,99,3,1,No,Happy,Low,Family,No
46145,1396,30,Delhi,Evening,Weekday,Fast Food,Lunch,Premium,884,Yes,75,12,5,No,Stressed,Low,Friends,Yes
46146,4514,31,Chandigarh,Night,Weekday,Chinese,Breakfast,Budget,414,No,94,7,2,Yes,Lazy,Low,Friends,Yes
46147,4090,21,Mumbai,Morning,Weekend,South Indian,Dinner,Premium,621,Yes,48,8,4,No,Lazy,High,Friends,No
46148,3940,40,Chandigarh,Afternoon,Weekday,Biryani,Snacks,Mid-range,778,Yes,74,8,4,No,Stressed,Low,Partner,Yes
46149,2648,36,Mumbai,Night,Weekday,Chinese,Dinner,Budget,638,Yes,45,1,3,Yes,Stressed,Low,Alone,Yes
46150,4795,24,Hyderabad,Evening,Weekday,North Indian,Lunch,Mid-range,314,No,38,11,5,No,Stressed,Low,Alone,No
46151,3058,38,Mumbai,Morning,Weekend,South Indian,Breakfast,Budget,285,No,68,4,2,Yes,Happy,High,Partner,No
46152,4231,36,Chandigarh,Night,Weekend,Fast Food,Snacks,Mid-range,114,Yes,20,9,1,Yes,Happy,Low,Friends,Yes
46153,3809,33,Hyderabad,Evening,Weekday,Chinese,Breakfast,Mid-range,587,Yes,28,7,5,No,Stressed,Low,Partner,Yes
46154,2203,22,Mumbai,Evening,Weekend,Fast Food,Snacks,Premium,922,No,76,13,3,No,Celebrating,High,Family,No
46155,3428,41,Chandigarh,Morning,Weekend,South Indian,Snacks,Budget,657,Yes,77,13,4,No,Stressed,Medium,Alone,Yes
46156,4192,42,Delhi,Night,Weekday,South Indian,Breakfast,Budget,559,Yes,29,4,3,Yes,Celebrating,Medium,Partner,Yes
46157,3089,27,Hyderabad,Morning,Weekday,Biryani,Snacks,Premium,765,Yes,45,6,3,Yes,Happy,Low,Alone,Yes
46158,1519,37,Delhi,Afternoon,Weekend,Desserts,Snacks,Budget,503,No,66,7,2,Yes,Stressed,High,Family,Yes
46159,2020,44,Pune,Night,Weekend,Fast Food,Snacks,Budget,745,No,85,11,5,Yes,Lazy,High,Friends,No
46160,3223,34,Bangalore,Afternoon,Weekday,Chinese,Snacks,Premium,630,No,98,11,3,No,Stressed,Low,Friends,No
46161,4321,35,Hyderabad,Evening,Weekend,North Indian,Breakfast,Budget,398,No,26,1,1,No,Lazy,High,Alone,Yes
46162,2080,22,Hyderabad,Night,Weekday,Fast Food,Snacks,Budget,452,Yes,99,9,5,Yes,Lazy,Medium,Friends,No
46163,2878,28,Bangalore,Afternoon,Weekday,Fast Food,Breakfast,Budget,346,Yes,91,5,5,Yes,Lazy,Low,Family,Yes
46164,2545,25,Delhi,Evening,Weekday,North Indian,Breakfast,Mid-range,517,Yes,57,7,2,Yes,Lazy,Low,Friends,Yes
46165,2118,41,Bangalore,Evening,Weekday,South Indian,Dinner,Budget,494,No,91,5,5,No,Happy,Medium,Alone,No
46166,2531,22,Pune,Evening,Weekday,Desserts,Lunch,Premium,776,No,44,10,3,Yes,Stressed,High,Partner,Yes
46167,3752,29,Hyderabad,Night,Weekend,Biryani,Snacks,Budget,692,No,32,6,5,Yes,Celebrating,High,Partner,Yes
46168,3544,21,Chandigarh,Night,Weekend,South Indian,Dinner,Premium,972,Yes,65,2,3,Yes,Stressed,Low,Friends,No
46169,4510,34,Chandigarh,Afternoon,Weekend,Chinese,Breakfast,Mid-range,788,Yes,62,5,5,Yes,Celebrating,High,Friends,No
46170,4124,22,Hyderabad,Afternoon,Weekend,Fast Food,Snacks,Budget,581,No,95,13,5,No,Celebrating,Medium,Friends,No
46171,2360,32,Delhi,Afternoon,Weekday,Chinese,Lunch,Mid-range,390,Yes,60,10,5,No,Happy,High,Friends,No
46172,1260,28,Mumbai,Morning,Weekday,Biryani,Snacks,Budget,542,No,84,5,5,No,Stressed,Medium,Partner,No
46173,3743,18,Pune,Evening,Weekend,South Indian,Lunch,Premium,307,No,31,8,1,No,Celebrating,Low,Family,No
46174,4063,26,Bangalore,Afternoon,Weekday,Fast Food,Dinner,Budget,258,No,58,12,5,No,Stressed,Low,Partner,Yes
46175,4425,43,Hyderabad,Afternoon,Weekend,Desserts,Dinner,Premium,293,Yes,41,12,5,Yes,Lazy,Low,Partner,Yes
46176,1982,35,Bangalore,Night,Weekend,Chinese,Breakfast,Mid-range,504,No,92,13,5,No,Stressed,Medium,Friends,Yes
46177,3170,25,Pune,Evening,Weekend,South Indian,Snacks,Mid-range,594,Yes,98,10,4,Yes,Celebrating,High,Alone,Yes
46178,3044,33,Mumbai,Night,Weekend,Biryani,Dinner,Premium,451,Yes,65,6,5,No,Celebrating,High,Family,No
46179,4150,40,Bangalore,Afternoon,Weekday,North Indian,Breakfast,Budget,374,No,82,7,1,No,Stressed,Medium,Alone,Yes
46180,1262,33,Delhi,Evening,Weekend,North Indian,Dinner,Budget,532,No,84,8,1,Yes,Stressed,Medium,Family,No
46181,2392,30,Hyderabad,Morning,Weekend,Biryani,Dinner,Mid-range,754,Yes,28,9,5,Yes,Celebrating,Medium,Friends,Yes
46182,4593,31,Mumbai,Afternoon,Weekday,Biryani,Breakfast,Budget,459,Yes,85,4,2,No,Stressed,Low,Friends,No
46183,4244,37,Bangalore,Night,Weekday,North Indian,Breakfast,Premium,643,Yes,50,8,5,Yes,Celebrating,Low,Friends,No
46184,2225,40,Bangalore,Evening,Weekend,South Indian,Dinner,Mid-range,654,No,98,11,2,No,Celebrating,Low,Friends,Yes
46185,3783,44,Mumbai,Evening,Weekend,Chinese,Breakfast,Budget,541,Yes,39,4,1,Yes,Lazy,Medium,Alone,Yes
46186,2524,39,Bangalore,Afternoon,Weekday,Desserts,Snacks,Budget,342,Yes,54,13,3,No,Celebrating,High,Family,No
46187,1938,36,Delhi,Afternoon,Weekend,Fast Food,Dinner,Budget,884,Yes,47,10,1,Yes,Happy,High,Partner,Yes
46188,1819,23,Pune,Morning,Weekend,South Indian,Lunch,Premium,218,Yes,60,3,1,Yes,Celebrating,Medium,Family,No
46189,3570,27,Chandigarh,Morning,Weekend,North Indian,Breakfast,Mid-range,677,No,75,11,5,No,Lazy,High,Alone,Yes
46190,2990,42,Mumbai,Morning,Weekday,North Indian,Breakfast,Budget,434,No,49,14,1,Yes,Stressed,Medium,Alone,No
46191,2891,39,Bangalore,Night,Weekend,Biryani,Breakfast,Budget,219,No,95,12,2,No,Happy,High,Alone,No
46192,4465,32,Pune,Night,Weekend,Fast Food,Snacks,Premium,362,Yes,38,9,4,No,Celebrating,Medium,Family,No
46193,2124,43,Chandigarh,Night,Weekday,Fast Food,Lunch,Premium,695,No,83,1,3,No,Celebrating,High,Partner,Yes
46194,2366,23,Delhi,Night,Weekday,Biryani,Lunch,Budget,233,Yes,22,12,5,Yes,Stressed,High,Family,No
46195,3281,29,Delhi,Evening,Weekend,North Indian,Lunch,Budget,514,No,89,8,4,Yes,Celebrating,High,Friends,No
46196,2688,30,Bangalore,Afternoon,Weekday,South Indian,Breakfast,Budget,637,No,45,7,3,Yes,Stressed,Low,Family,Yes
46197,3039,44,Hyderabad,Morning,Weekday,Biryani,Breakfast,Budget,912,Yes,31,6,3,Yes,Happy,Low,Family,No
46198,3025,35,Delhi,Night,Weekday,Chinese,Dinner,Mid-range,314,Yes,89,14,4,Yes,Stressed,Low,Family,Yes
46199,2855,36,Bangalore,Afternoon,Weekday,North Indian,Breakfast,Mid-range,775,Yes,66,3,1,No,Happy,Low,Alone,Yes
46200,3941,32,Bangalore,Night,Weekday,Chinese,Breakfast,Premium,505,Yes,29,4,3,Yes,Stressed,Low,Friends,Yes
46201,1021,26,Hyderabad,Night,Weekend,Chinese,Breakfast,Budget,841,Yes,71,12,1,No,Lazy,Medium,Family,Yes
46202,4049,24,Hyderabad,Morning,Weekday,Biryani,Dinner,Mid-range,660,No,70,1,4,Yes,Happy,Medium,Partner,Yes
46203,1634,25,Delhi,Night,Weekday,Desserts,Snacks,Premium,943,Yes,21,10,2,No,Celebrating,Low,Alone,Yes
46204,2759,39,Hyderabad,Evening,Weekend,Chinese,Breakfast,Budget,860,Yes,78,3,1,Yes,Happy,Medium,Alone,No
46205,4239,27,Delhi,Evening,Weekend,North Indian,Breakfast,Budget,197,No,99,1,3,Yes,Celebrating,Medium,Friends,No
46206,3414,23,Mumbai,Afternoon,Weekend,Fast Food,Dinner,Premium,754,No,61,4,2,No,Stressed,High,Partner,Yes
46207,4240,30,Bangalore,Morning,Weekday,North Indian,Snacks,Premium,924,No,74,11,2,Yes,Lazy,Medium,Friends,Yes
46208,1133,34,Mumbai,Afternoon,Weekday,Desserts,Dinner,Mid-range,563,Yes,68,9,3,No,Stressed,High,Family,Yes
46209,3488,34,Mumbai,Morning,Weekend,Fast Food,Lunch,Mid-range,706,No,62,7,5,Yes,Happy,Low,Family,No
46210,1929,22,Bangalore,Evening,Weekday,South Indian,Dinner,Premium,615,Yes,57,4,2,No,Celebrating,Low,Alone,No
46211,1723,22,Delhi,Morning,Weekday,Chinese,Snacks,Premium,854,Yes,41,1,5,Yes,Celebrating,Low,Family,No
46212,1305,19,Chandigarh,Morning,Weekday,South Indian,Breakfast,Mid-range,331,No,31,4,1,No,Lazy,High,Partner,No
46213,3023,26,Delhi,Morning,Weekend,Desserts,Lunch,Premium,211,Yes,63,4,5,No,Happy,High,Family,No
46214,2009,32,Mumbai,Afternoon,Weekday,Desserts,Dinner,Premium,760,No,96,2,1,Yes,Happy,Low,Alone,No
46215,2935,35,Pune,Night,Weekday,Desserts,Breakfast,Mid-range,170,Yes,22,8,1,No,Stressed,High,Partner,Yes
46216,2945,41,Mumbai,Evening,Weekend,Desserts,Dinner,Premium,165,Yes,32,8,5,No,Happy,Medium,Family,No
46217,4956,27,Hyderabad,Evening,Weekend,North Indian,Dinner,Premium,171,Yes,64,11,1,No,Lazy,Medium,Partner,Yes
46218,4708,35,Delhi,Morning,Weekday,Fast Food,Breakfast,Budget,345,No,22,1,5,Yes,Celebrating,High,Family,No
46219,1663,38,Pune,Afternoon,Weekend,Chinese,Lunch,Mid-range,478,Yes,79,1,3,No,Celebrating,Low,Partner,No
46220,2546,40,Mumbai,Night,Weekend,Chinese,Dinner,Mid-range,973,No,37,4,4,No,Stressed,High,Alone,Yes
46221,4107,20,Hyderabad,Night,Weekday,Fast Food,Lunch,Premium,359,Yes,40,14,4,No,Celebrating,Low,Family,No
46222,2231,24,Delhi,Morning,Weekend,Biryani,Lunch,Mid-range,943,No,25,2,3,No,Happy,Medium,Family,No
46223,1494,40,Hyderabad,Night,Weekday,South Indian,Dinner,Mid-range,376,Yes,48,10,2,Yes,Celebrating,Low,Friends,No
46224,1863,44,Chandigarh,Morning,Weekend,Fast Food,Dinner,Mid-range,797,Yes,26,9,2,Yes,Stressed,Low,Friends,No
46225,2920,24,Chandigarh,Morning,Weekday,Biryani,Breakfast,Premium,528,No,63,12,1,Yes,Celebrating,High,Friends,Yes
46226,2916,25,Hyderabad,Afternoon,Weekday,Chinese,Breakfast,Premium,658,Yes,21,9,4,No,Celebrating,Medium,Partner,No
46227,1922,42,Chandigarh,Morning,Weekday,South Indian,Snacks,Budget,861,Yes,86,3,2,No,Stressed,Medium,Friends,No
46228,4177,32,Pune,Afternoon,Weekday,Fast Food,Dinner,Mid-range,586,No,57,4,1,No,Celebrating,Low,Family,Yes
46229,3710,42,Bangalore,Evening,Weekday,South Indian,Dinner,Budget,109,Yes,48,4,2,No,Happy,Medium,Friends,No
46230,1731,37,Delhi,Morning,Weekend,Chinese,Snacks,Budget,797,No,56,2,4,No,Stressed,High,Partner,No
46231,1871,22,Mumbai,Afternoon,Weekday,Chinese,Lunch,Premium,418,No,35,2,2,Yes,Happy,Medium,Friends,No
46232,4663,25,Pune,Afternoon,Weekend,Chinese,Dinner,Premium,300,No,67,5,5,No,Stressed,Medium,Family,No
46233,3076,27,Delhi,Afternoon,Weekend,Biryani,Lunch,Mid-range,274,Yes,78,1,5,No,Celebrating,Low,Friends,Yes
46234,3454,36,Delhi,Evening,Weekend,South Indian,Snacks,Premium,992,Yes,73,12,1,No,Happy,High,Alone,No
46235,4237,43,Chandigarh,Morning,Weekend,Biryani,Snacks,Premium,118,No,45,6,3,Yes,Lazy,Low,Friends,Yes
46236,1856,20,Hyderabad,Afternoon,Weekend,South Indian,Snacks,Premium,436,No,36,10,1,Yes,Happy,Low,Family,No
46237,4459,36,Mumbai,Afternoon,Weekend,North Indian,Breakfast,Premium,142,Yes,41,11,1,Yes,Happy,Medium,Friends,Yes
46238,3836,41,Delhi,Morning,Weekday,Fast Food,Breakfast,Budget,930,No,66,13,1,Yes,Stressed,Low,Family,Yes
46239,3329,33,Delhi,Evening,Weekend,North Indian,Breakfast,Budget,445,Yes,44,8,1,No,Happy,Medium,Alone,Yes
46240,4730,27,Chandigarh,Evening,Weekend,North Indian,Breakfast,Budget,182,No,41,6,1,Yes,Lazy,Low,Friends,Yes
46241,2054,34,Chandigarh,Night,Weekend,North Indian,Snacks,Premium,748,Yes,77,3,1,No,Happy,Medium,Friends,No
46242,2387,35,Pune,Night,Weekend,Chinese,Snacks,Budget,950,No,93,4,3,Yes,Celebrating,High,Family,No
46243,3038,36,Chandigarh,Afternoon,Weekend,Biryani,Lunch,Mid-range,969,Yes,89,14,2,Yes,Stressed,High,Alone,Yes
46244,4197,38,Mumbai,Evening,Weekend,Biryani,Dinner,Premium,990,No,25,8,2,Yes,Lazy,High,Alone,No
46245,4718,27,Hyderabad,Night,Weekend,Biryani,Lunch,Mid-range,199,Yes,55,13,2,No,Celebrating,Medium,Family,No
46246,2672,44,Mumbai,Night,Weekday,Chinese,Snacks,Mid-range,469,Yes,70,3,4,No,Celebrating,High,Partner,Yes
46247,1804,29,Hyderabad,Evening,Weekend,Desserts,Breakfast,Premium,708,No,35,3,2,Yes,Stressed,High,Family,No
46248,2543,40,Bangalore,Morning,Weekday,Desserts,Dinner,Premium,557,No,47,14,3,No,Celebrating,High,Partner,Yes
46249,1533,44,Mumbai,Evening,Weekday,Desserts,Snacks,Mid-range,696,Yes,71,10,4,Yes,Stressed,High,Partner,Yes
46250,4570,25,Hyderabad,Evening,Weekend,Desserts,Lunch,Premium,378,No,62,13,2,Yes,Happy,Medium,Alone,No
46251,2825,31,Pune,Morning,Weekday,Fast Food,Dinner,Budget,779,Yes,86,3,3,No,Lazy,Medium,Partner,No
46252,3052,36,Delhi,Evening,Weekend,Biryani,Breakfast,Premium,147,Yes,98,10,3,No,Celebrating,High,Partner,No
46253,1053,40,Chandigarh,Morning,Weekday,Desserts,Lunch,Budget,507,No,28,8,2,No,Lazy,High,Family,No
46254,3663,24,Bangalore,Evening,Weekday,Desserts,Dinner,Premium,112,Yes,73,8,1,Yes,Celebrating,Medium,Partner,No
46255,3325,41,Pune,Morning,Weekend,Fast Food,Breakfast,Premium,948,No,73,1,2,Yes,Lazy,Medium,Partner,No
46256,1196,29,Delhi,Evening,Weekend,Desserts,Lunch,Budget,238,Yes,72,1,2,No,Stressed,Low,Friends,Yes
46257,1583,36,Chandigarh,Morning,Weekend,North Indian,Breakfast,Mid-range,312,Yes,88,4,2,Yes,Stressed,High,Partner,Yes
46258,1456,42,Delhi,Afternoon,Weekday,Chinese,Snacks,Mid-range,863,No,78,8,4,Yes,Celebrating,Low,Friends,No
46259,1993,39,Delhi,Afternoon,Weekday,Chinese,Snacks,Premium,542,No,24,8,3,Yes,Lazy,Low,Partner,Yes
46260,3701,41,Hyderabad,Morning,Weekday,North Indian,Snacks,Budget,349,No,93,12,3,Yes,Celebrating,Low,Friends,Yes
46261,1888,39,Mumbai,Evening,Weekday,North Indian,Lunch,Premium,154,No,50,4,3,No,Stressed,Medium,Alone,Yes
46262,3450,28,Chandigarh,Night,Weekday,Chinese,Dinner,Budget,105,Yes,61,7,4,No,Stressed,Low,Friends,Yes
46263,3256,42,Chandigarh,Morning,Weekday,South Indian,Snacks,Budget,998,Yes,48,13,1,Yes,Lazy,High,Alone,Yes
46264,2975,36,Chandigarh,Evening,Weekday,Desserts,Dinner,Premium,932,No,59,8,5,Yes,Celebrating,High,Alone,No
46265,3588,28,Bangalore,Night,Weekend,South Indian,Breakfast,Mid-range,559,No,33,8,3,No,Happy,Medium,Family,No
46266,4003,34,Hyderabad,Evening,Weekday,Fast Food,Breakfast,Premium,468,Yes,33,9,4,No,Celebrating,High,Family,No
46267,3558,39,Chandigarh,Morning,Weekend,Desserts,Lunch,Mid-range,687,Yes,75,12,5,Yes,Lazy,High,Alone,No
46268,2892,22,Hyderabad,Evening,Weekend,Fast Food,Dinner,Premium,724,Yes,80,6,2,Yes,Stressed,Low,Alone,Yes
46269,2884,26,Pune,Night,Weekday,Biryani,Dinner,Premium,611,Yes,33,13,2,Yes,Celebrating,High,Family,Yes
46270,1718,21,Pune,Evening,Weekday,Chinese,Dinner,Mid-range,626,Yes,98,5,1,Yes,Happy,Low,Friends,Yes
46271,4106,20,Bangalore,Afternoon,Weekend,Chinese,Breakfast,Mid-range,291,Yes,72,2,3,Yes,Happy,Low,Partner,No
46272,4476,26,Bangalore,Morning,Weekday,South Indian,Breakfast,Budget,163,No,89,2,3,No,Celebrating,High,Friends,Yes
46273,1559,26,Pune,Night,Weekend,Biryani,Dinner,Budget,101,No,86,7,3,Yes,Lazy,Low,Family,Yes
46274,1008,24,Pune,Night,Weekday,Desserts,Dinner,Mid-range,408,No,20,1,2,No,Happy,Low,Alone,Yes
46275,1272,44,Bangalore,Afternoon,Weekend,North Indian,Snacks,Premium,718,Yes,54,5,2,No,Lazy,Low,Alone,Yes
46276,1459,34,Delhi,Morning,Weekday,Fast Food,Lunch,Premium,503,No,95,6,3,Yes,Stressed,Low,Alone,No
46277,2371,30,Delhi,Evening,Weekend,Desserts,Dinner,Premium,958,No,85,7,3,No,Lazy,Medium,Alone,No
46278,2251,43,Delhi,Afternoon,Weekend,Fast Food,Breakfast,Mid-range,772,No,41,14,4,No,Stressed,High,Alone,No
46279,4868,44,Bangalore,Morning,Weekday,North Indian,Dinner,Premium,312,Yes,62,8,5,Yes,Happy,Low,Partner,No
46280,2480,31,Bangalore,Evening,Weekday,North Indian,Breakfast,Premium,641,Yes,27,2,5,Yes,Happy,High,Family,Yes
46281,4025,41,Hyderabad,Night,Weekday,Fast Food,Breakfast,Budget,725,No,26,4,5,No,Stressed,Low,Family,Yes
46282,1217,38,Chandigarh,Night,Weekday,Desserts,Breakfast,Mid-range,709,Yes,40,11,3,No,Lazy,Medium,Friends,No
46283,2549,22,Mumbai,Night,Weekend,Biryani,Dinner,Budget,954,No,81,10,5,Yes,Stressed,High,Friends,Yes
46284,1598,34,Bangalore,Afternoon,Weekend,Chinese,Lunch,Budget,788,No,27,9,5,No,Lazy,Medium,Family,No
46285,4445,20,Mumbai,Morning,Weekday,Desserts,Lunch,Premium,252,Yes,24,2,5,No,Celebrating,Low,Alone,No
46286,4461,19,Delhi,Night,Weekend,Fast Food,Lunch,Premium,626,Yes,43,8,1,No,Stressed,Medium,Family,No
46287,1241,19,Hyderabad,Afternoon,Weekday,Chinese,Lunch,Mid-range,453,No,66,6,2,Yes,Happy,Medium,Partner,Yes
46288,3299,25,Hyderabad,Afternoon,Weekday,North Indian,Lunch,Premium,802,Yes,73,3,5,No,Celebrating,Low,Partner,Yes
46289,3401,24,Mumbai,Afternoon,Weekend,Desserts,Lunch,Mid-range,997,No,66,14,3,Yes,Happy,Medium,Alone,Yes
46290,1747,26,Bangalore,Evening,Weekday,Desserts,Dinner,Premium,159,No,25,6,5,Yes,Stressed,Medium,Partner,Yes
46291,1990,35,Mumbai,Afternoon,Weekday,Biryani,Lunch,Premium,638,No,47,7,1,No,Happy,Medium,Partner,Yes
46292,4696,26,Hyderabad,Morning,Weekend,Desserts,Snacks,Premium,421,Yes,37,6,2,No,Celebrating,High,Friends,Yes
46293,2197,20,Mumbai,Morning,Weekday,Biryani,Snacks,Premium,489,No,67,2,4,Yes,Lazy,Low,Family,Yes
46294,4768,34,Hyderabad,Morning,Weekday,Biryani,Breakfast,Premium,773,Yes,68,9,1,Yes,Stressed,Low,Family,No
46295,3593,26,Mumbai,Evening,Weekday,Desserts,Dinner,Premium,590,Yes,64,6,5,No,Celebrating,Low,Partner,Yes
46296,4793,38,Chandigarh,Evening,Weekday,Fast Food,Dinner,Premium,638,Yes,85,4,4,Yes,Stressed,High,Friends,No
46297,1968,30,Pune,Morning,Weekend,South Indian,Lunch,Mid-range,701,Yes,47,9,4,No,Stressed,Medium,Alone,Yes
46298,1623,37,Hyderabad,Morning,Weekend,North Indian,Lunch,Premium,517,No,76,1,3,Yes,Stressed,High,Partner,No
46299,4852,23,Delhi,Night,Weekend,Desserts,Snacks,Premium,767,Yes,57,14,3,No,Stressed,Low,Partner,No
46300,3959,37,Hyderabad,Night,Weekend,South Indian,Lunch,Mid-range,531,No,46,13,3,No,Celebrating,Medium,Alone,Yes
46301,3765,32,Mumbai,Evening,Weekday,Desserts,Dinner,Budget,464,No,20,8,1,Yes,Celebrating,Medium,Friends,No
46302,1864,18,Chandigarh,Morning,Weekend,North Indian,Lunch,Premium,613,No,36,2,3,No,Lazy,Medium,Alone,Yes
46303,3259,18,Chandigarh,Morning,Weekday,Chinese,Snacks,Budget,882,Yes,56,14,3,No,Lazy,Medium,Partner,No
46304,2271,27,Mumbai,Morning,Weekday,Chinese,Dinner,Mid-range,295,Yes,56,14,3,No,Celebrating,Medium,Alone,Yes
46305,2138,37,Hyderabad,Afternoon,Weekend,South Indian,Snacks,Budget,151,No,60,8,1,No,Celebrating,Low,Partner,Yes
46306,1867,19,Pune,Morning,Weekday,South Indian,Breakfast,Premium,396,Yes,74,6,2,Yes,Happy,High,Family,No
46307,4974,38,Chandigarh,Evening,Weekend,South Indian,Snacks,Budget,904,Yes,81,4,2,Yes,Stressed,Medium,Partner,Yes
46308,3700,19,Mumbai,Afternoon,Weekend,Chinese,Lunch,Premium,270,No,42,9,2,Yes,Happy,Medium,Alone,No
46309,4201,43,Bangalore,Night,Weekday,North Indian,Breakfast,Budget,631,Yes,61,14,4,No,Celebrating,High,Friends,Yes
46310,2007,18,Bangalore,Afternoon,Weekday,Desserts,Lunch,Budget,197,No,22,1,3,No,Lazy,High,Alone,No
46311,2549,43,Pune,Evening,Weekend,Chinese,Breakfast,Budget,863,Yes,63,3,3,Yes,Stressed,Medium,Family,No
46312,4249,21,Chandigarh,Night,Weekday,Fast Food,Lunch,Mid-range,798,Yes,62,6,4,Yes,Stressed,High,Family,No
46313,4975,38,Pune,Morning,Weekend,Fast Food,Dinner,Budget,748,No,73,12,2,Yes,Stressed,Low,Friends,No
46314,3903,34,Mumbai,Evening,Weekday,North Indian,Lunch,Premium,829,Yes,61,11,4,Yes,Lazy,High,Alone,Yes
46315,4453,28,Chandigarh,Morning,Weekday,Biryani,Snacks,Budget,200,No,24,5,3,Yes,Celebrating,Medium,Partner,No
46316,2352,43,Mumbai,Morning,Weekday,Desserts,Lunch,Budget,265,No,89,5,4,No,Happy,Medium,Family,Yes
46317,3663,36,Delhi,Afternoon,Weekend,North Indian,Snacks,Mid-range,595,No,23,7,3,Yes,Happy,High,Alone,Yes
46318,2066,18,Bangalore,Morning,Weekday,Chinese,Snacks,Mid-range,307,Yes,47,8,1,No,Lazy,Medium,Partner,Yes
46319,3147,36,Delhi,Evening,Weekday,Fast Food,Dinner,Mid-range,680,Yes,25,11,4,No,Happy,Medium,Partner,Yes
46320,1412,21,Bangalore,Evening,Weekend,South Indian,Dinner,Premium,924,Yes,87,8,3,Yes,Happy,Medium,Friends,Yes
46321,2478,41,Mumbai,Evening,Weekday,North Indian,Breakfast,Budget,196,No,94,1,2,No,Stressed,Medium,Family,Yes
46322,4704,40,Hyderabad,Afternoon,Weekday,Chinese,Snacks,Premium,768,Yes,68,12,2,Yes,Stressed,Medium,Partner,Yes
46323,1401,23,Mumbai,Evening,Weekday,Desserts,Lunch,Budget,546,No,64,12,3,Yes,Lazy,Low,Partner,Yes
46324,1680,20,Pune,Morning,Weekend,Fast Food,Dinner,Mid-range,329,Yes,95,7,1,Yes,Stressed,High,Partner,Yes
46325,4569,43,Delhi,Evening,Weekday,Desserts,Snacks,Budget,586,No,66,2,1,Yes,Lazy,Medium,Friends,No
46326,4052,20,Delhi,Morning,Weekend,Fast Food,Breakfast,Mid-range,174,Yes,47,7,2,Yes,Stressed,High,Family,No
46327,2138,35,Mumbai,Afternoon,Weekend,Chinese,Breakfast,Premium,473,No,89,8,3,No,Lazy,Medium,Alone,No
46328,1628,21,Pune,Night,Weekday,North Indian,Lunch,Mid-range,781,No,69,9,2,No,Stressed,Low,Family,Yes
46329,1253,23,Hyderabad,Morning,Weekend,Fast Food,Lunch,Premium,132,No,63,10,1,No,Lazy,High,Alone,No
46330,2789,44,Hyderabad,Morning,Weekday,Fast Food,Lunch,Premium,310,Yes,62,12,1,No,Happy,Medium,Friends,Yes
46331,3374,21,Pune,Afternoon,Weekday,North Indian,Breakfast,Premium,415,Yes,21,1,3,Yes,Lazy,Medium,Family,No
46332,4402,25,Pune,Evening,Weekday,Biryani,Dinner,Premium,874,No,73,7,4,No,Stressed,Low,Friends,No
46333,4012,30,Chandigarh,Night,Weekday,Chinese,Lunch,Premium,851,No,43,2,4,Yes,Lazy,High,Partner,Yes
46334,4338,32,Chandigarh,Morning,Weekday,Desserts,Breakfast,Premium,404,Yes,80,4,5,No,Happy,Low,Partner,Yes
46335,2794,41,Chandigarh,Night,Weekend,South Indian,Breakfast,Mid-range,675,No,90,4,2,No,Stressed,Medium,Friends,No
46336,1002,44,Chandigarh,Night,Weekday,Desserts,Snacks,Premium,820,No,80,6,5,Yes,Happy,High,Family,Yes
46337,1156,22,Delhi,Evening,Weekend,Desserts,Dinner,Mid-range,440,No,93,4,1,No,Celebrating,Medium,Alone,No
46338,3041,37,Pune,Night,Weekday,Desserts,Snacks,Mid-range,609,No,91,14,2,Yes,Stressed,Low,Partner,Yes
46339,3885,40,Chandigarh,Night,Weekend,Biryani,Breakfast,Budget,441,No,52,1,1,Yes,Happy,High,Alone,Yes
46340,3009,23,Hyderabad,Night,Weekend,Desserts,Snacks,Mid-range,872,No,93,4,3,Yes,Celebrating,Medium,Partner,No
46341,1320,37,Bangalore,Afternoon,Weekday,North Indian,Breakfast,Budget,994,Yes,82,1,5,Yes,Happy,High,Family,Yes
46342,3316,23,Hyderabad,Afternoon,Weekend,Fast Food,Snacks,Premium,449,No,41,9,1,Yes,Happy,Low,Alone,No
46343,2318,33,Mumbai,Afternoon,Weekday,Biryani,Lunch,Mid-range,744,No,46,6,1,Yes,Lazy,High,Alone,Yes
46344,2955,44,Hyderabad,Evening,Weekend,North Indian,Snacks,Budget,146,No,37,7,1,No,Happy,Low,Family,Yes
46345,4625,24,Chandigarh,Afternoon,Weekend,North Indian,Snacks,Budget,829,Yes,78,8,3,No,Lazy,High,Family,No
46346,1848,18,Mumbai,Morning,Weekend,Chinese,Dinner,Premium,787,No,44,13,4,No,Happy,Medium,Alone,Yes
46347,2991,31,Bangalore,Afternoon,Weekday,Desserts,Snacks,Budget,897,Yes,71,8,5,Yes,Celebrating,High,Friends,No
46348,1879,41,Bangalore,Morning,Weekday,South Indian,Breakfast,Premium,910,No,65,7,3,Yes,Stressed,Low,Family,Yes
46349,2145,38,Bangalore,Morning,Weekend,Chinese,Lunch,Budget,927,Yes,38,9,2,No,Celebrating,Medium,Family,Yes
46350,2378,37,Hyderabad,Morning,Weekday,South Indian,Lunch,Mid-range,685,No,50,13,3,No,Lazy,Low,Alone,Yes
46351,4304,23,Pune,Evening,Weekday,North Indian,Dinner,Mid-range,794,No,84,4,2,Yes,Celebrating,Medium,Family,No
46352,1222,40,Pune,Afternoon,Weekday,Desserts,Lunch,Budget,452,Yes,78,5,2,No,Celebrating,Low,Friends,No
46353,4225,32,Chandigarh,Morning,Weekday,Fast Food,Lunch,Budget,727,No,52,7,3,No,Stressed,Medium,Alone,Yes
46354,2653,31,Bangalore,Afternoon,Weekday,North Indian,Breakfast,Mid-range,192,Yes,30,11,2,No,Celebrating,High,Partner,No
46355,2869,40,Delhi,Afternoon,Weekend,South Indian,Breakfast,Mid-range,201,Yes,26,2,3,No,Celebrating,Medium,Family,Yes
46356,2401,25,Pune,Morning,Weekend,Biryani,Breakfast,Budget,696,Yes,97,6,5,Yes,Celebrating,High,Alone,Yes
46357,2077,32,Hyderabad,Night,Weekday,Desserts,Breakfast,Mid-range,786,Yes,93,7,5,Yes,Happy,High,Friends,Yes
46358,1821,18,Hyderabad,Night,Weekday,South Indian,Breakfast,Mid-range,888,Yes,65,5,3,Yes,Happy,Low,Family,Yes
46359,1201,38,Chandigarh,Night,Weekday,North Indian,Snacks,Premium,690,Yes,98,13,1,Yes,Lazy,Medium,Friends,Yes
46360,3563,28,Hyderabad,Afternoon,Weekday,North Indian,Dinner,Premium,549,No,52,6,4,No,Lazy,High,Family,Yes
46361,3525,33,Bangalore,Morning,Weekday,Chinese,Breakfast,Premium,580,No,66,11,4,No,Happy,Low,Family,No
46362,3398,20,Chandigarh,Morning,Weekend,Chinese,Snacks,Premium,229,No,69,5,5,Yes,Celebrating,Low,Family,No
46363,2185,38,Mumbai,Evening,Weekday,South Indian,Lunch,Budget,271,Yes,37,1,4,No,Celebrating,Medium,Friends,Yes
46364,3667,20,Pune,Evening,Weekday,North Indian,Dinner,Premium,927,No,80,9,4,Yes,Stressed,High,Friends,No
46365,2458,43,Bangalore,Morning,Weekend,Fast Food,Breakfast,Premium,559,Yes,80,4,5,No,Lazy,Low,Friends,No
46366,4074,26,Hyderabad,Night,Weekday,Fast Food,Dinner,Premium,698,Yes,25,2,5,Yes,Lazy,Medium,Alone,No
46367,3958,30,Bangalore,Evening,Weekday,South Indian,Snacks,Budget,710,No,46,10,1,No,Stressed,High,Friends,No
46368,2374,19,Chandigarh,Afternoon,Weekend,North Indian,Snacks,Budget,540,Yes,88,6,3,No,Stressed,Medium,Alone,Yes
46369,1581,31,Pune,Evening,Weekend,North Indian,Lunch,Mid-range,113,No,65,6,3,No,Happy,High,Friends,Yes
46370,2127,34,Chandigarh,Morning,Weekday,Fast Food,Breakfast,Budget,230,Yes,77,5,1,Yes,Lazy,Medium,Partner,No
46371,1039,25,Chandigarh,Afternoon,Weekday,Fast Food,Snacks,Budget,882,Yes,20,7,2,Yes,Lazy,Medium,Friends,Yes
46372,1534,19,Hyderabad,Night,Weekday,Fast Food,Breakfast,Premium,630,Yes,65,9,1,Yes,Happy,High,Alone,No
46373,2086,40,Pune,Morning,Weekday,North Indian,Lunch,Budget,273,No,84,9,4,No,Stressed,High,Alone,No
46374,1335,30,Hyderabad,Night,Weekday,Biryani,Lunch,Premium,874,Yes,31,2,4,Yes,Celebrating,Low,Family,No
46375,2874,28,Mumbai,Afternoon,Weekday,Desserts,Snacks,Budget,392,Yes,20,9,2,Yes,Lazy,Medium,Alone,No
46376,1816,40,Pune,Evening,Weekend,Fast Food,Snacks,Premium,772,No,45,8,2,Yes,Happy,High,Alone,Yes
46377,2259,37,Hyderabad,Night,Weekday,North Indian,Snacks,Budget,416,No,28,6,1,Yes,Lazy,Low,Family,Yes
46378,2304,24,Chandigarh,Evening,Weekday,South Indian,Breakfast,Budget,396,Yes,32,2,4,No,Happy,Low,Alone,Yes
46379,3054,22,Hyderabad,Night,Weekday,South Indian,Dinner,Budget,993,No,45,2,2,No,Happy,Low,Alone,Yes
46380,4949,30,Delhi,Afternoon,Weekday,Biryani,Breakfast,Mid-range,287,Yes,42,7,3,No,Stressed,Medium,Friends,Yes
46381,3051,42,Chandigarh,Morning,Weekend,Chinese,Dinner,Premium,894,No,22,13,4,Yes,Lazy,Medium,Partner,No
46382,4419,34,Delhi,Morning,Weekday,North Indian,Dinner,Premium,450,No,39,11,5,Yes,Stressed,Low,Alone,No
46383,4638,41,Mumbai,Morning,Weekday,Fast Food,Lunch,Premium,662,Yes,91,1,5,No,Celebrating,Low,Friends,No
46384,1101,43,Delhi,Night,Weekend,Desserts,Snacks,Premium,589,No,34,5,5,No,Lazy,High,Family,Yes
46385,4976,39,Pune,Night,Weekday,Fast Food,Snacks,Mid-range,676,Yes,56,7,1,No,Lazy,Medium,Family,No
46386,4756,36,Pune,Afternoon,Weekend,Fast Food,Dinner,Budget,643,No,48,14,2,No,Stressed,Medium,Alone,Yes
46387,3015,18,Delhi,Evening,Weekday,Chinese,Dinner,Premium,982,Yes,76,1,2,No,Happy,Low,Partner,No
46388,3989,43,Pune,Afternoon,Weekend,Biryani,Breakfast,Mid-range,562,No,70,9,3,Yes,Celebrating,Medium,Friends,No
46389,1465,31,Mumbai,Afternoon,Weekend,North Indian,Snacks,Mid-range,754,Yes,78,12,2,No,Happy,High,Family,No
46390,1684,31,Mumbai,Afternoon,Weekend,Desserts,Breakfast,Premium,772,No,69,1,2,Yes,Lazy,High,Alone,No
46391,3425,26,Bangalore,Afternoon,Weekday,Biryani,Breakfast,Budget,373,No,58,7,5,No,Stressed,Low,Friends,Yes
46392,1114,32,Pune,Night,Weekend,Desserts,Snacks,Premium,391,Yes,25,13,5,Yes,Celebrating,Medium,Friends,No
46393,3336,39,Mumbai,Afternoon,Weekend,Desserts,Lunch,Budget,198,Yes,89,5,3,No,Happy,Medium,Alone,Yes
46394,3476,26,Mumbai,Night,Weekday,North Indian,Snacks,Premium,767,No,56,11,5,No,Stressed,Low,Alone,Yes
46395,4668,35,Mumbai,Evening,Weekend,North Indian,Lunch,Premium,296,No,75,2,5,Yes,Celebrating,High,Friends,No
46396,2318,41,Delhi,Evening,Weekend,South Indian,Breakfast,Budget,525,Yes,95,13,3,No,Happy,High,Friends,No
46397,2361,18,Mumbai,Afternoon,Weekend,Biryani,Lunch,Premium,101,Yes,41,8,3,Yes,Celebrating,High,Partner,No
46398,3163,20,Mumbai,Morning,Weekend,Fast Food,Lunch,Premium,135,Yes,45,8,4,No,Lazy,Low,Alone,Yes
46399,1026,29,Bangalore,Night,Weekday,Desserts,Snacks,Budget,778,Yes,85,7,5,Yes,Celebrating,Medium,Alone,No
46400,1935,24,Pune,Afternoon,Weekday,Chinese,Breakfast,Premium,985,Yes,39,11,5,No,Lazy,Medium,Alone,Yes
46401,2214,19,Chandigarh,Evening,Weekend,Desserts,Lunch,Budget,131,Yes,29,11,4,Yes,Happy,High,Alone,Yes
46402,3777,31,Mumbai,Morning,Weekday,Fast Food,Snacks,Premium,401,No,55,4,4,No,Happy,High,Alone,No
46403,1300,28,Bangalore,Evening,Weekday,South Indian,Snacks,Mid-range,195,No,44,12,5,Yes,Celebrating,Low,Family,No
46404,2444,40,Mumbai,Afternoon,Weekend,Desserts,Breakfast,Mid-range,169,Yes,98,4,1,No,Lazy,High,Partner,No
46405,2177,23,Delhi,Afternoon,Weekday,Chinese,Snacks,Mid-range,699,Yes,83,4,1,No,Lazy,High,Friends,Yes
46406,4252,34,Mumbai,Morning,Weekend,Desserts,Lunch,Budget,498,Yes,47,7,4,No,Celebrating,Low,Partner,No
46407,4909,23,Hyderabad,Afternoon,Weekday,Fast Food,Breakfast,Mid-range,172,No,60,8,2,No,Lazy,Medium,Family,No
46408,3111,41,Pune,Afternoon,Weekday,Biryani,Snacks,Premium,957,No,54,1,4,Yes,Happy,Low,Partner,No
46409,4061,35,Hyderabad,Evening,Weekend,South Indian,Dinner,Budget,993,No,68,3,3,Yes,Lazy,High,Friends,No
46410,3386,22,Chandigarh,Morning,Weekend,Desserts,Breakfast,Premium,283,No,55,5,3,No,Happy,High,Family,No
46411,4888,19,Hyderabad,Night,Weekday,Biryani,Snacks,Premium,187,No,90,4,1,No,Happy,Medium,Partner,No
46412,2087,22,Mumbai,Afternoon,Weekday,Biryani,Lunch,Budget,179,Yes,84,6,1,No,Lazy,Medium,Family,Yes
46413,3204,28,Pune,Afternoon,Weekend,South Indian,Snacks,Premium,124,Yes,54,2,4,Yes,Stressed,Low,Partner,No
46414,2995,28,Chandigarh,Evening,Weekday,Chinese,Breakfast,Mid-range,331,Yes,67,8,3,No,Celebrating,Low,Friends,No
46415,3952,29,Mumbai,Afternoon,Weekday,Chinese,Lunch,Budget,798,Yes,28,11,2,Yes,Celebrating,Medium,Friends,Yes
46416,2251,44,Hyderabad,Afternoon,Weekend,Biryani,Lunch,Mid-range,338,No,57,3,2,Yes,Happy,Low,Partner,No
46417,4209,20,Bangalore,Afternoon,Weekday,Biryani,Lunch,Budget,179,Yes,25,6,2,Yes,Happy,Medium,Family,No
46418,1342,24,Bangalore,Morning,Weekend,South Indian,Lunch,Premium,854,No,22,3,1,No,Lazy,Low,Friends,No
46419,4759,27,Pune,Night,Weekday,South Indian,Breakfast,Mid-range,910,Yes,34,3,5,Yes,Stressed,Medium,Alone,No
46420,3281,32,Mumbai,Afternoon,Weekday,North Indian,Dinner,Mid-range,117,No,74,12,5,Yes,Stressed,Medium,Family,Yes
46421,3991,38,Delhi,Morning,Weekday,Fast Food,Dinner,Mid-range,777,No,25,12,5,Yes,Happy,Low,Partner,No
46422,2482,31,Delhi,Evening,Weekend,Desserts,Snacks,Premium,258,No,32,10,2,Yes,Stressed,Medium,Friends,Yes
46423,2318,31,Mumbai,Evening,Weekday,Desserts,Snacks,Mid-range,725,Yes,24,14,1,No,Celebrating,Medium,Partner,Yes
46424,2135,43,Pune,Night,Weekend,North Indian,Dinner,Premium,881,No,28,14,1,No,Stressed,Low,Alone,Yes
46425,1199,34,Hyderabad,Night,Weekend,Fast Food,Breakfast,Budget,663,No,89,8,3,No,Lazy,Low,Family,No
46426,2368,18,Mumbai,Morning,Weekend,Fast Food,Lunch,Budget,891,Yes,55,7,4,No,Stressed,Medium,Friends,Yes
46427,1444,25,Chandigarh,Morning,Weekend,North Indian,Lunch,Premium,639,No,44,4,2,Yes,Happy,Low,Family,No
46428,2640,24,Pune,Afternoon,Weekday,Fast Food,Dinner,Budget,799,Yes,63,14,3,Yes,Stressed,Medium,Alone,Yes
46429,1064,19,Mumbai,Afternoon,Weekday,Desserts,Snacks,Mid-range,614,Yes,47,5,4,Yes,Stressed,Low,Friends,Yes
46430,2286,36,Pune,Evening,Weekend,South Indian,Snacks,Mid-range,976,Yes,78,11,5,No,Lazy,High,Partner,No
46431,1639,18,Hyderabad,Night,Weekday,Chinese,Lunch,Budget,406,No,80,13,1,No,Happy,Low,Family,Yes
46432,1554,35,Delhi,Night,Weekday,Biryani,Lunch,Mid-range,209,No,88,1,5,Yes,Happy,High,Partner,No
46433,2424,33,Chandigarh,Evening,Weekend,North Indian,Dinner,Budget,726,No,34,10,3,Yes,Celebrating,Low,Alone,No
46434,2971,23,Chandigarh,Evening,Weekday,Biryani,Snacks,Mid-range,382,Yes,21,2,5,Yes,Stressed,Medium,Alone,No
46435,2476,35,Bangalore,Evening,Weekend,Biryani,Lunch,Premium,455,No,87,10,4,Yes,Celebrating,Medium,Family,No
46436,1056,33,Mumbai,Evening,Weekend,Biryani,Breakfast,Premium,261,Yes,61,4,1,No,Stressed,High,Family,No
46437,1879,44,Mumbai,Afternoon,Weekend,North Indian,Breakfast,Budget,185,No,92,4,3,Yes,Happy,Medium,Alone,Yes
46438,2484,41,Delhi,Morning,Weekday,South Indian,Lunch,Budget,726,No,62,3,3,Yes,Stressed,Medium,Partner,No
46439,3192,30,Mumbai,Afternoon,Weekday,North Indian,Lunch,Budget,837,No,47,5,2,No,Lazy,High,Friends,No
46440,3821,20,Chandigarh,Evening,Weekday,North Indian,Snacks,Premium,497,Yes,62,13,2,Yes,Happy,Medium,Friends,No
46441,1658,21,Chandigarh,Afternoon,Weekday,North Indian,Lunch,Mid-range,964,Yes,60,5,2,Yes,Happy,Low,Family,Yes
46442,3748,39,Chandigarh,Night,Weekday,Biryani,Dinner,Premium,922,No,21,14,4,No,Stressed,High,Friends,Yes
46443,2292,20,Mumbai,Night,Weekday,Chinese,Breakfast,Budget,956,Yes,87,7,4,No,Stressed,Medium,Family,No
46444,2306,18,Mumbai,Afternoon,Weekend,North Indian,Breakfast,Budget,532,Yes,20,5,2,No,Happy,Medium,Partner,No
46445,4444,30,Hyderabad,Night,Weekday,South Indian,Breakfast,Premium,610,Yes,98,1,2,Yes,Lazy,Low,Alone,Yes
46446,1151,42,Chandigarh,Evening,Weekend,Desserts,Lunch,Premium,281,Yes,70,4,5,Yes,Lazy,Medium,Partner,No
46447,1642,25,Delhi,Afternoon,Weekday,Fast Food,Lunch,Budget,812,Yes,43,14,4,Yes,Stressed,High,Family,No
46448,3841,32,Pune,Evening,Weekday,Chinese,Breakfast,Premium,778,No,56,11,1,Yes,Celebrating,Medium,Friends,No
46449,4654,35,Chandigarh,Night,Weekend,Desserts,Snacks,Mid-range,845,Yes,98,6,5,No,Lazy,High,Friends,Yes
46450,1552,33,Delhi,Afternoon,Weekend,North Indian,Lunch,Premium,792,Yes,51,8,1,No,Celebrating,Low,Partner,No
46451,3209,44,Pune,Morning,Weekend,North Indian,Lunch,Mid-range,413,Yes,46,13,2,Yes,Lazy,High,Friends,Yes
46452,2389,23,Chandigarh,Evening,Weekday,Chinese,Dinner,Premium,323,No,43,3,5,No,Happy,High,Friends,No
46453,3488,23,Bangalore,Night,Weekday,Fast Food,Breakfast,Mid-range,738,No,91,9,4,No,Lazy,Medium,Alone,Yes
46454,2102,29,Delhi,Morning,Weekday,Chinese,Snacks,Budget,179,No,61,10,5,No,Lazy,Medium,Family,Yes
46455,4533,27,Mumbai,Evening,Weekend,Fast Food,Snacks,Budget,832,No,66,12,1,Yes,Lazy,Medium,Alone,No
46456,4350,38,Bangalore,Morning,Weekend,South Indian,Lunch,Premium,579,Yes,52,6,3,No,Stressed,Medium,Family,Yes
46457,1893,25,Mumbai,Morning,Weekday,Biryani,Lunch,Budget,449,No,50,6,4,Yes,Celebrating,Low,Alone,Yes
46458,2766,21,Hyderabad,Evening,Weekend,Biryani,Dinner,Mid-range,162,Yes,41,2,5,No,Lazy,Low,Alone,No
46459,4325,26,Hyderabad,Night,Weekday,Chinese,Snacks,Budget,110,No,45,4,1,Yes,Lazy,Low,Friends,Yes
46460,3267,24,Chandigarh,Morning,Weekday,Biryani,Dinner,Premium,920,No,32,5,2,Yes,Lazy,Low,Partner,Yes
46461,2041,23,Mumbai,Afternoon,Weekday,North Indian,Snacks,Mid-range,212,Yes,51,13,4,No,Happy,High,Partner,Yes
46462,1422,26,Chandigarh,Night,Weekend,Biryani,Breakfast,Budget,747,No,98,10,1,No,Celebrating,Low,Family,No
46463,2912,25,Hyderabad,Morning,Weekend,Desserts,Breakfast,Budget,569,No,93,1,4,No,Happy,High,Family,Yes
46464,1572,18,Pune,Morning,Weekend,South Indian,Breakfast,Mid-range,711,Yes,39,3,2,Yes,Celebrating,Medium,Alone,Yes
46465,3423,42,Pune,Morning,Weekday,Biryani,Breakfast,Mid-range,521,No,35,10,1,No,Happy,Medium,Family,No
46466,1070,38,Chandigarh,Morning,Weekend,Desserts,Breakfast,Mid-range,411,Yes,94,3,4,No,Lazy,Medium,Family,No
46467,1489,37,Pune,Evening,Weekday,South Indian,Dinner,Budget,535,No,84,8,5,No,Happy,Medium,Family,No
46468,3773,30,Hyderabad,Afternoon,Weekday,Desserts,Lunch,Budget,491,Yes,34,6,4,No,Stressed,High,Alone,Yes
46469,1349,23,Mumbai,Night,Weekend,Desserts,Dinner,Premium,574,No,86,14,3,Yes,Stressed,Medium,Alone,No
46470,1317,43,Hyderabad,Afternoon,Weekend,Fast Food,Breakfast,Budget,904,No,32,14,1,Yes,Lazy,High,Family,Yes
46471,4300,42,Pune,Night,Weekend,North Indian,Dinner,Mid-range,959,No,25,6,2,Yes,Lazy,Medium,Alone,Yes
46472,3696,23,Chandigarh,Afternoon,Weekend,Desserts,Lunch,Premium,716,No,76,2,3,Yes,Happy,Low,Family,Yes
46473,4172,28,Hyderabad,Evening,Weekend,Biryani,Snacks,Mid-range,788,Yes,61,14,1,Yes,Celebrating,High,Partner,Yes
46474,1231,32,Delhi,Afternoon,Weekend,Chinese,Dinner,Premium,940,No,76,7,5,Yes,Lazy,Medium,Family,Yes
46475,2183,30,Delhi,Afternoon,Weekday,Biryani,Dinner,Budget,110,No,75,2,5,Yes,Happy,High,Partner,Yes
46476,2224,35,Pune,Night,Weekend,Biryani,Snacks,Budget,320,Yes,81,4,5,Yes,Happy,High,Family,No
46477,2133,31,Bangalore,Night,Weekday,Fast Food,Lunch,Mid-range,187,Yes,96,2,4,Yes,Stressed,Low,Alone,Yes
46478,2117,42,Chandigarh,Evening,Weekday,Fast Food,Dinner,Budget,420,Yes,40,11,3,Yes,Lazy,Low,Friends,No
46479,1754,25,Delhi,Evening,Weekend,North Indian,Snacks,Premium,850,No,24,3,5,Yes,Lazy,High,Family,Yes
46480,3483,20,Hyderabad,Afternoon,Weekend,Biryani,Lunch,Budget,173,No,39,13,4,Yes,Lazy,Low,Friends,Yes
46481,4320,36,Bangalore,Afternoon,Weekday,South Indian,Breakfast,Budget,461,Yes,33,12,1,No,Celebrating,Low,Partner,Yes
46482,3194,38,Chandigarh,Evening,Weekday,North Indian,Breakfast,Mid-range,116,Yes,96,7,2,Yes,Happy,Medium,Partner,No
46483,4731,44,Chandigarh,Morning,Weekday,North Indian,Breakfast,Premium,566,No,24,6,1,Yes,Stressed,Medium,Partner,No
46484,1402,42,Mumbai,Night,Weekday,Biryani,Breakfast,Mid-range,787,No,26,8,3,Yes,Stressed,High,Partner,No
46485,1751,18,Pune,Night,Weekend,North Indian,Breakfast,Mid-range,462,No,41,6,1,No,Celebrating,High,Family,Yes
46486,1687,23,Hyderabad,Morning,Weekday,Chinese,Snacks,Mid-range,833,No,72,5,2,No,Happy,Medium,Alone,Yes
46487,1349,31,Mumbai,Morning,Weekday,South Indian,Snacks,Mid-range,296,Yes,83,12,5,Yes,Celebrating,Low,Alone,No
46488,1190,29,Chandigarh,Morning,Weekend,Chinese,Lunch,Budget,615,Yes,41,6,2,Yes,Stressed,Medium,Partner,Yes
46489,1967,25,Mumbai,Morning,Weekday,North Indian,Lunch,Mid-range,455,No,50,12,1,Yes,Celebrating,High,Partner,No
46490,4745,36,Hyderabad,Morning,Weekend,North Indian,Snacks,Mid-range,628,No,95,7,4,No,Lazy,Medium,Partner,No
46491,4300,44,Hyderabad,Evening,Weekend,Chinese,Breakfast,Mid-range,233,Yes,78,13,4,Yes,Celebrating,Low,Friends,No
46492,4800,35,Mumbai,Evening,Weekday,North Indian,Lunch,Budget,463,No,83,3,1,Yes,Stressed,Low,Friends,Yes
46493,4781,33,Bangalore,Morning,Weekday,Chinese,Lunch,Budget,883,No,72,10,4,Yes,Stressed,Medium,Family,Yes
46494,4482,23,Pune,Night,Weekday,Chinese,Snacks,Mid-range,943,No,62,7,5,Yes,Lazy,High,Alone,No
46495,2186,22,Hyderabad,Morning,Weekday,Desserts,Dinner,Budget,921,No,78,7,1,Yes,Happy,High,Partner,Yes
46496,3553,40,Hyderabad,Afternoon,Weekend,Chinese,Dinner,Budget,713,No,62,1,3,No,Celebrating,High,Partner,No
46497,3361,28,Mumbai,Evening,Weekday,Biryani,Dinner,Budget,296,Yes,91,11,4,Yes,Celebrating,Medium,Partner,No
46498,1991,24,Delhi,Afternoon,Weekday,South Indian,Breakfast,Mid-range,250,No,74,4,5,No,Happy,Low,Friends,Yes
46499,4329,33,Pune,Night,Weekend,North Indian,Dinner,Budget,656,Yes,41,6,5,No,Lazy,High,Alone,Yes
46500,2358,41,Hyderabad,Evening,Weekday,Fast Food,Breakfast,Mid-range,664,No,73,4,1,Yes,Stressed,High,Family,No
46501,3514,31,Bangalore,Afternoon,Weekend,Desserts,Snacks,Budget,191,No,96,7,4,No,Lazy,High,Partner,Yes
46502,2030,35,Bangalore,Evening,Weekend,Fast Food,Dinner,Premium,279,Yes,47,6,5,Yes,Celebrating,Low,Friends,No
46503,3939,36,Pune,Night,Weekend,Desserts,Lunch,Premium,681,Yes,96,2,5,Yes,Celebrating,High,Friends,No
46504,4450,27,Delhi,Afternoon,Weekday,North Indian,Snacks,Premium,427,Yes,38,5,3,No,Stressed,High,Alone,Yes
46505,3198,33,Mumbai,Evening,Weekday,North Indian,Snacks,Budget,639,No,80,1,2,No,Lazy,High,Family,No
46506,2516,32,Hyderabad,Night,Weekday,North Indian,Dinner,Mid-range,157,No,20,8,3,No,Stressed,Low,Alone,No
46507,3903,41,Mumbai,Morning,Weekday,North Indian,Breakfast,Budget,936,Yes,55,3,4,Yes,Happy,Medium,Family,No
46508,1416,36,Bangalore,Afternoon,Weekend,Chinese,Snacks,Mid-range,637,Yes,63,1,1,No,Happy,Low,Friends,No
46509,4158,42,Chandigarh,Night,Weekday,Biryani,Snacks,Mid-range,477,No,72,14,3,Yes,Stressed,Low,Partner,Yes
46510,1087,43,Bangalore,Afternoon,Weekday,Chinese,Lunch,Budget,952,No,84,8,3,No,Lazy,Medium,Family,Yes
46511,2196,27,Bangalore,Night,Weekday,Chinese,Lunch,Budget,729,Yes,39,6,2,Yes,Lazy,High,Alone,No
46512,3910,18,Chandigarh,Morning,Weekend,Fast Food,Breakfast,Mid-range,981,No,68,1,5,Yes,Stressed,Medium,Friends,No
46513,1044,22,Delhi,Morning,Weekend,South Indian,Dinner,Budget,282,Yes,76,5,4,No,Happy,High,Friends,No
46514,2445,33,Chandigarh,Evening,Weekend,Fast Food,Snacks,Budget,394,Yes,26,2,1,Yes,Lazy,Low,Family,Yes
46515,1573,20,Pune,Evening,Weekend,Biryani,Lunch,Mid-range,450,Yes,57,11,3,Yes,Stressed,Low,Alone,Yes
46516,1692,39,Delhi,Night,Weekday,Desserts,Dinner,Budget,266,Yes,74,14,3,Yes,Celebrating,Low,Partner,Yes
46517,2869,42,Hyderabad,Night,Weekend,Desserts,Lunch,Premium,146,No,38,10,4,Yes,Happy,Medium,Family,Yes
46518,1854,30,Hyderabad,Afternoon,Weekend,Chinese,Breakfast,Premium,456,Yes,79,3,2,Yes,Happy,Low,Partner,Yes
46519,3589,42,Bangalore,Evening,Weekend,Biryani,Lunch,Premium,991,No,39,10,4,Yes,Celebrating,Low,Family,No
46520,2592,40,Chandigarh,Morning,Weekday,Biryani,Dinner,Mid-range,825,Yes,35,11,4,No,Celebrating,Low,Partner,No
46521,3597,23,Chandigarh,Afternoon,Weekday,Desserts,Lunch,Budget,580,No,89,4,1,No,Celebrating,High,Family,No
46522,1899,26,Chandigarh,Evening,Weekend,Chinese,Snacks,Budget,263,No,28,13,1,Yes,Happy,High,Family,No
46523,2561,31,Pune,Afternoon,Weekday,Chinese,Snacks,Budget,744,Yes,73,1,4,Yes,Celebrating,Medium,Alone,Yes
46524,4736,34,Pune,Evening,Weekday,North Indian,Lunch,Budget,679,Yes,96,12,5,No,Stressed,High,Friends,No
46525,4068,43,Delhi,Evening,Weekend,Chinese,Lunch,Mid-range,355,Yes,46,5,2,No,Stressed,Low,Friends,Yes
46526,3452,33,Bangalore,Evening,Weekday,South Indian,Dinner,Premium,201,Yes,81,7,1,No,Happy,Low,Family,Yes
46527,3101,44,Mumbai,Afternoon,Weekday,North Indian,Breakfast,Budget,840,No,24,11,5,No,Stressed,Medium,Friends,No
46528,3690,24,Bangalore,Afternoon,Weekday,Biryani,Breakfast,Premium,180,No,72,5,3,No,Celebrating,Medium,Partner,Yes
46529,3140,35,Delhi,Morning,Weekday,Desserts,Lunch,Premium,972,No,37,14,2,Yes,Happy,Low,Family,No
46530,4968,18,Mumbai,Night,Weekend,South Indian,Lunch,Premium,541,Yes,20,12,1,No,Lazy,Medium,Family,No
46531,1657,18,Hyderabad,Evening,Weekday,Fast Food,Breakfast,Mid-range,263,Yes,66,12,2,No,Stressed,Low,Alone,No
46532,1749,44,Chandigarh,Afternoon,Weekend,South Indian,Dinner,Mid-range,694,Yes,26,7,4,No,Celebrating,Low,Alone,No
46533,4304,38,Mumbai,Evening,Weekend,Fast Food,Lunch,Premium,522,Yes,78,11,5,No,Stressed,High,Alone,No
46534,4951,38,Mumbai,Evening,Weekday,North Indian,Dinner,Budget,293,Yes,26,7,4,No,Lazy,High,Family,Yes
46535,2526,27,Pune,Night,Weekday,Desserts,Lunch,Budget,917,Yes,68,2,5,No,Happy,Medium,Friends,No
46536,2857,25,Chandigarh,Night,Weekend,North Indian,Lunch,Budget,256,No,53,7,5,Yes,Lazy,Medium,Alone,Yes
46537,1551,23,Mumbai,Night,Weekend,North Indian,Dinner,Budget,618,Yes,72,7,3,Yes,Stressed,High,Alone,Yes
46538,3996,30,Bangalore,Night,Weekday,Chinese,Dinner,Budget,700,No,23,11,5,No,Lazy,Low,Alone,No
46539,3067,37,Chandigarh,Morning,Weekday,Biryani,Snacks,Premium,853,No,62,8,4,Yes,Happy,Medium,Partner,No
46540,1847,27,Pune,Morning,Weekday,Chinese,Snacks,Budget,662,No,96,10,5,No,Celebrating,High,Partner,Yes
46541,3125,27,Delhi,Night,Weekday,South Indian,Breakfast,Budget,408,No,20,4,3,No,Happy,Low,Partner,No
46542,1210,19,Hyderabad,Evening,Weekday,Desserts,Breakfast,Budget,769,No,56,5,2,Yes,Stressed,Medium,Alone,No
46543,4492,21,Pune,Night,Weekday,South Indian,Snacks,Premium,101,No,42,4,4,Yes,Celebrating,Medium,Family,No
46544,2390,33,Mumbai,Evening,Weekend,Desserts,Lunch,Premium,278,Yes,47,8,4,Yes,Stressed,Medium,Partner,Yes
46545,4504,30,Chandigarh,Afternoon,Weekday,North Indian,Breakfast,Premium,947,Yes,37,8,3,No,Happy,Low,Alone,No
46546,4324,19,Hyderabad,Evening,Weekday,North Indian,Lunch,Budget,788,No,75,10,2,Yes,Lazy,Medium,Family,Yes
46547,4454,22,Delhi,Morning,Weekend,South Indian,Dinner,Premium,997,No,93,12,2,No,Celebrating,High,Partner,Yes
46548,3540,30,Bangalore,Evening,Weekday,South Indian,Lunch,Premium,813,No,81,12,3,Yes,Stressed,High,Family,Yes
46549,1784,34,Delhi,Evening,Weekday,South Indian,Snacks,Mid-range,344,Yes,86,4,2,Yes,Stressed,Low,Partner,Yes
46550,1963,21,Pune,Afternoon,Weekday,North Indian,Breakfast,Budget,315,No,51,14,1,Yes,Lazy,Medium,Alone,No
46551,4803,30,Pune,Afternoon,Weekend,North Indian,Snacks,Mid-range,299,Yes,58,9,2,Yes,Happy,Low,Alone,No
46552,4566,35,Pune,Afternoon,Weekday,South Indian,Breakfast,Budget,727,Yes,66,7,5,Yes,Lazy,High,Alone,Yes
46553,1671,27,Pune,Night,Weekend,North Indian,Snacks,Premium,451,Yes,64,11,2,Yes,Lazy,High,Family,No
46554,1891,24,Delhi,Morning,Weekend,Chinese,Lunch,Budget,668,No,26,12,2,Yes,Lazy,High,Alone,No
46555,1853,28,Chandigarh,Afternoon,Weekend,North Indian,Dinner,Premium,112,Yes,73,14,4,No,Happy,High,Alone,Yes
46556,3431,25,Mumbai,Afternoon,Weekday,South Indian,Dinner,Mid-range,619,No,20,4,3,No,Stressed,Medium,Partner,No
46557,3442,19,Pune,Morning,Weekday,Desserts,Breakfast,Premium,479,Yes,59,4,3,No,Lazy,Low,Friends,No
46558,2169,29,Mumbai,Night,Weekday,Biryani,Snacks,Mid-range,661,No,79,12,4,Yes,Happy,Medium,Friends,No
46559,1093,19,Bangalore,Night,Weekend,South Indian,Snacks,Premium,405,No,34,12,2,No,Happy,Medium,Alone,No
46560,1978,32,Mumbai,Morning,Weekday,North Indian,Snacks,Mid-range,470,Yes,28,11,2,No,Stressed,Low,Friends,Yes
46561,4572,26,Hyderabad,Afternoon,Weekend,Fast Food,Snacks,Premium,780,Yes,78,4,2,No,Celebrating,Low,Alone,Yes
46562,2541,30,Mumbai,Night,Weekday,South Indian,Snacks,Premium,191,No,45,4,4,No,Celebrating,Low,Partner,No
46563,1833,34,Bangalore,Afternoon,Weekday,Chinese,Dinner,Mid-range,538,No,33,8,5,No,Stressed,High,Alone,Yes
46564,1780,20,Mumbai,Morning,Weekday,Desserts,Snacks,Budget,600,Yes,64,11,4,No,Stressed,Low,Family,Yes
46565,2696,28,Chandigarh,Morning,Weekday,Desserts,Lunch,Premium,949,No,66,14,1,Yes,Stressed,High,Alone,No
46566,4845,43,Bangalore,Morning,Weekday,North Indian,Dinner,Premium,530,Yes,78,12,4,Yes,Lazy,High,Family,Yes
46567,1475,22,Pune,Morning,Weekend,Biryani,Snacks,Mid-range,227,No,40,2,5,Yes,Happy,Medium,Partner,No
46568,3810,29,Bangalore,Afternoon,Weekday,Biryani,Dinner,Mid-range,566,No,77,10,3,Yes,Stressed,Low,Alone,No
46569,4044,41,Delhi,Evening,Weekday,Desserts,Breakfast,Mid-range,301,Yes,70,13,3,No,Stressed,High,Alone,Yes
46570,3198,22,Delhi,Morning,Weekday,Chinese,Snacks,Budget,228,Yes,47,13,4,No,Happy,Medium,Family,Yes
46571,1552,42,Mumbai,Afternoon,Weekday,Desserts,Lunch,Premium,929,Yes,60,14,5,Yes,Stressed,Low,Alone,No
46572,3721,43,Bangalore,Morning,Weekday,Fast Food,Snacks,Premium,142,Yes,35,12,3,No,Stressed,High,Friends,Yes
46573,3387,19,Chandigarh,Morning,Weekend,Fast Food,Dinner,Premium,337,Yes,99,12,5,No,Stressed,High,Friends,Yes
46574,4754,28,Hyderabad,Evening,Weekend,Desserts,Snacks,Mid-range,993,No,78,6,1,No,Happy,High,Friends,No
46575,4664,35,Chandigarh,Afternoon,Weekday,North Indian,Lunch,Mid-range,460,Yes,64,13,3,No,Happy,Low,Friends,No
46576,3488,19,Bangalore,Evening,Weekday,Chinese,Breakfast,Premium,576,Yes,27,4,5,No,Lazy,High,Alone,Yes
46577,4495,35,Mumbai,Morning,Weekend,Biryani,Dinner,Budget,282,Yes,95,4,3,No,Celebrating,Low,Friends,No
46578,1267,23,Mumbai,Evening,Weekend,Chinese,Lunch,Mid-range,699,Yes,63,3,3,Yes,Lazy,Medium,Alone,No
46579,1181,28,Chandigarh,Afternoon,Weekend,Desserts,Snacks,Budget,324,No,44,1,3,No,Stressed,Medium,Family,No
46580,1437,23,Hyderabad,Afternoon,Weekend,Desserts,Breakfast,Budget,850,Yes,48,3,5,Yes,Celebrating,High,Family,No
46581,4672,35,Mumbai,Morning,Weekend,Desserts,Dinner,Premium,214,No,71,4,1,No,Lazy,Medium,Friends,Yes
46582,3925,31,Hyderabad,Night,Weekday,Chinese,Breakfast,Premium,830,No,41,5,3,No,Celebrating,Low,Partner,No
46583,3314,25,Bangalore,Night,Weekday,Fast Food,Snacks,Mid-range,847,Yes,22,2,1,No,Lazy,Medium,Family,No
46584,3138,25,Mumbai,Night,Weekend,Chinese,Lunch,Premium,736,Yes,23,12,5,No,Stressed,Low,Partner,Yes
46585,1259,31,Pune,Evening,Weekend,Chinese,Snacks,Premium,951,Yes,21,5,5,No,Stressed,High,Alone,No
46586,3412,20,Pune,Night,Weekend,South Indian,Lunch,Mid-range,584,No,78,13,3,No,Lazy,Medium,Family,Yes
46587,2969,28,Pune,Night,Weekend,Biryani,Breakfast,Budget,661,Yes,63,11,4,Yes,Celebrating,Medium,Alone,No
46588,2462,28,Pune,Afternoon,Weekend,Fast Food,Breakfast,Mid-range,831,No,23,12,1,Yes,Happy,High,Partner,Yes
46589,4673,19,Bangalore,Evening,Weekday,Chinese,Lunch,Premium,843,Yes,88,6,5,Yes,Happy,Low,Alone,No
46590,1522,33,Bangalore,Morning,Weekday,Biryani,Breakfast,Mid-range,574,Yes,58,11,1,Yes,Happy,Low,Alone,Yes
46591,1823,18,Pune,Afternoon,Weekend,North Indian,Lunch,Premium,713,No,26,13,1,Yes,Stressed,Medium,Alone,No
46592,4785,37,Mumbai,Evening,Weekday,Desserts,Lunch,Budget,485,Yes,42,3,2,Yes,Lazy,High,Partner,No
46593,4397,44,Bangalore,Morning,Weekday,South Indian,Snacks,Budget,950,No,48,8,4,Yes,Happy,Low,Partner,Yes
46594,4980,44,Pune,Afternoon,Weekday,Chinese,Lunch,Premium,238,Yes,68,4,2,No,Happy,Medium,Friends,Yes
46595,4076,28,Mumbai,Evening,Weekend,North Indian,Lunch,Premium,995,Yes,84,8,5,Yes,Lazy,High,Friends,No
46596,3362,35,Hyderabad,Afternoon,Weekday,Fast Food,Snacks,Mid-range,740,Yes,49,3,5,No,Stressed,Low,Alone,No
46597,1877,41,Hyderabad,Night,Weekday,North Indian,Lunch,Budget,252,No,39,8,5,Yes,Celebrating,Medium,Family,No
46598,2254,34,Delhi,Night,Weekday,South Indian,Snacks,Premium,392,Yes,40,4,1,No,Celebrating,Medium,Friends,Yes
46599,3765,18,Mumbai,Afternoon,Weekend,Desserts,Snacks,Premium,505,No,27,8,1,No,Happy,High,Partner,No
46600,3312,37,Bangalore,Afternoon,Weekend,Fast Food,Snacks,Premium,583,No,87,10,1,Yes,Stressed,High,Friends,Yes
46601,3340,40,Mumbai,Afternoon,Weekday,Chinese,Breakfast,Budget,923,Yes,31,9,5,Yes,Celebrating,Medium,Friends,Yes
46602,4852,31,Delhi,Morning,Weekend,Desserts,Snacks,Mid-range,573,No,84,9,4,Yes,Celebrating,High,Partner,No
46603,1432,27,Mumbai,Night,Weekday,Fast Food,Breakfast,Budget,670,Yes,74,13,3,No,Happy,Low,Partner,No
46604,1595,42,Bangalore,Evening,Weekend,North Indian,Dinner,Mid-range,928,Yes,59,9,2,Yes,Lazy,Medium,Friends,No
46605,4059,44,Mumbai,Morning,Weekday,Chinese,Dinner,Budget,715,Yes,98,6,5,Yes,Lazy,Medium,Partner,No
46606,3144,43,Pune,Night,Weekend,Chinese,Dinner,Mid-range,457,No,88,10,1,No,Lazy,High,Friends,No
46607,1469,29,Pune,Evening,Weekday,Biryani,Dinner,Premium,915,No,77,7,3,Yes,Celebrating,Low,Alone,Yes
46608,4443,28,Pune,Morning,Weekday,North Indian,Breakfast,Mid-range,277,No,37,2,1,Yes,Celebrating,Medium,Friends,Yes
46609,3099,31,Hyderabad,Morning,Weekend,South Indian,Snacks,Budget,468,No,48,1,4,No,Lazy,High,Friends,No
46610,1933,37,Mumbai,Night,Weekday,North Indian,Dinner,Mid-range,317,No,44,8,4,Yes,Celebrating,Medium,Friends,Yes
46611,2020,19,Mumbai,Morning,Weekday,South Indian,Snacks,Budget,728,No,95,7,3,Yes,Lazy,Low,Friends,No
46612,2695,39,Bangalore,Morning,Weekday,Desserts,Breakfast,Premium,299,Yes,97,11,2,No,Happy,Medium,Family,Yes
46613,2076,43,Pune,Night,Weekend,North Indian,Lunch,Mid-range,646,No,91,2,2,Yes,Stressed,High,Family,Yes
46614,2201,38,Delhi,Evening,Weekend,Chinese,Snacks,Premium,707,No,46,9,3,Yes,Happy,High,Family,Yes
46615,3182,33,Hyderabad,Night,Weekend,Desserts,Snacks,Premium,420,No,21,13,3,No,Lazy,High,Friends,No
46616,2223,38,Pune,Afternoon,Weekday,South Indian,Lunch,Premium,877,Yes,71,1,4,Yes,Stressed,High,Alone,No
46617,3995,44,Pune,Afternoon,Weekday,Fast Food,Dinner,Budget,699,Yes,32,14,4,Yes,Celebrating,Low,Partner,Yes
46618,3501,28,Pune,Afternoon,Weekday,North Indian,Breakfast,Budget,163,Yes,20,11,1,Yes,Happy,High,Alone,Yes
46619,3748,26,Pune,Evening,Weekend,South Indian,Lunch,Mid-range,658,No,93,4,4,Yes,Stressed,High,Friends,Yes
46620,1365,29,Chandigarh,Night,Weekend,Biryani,Lunch,Premium,416,Yes,32,3,3,Yes,Lazy,Medium,Partner,Yes
46621,1295,43,Bangalore,Evening,Weekday,Fast Food,Lunch,Premium,478,No,88,1,3,No,Lazy,High,Family,No
46622,1283,22,Delhi,Evening,Weekend,North Indian,Lunch,Budget,638,No,89,1,5,No,Celebrating,Medium,Family,Yes
46623,3519,28,Chandigarh,Evening,Weekend,North Indian,Breakfast,Budget,193,Yes,96,13,2,No,Stressed,Medium,Family,No
46624,1919,39,Delhi,Evening,Weekend,South Indian,Snacks,Premium,995,Yes,94,12,5,Yes,Celebrating,High,Friends,No
46625,3406,25,Pune,Morning,Weekday,Chinese,Dinner,Premium,167,No,67,12,2,No,Stressed,Low,Friends,Yes
46626,3935,36,Mumbai,Evening,Weekday,Chinese,Dinner,Premium,724,Yes,46,2,5,No,Stressed,Low,Alone,No
46627,1428,23,Chandigarh,Afternoon,Weekend,South Indian,Dinner,Budget,178,No,58,8,4,No,Stressed,Low,Friends,No
46628,4558,44,Pune,Night,Weekday,Desserts,Dinner,Premium,171,Yes,81,4,2,Yes,Stressed,Low,Friends,No
46629,1065,25,Bangalore,Night,Weekend,Desserts,Lunch,Budget,372,No,71,5,2,Yes,Celebrating,High,Alone,No
46630,1938,24,Mumbai,Night,Weekday,Biryani,Snacks,Budget,397,Yes,75,6,4,No,Stressed,Medium,Partner,No
46631,4174,42,Delhi,Night,Weekend,Chinese,Dinner,Mid-range,615,No,64,6,5,No,Happy,Medium,Family,No
46632,2005,33,Pune,Night,Weekday,South Indian,Snacks,Budget,592,Yes,33,13,5,Yes,Stressed,Medium,Partner,Yes
46633,2666,22,Hyderabad,Night,Weekend,Biryani,Lunch,Budget,247,No,54,5,4,Yes,Stressed,Medium,Partner,No
46634,4622,18,Chandigarh,Evening,Weekend,Desserts,Snacks,Budget,566,Yes,30,13,2,No,Celebrating,Medium,Friends,No
46635,1618,40,Hyderabad,Evening,Weekend,Biryani,Dinner,Premium,791,Yes,34,1,1,Yes,Lazy,Low,Partner,Yes
46636,4897,30,Mumbai,Morning,Weekday,South Indian,Breakfast,Budget,766,Yes,64,9,1,No,Celebrating,Medium,Friends,Yes
46637,4021,30,Pune,Night,Weekend,Fast Food,Breakfast,Premium,317,Yes,45,7,5,Yes,Happy,Medium,Friends,No
46638,1841,42,Hyderabad,Morning,Weekend,Chinese,Dinner,Budget,535,No,44,1,1,Yes,Lazy,Medium,Friends,Yes
46639,1689,34,Delhi,Morning,Weekday,South Indian,Lunch,Mid-range,176,No,87,8,5,No,Happy,High,Friends,Yes
46640,2510,32,Pune,Night,Weekday,Fast Food,Snacks,Premium,970,Yes,34,5,5,Yes,Lazy,High,Alone,Yes
46641,3022,19,Pune,Afternoon,Weekend,Desserts,Snacks,Premium,166,Yes,62,2,5,Yes,Stressed,Medium,Partner,No
46642,3007,43,Chandigarh,Night,Weekday,Chinese,Snacks,Premium,198,Yes,99,1,4,No,Happy,High,Friends,No
46643,2422,40,Delhi,Night,Weekday,Desserts,Breakfast,Mid-range,993,Yes,29,10,4,No,Stressed,Medium,Partner,Yes
46644,4703,26,Pune,Morning,Weekend,Chinese,Dinner,Premium,144,Yes,90,13,5,No,Lazy,Medium,Friends,No
46645,4833,20,Pune,Morning,Weekend,Desserts,Lunch,Budget,829,No,83,14,3,Yes,Lazy,Medium,Alone,Yes
46646,2899,40,Bangalore,Evening,Weekday,North Indian,Lunch,Budget,262,No,60,14,1,No,Lazy,High,Partner,Yes
46647,4912,33,Delhi,Morning,Weekday,Chinese,Snacks,Mid-range,253,Yes,84,9,3,Yes,Lazy,Medium,Friends,Yes
46648,3642,30,Mumbai,Evening,Weekend,North Indian,Lunch,Mid-range,341,No,92,7,1,Yes,Celebrating,Low,Family,No
46649,3844,35,Hyderabad,Night,Weekday,Chinese,Breakfast,Premium,141,No,50,7,2,No,Celebrating,High,Partner,No
46650,3541,18,Hyderabad,Evening,Weekday,Fast Food,Lunch,Mid-range,811,No,81,1,1,No,Celebrating,Low,Family,Yes
46651,1494,23,Chandigarh,Evening,Weekend,North Indian,Lunch,Budget,203,No,99,8,3,Yes,Lazy,Medium,Partner,Yes
46652,3916,33,Delhi,Afternoon,Weekday,Desserts,Lunch,Premium,874,Yes,41,10,5,Yes,Stressed,Low,Family,Yes
46653,3669,34,Delhi,Night,Weekend,South Indian,Lunch,Premium,802,No,95,1,4,Yes,Stressed,Medium,Family,No
46654,3538,18,Pune,Afternoon,Weekday,Chinese,Breakfast,Mid-range,697,Yes,72,11,3,Yes,Celebrating,Medium,Friends,No
46655,3874,42,Hyderabad,Evening,Weekday,South Indian,Lunch,Budget,221,No,54,1,4,No,Celebrating,Medium,Alone,No
46656,4061,29,Mumbai,Night,Weekend,South Indian,Lunch,Budget,368,No,49,10,1,No,Happy,Low,Friends,No
46657,2823,23,Mumbai,Night,Weekend,Chinese,Breakfast,Premium,915,No,52,11,2,No,Celebrating,Low,Alone,No
46658,3536,40,Pune,Evening,Weekday,South Indian,Dinner,Mid-range,760,Yes,27,2,1,No,Happy,Medium,Friends,No
46659,3822,34,Bangalore,Afternoon,Weekend,Chinese,Snacks,Mid-range,513,No,43,4,3,No,Lazy,High,Alone,Yes
46660,1290,28,Chandigarh,Afternoon,Weekday,Chinese,Dinner,Premium,366,No,93,3,3,No,Celebrating,Medium,Partner,No
46661,2167,26,Delhi,Evening,Weekend,North Indian,Snacks,Mid-range,635,No,54,12,5,No,Stressed,Medium,Alone,No
46662,2229,22,Mumbai,Afternoon,Weekend,South Indian,Snacks,Premium,885,No,54,4,2,No,Stressed,Low,Partner,No
46663,4347,37,Pune,Night,Weekend,South Indian,Lunch,Budget,759,Yes,24,10,5,No,Stressed,Medium,Friends,Yes
46664,4737,30,Bangalore,Morning,Weekend,Desserts,Breakfast,Premium,320,Yes,26,14,5,No,Lazy,High,Family,No
46665,4816,27,Bangalore,Evening,Weekend,Biryani,Dinner,Mid-range,105,Yes,20,3,5,No,Lazy,High,Family,No
46666,1721,44,Hyderabad,Night,Weekend,Fast Food,Breakfast,Premium,328,No,69,5,3,No,Lazy,Low,Family,Yes
46667,4905,25,Mumbai,Night,Weekday,Desserts,Breakfast,Mid-range,733,No,92,1,4,Yes,Happy,Low,Family,No
46668,2819,19,Hyderabad,Night,Weekday,Desserts,Breakfast,Mid-range,368,Yes,91,13,2,Yes,Stressed,Low,Family,Yes
46669,4512,26,Mumbai,Evening,Weekday,South Indian,Lunch,Mid-range,757,No,94,1,5,Yes,Lazy,Medium,Alone,Yes
46670,3592,28,Chandigarh,Evening,Weekday,North Indian,Breakfast,Premium,974,Yes,28,10,2,No,Stressed,Low,Family,No
46671,3615,39,Delhi,Night,Weekday,Fast Food,Dinner,Budget,427,Yes,24,9,2,No,Stressed,Low,Friends,No
46672,3770,41,Chandigarh,Evening,Weekday,Biryani,Lunch,Mid-range,457,Yes,53,14,2,Yes,Celebrating,Medium,Partner,No
46673,2588,29,Delhi,Morning,Weekday,South Indian,Dinner,Premium,657,No,59,7,4,Yes,Happy,Medium,Friends,Yes
46674,3494,29,Chandigarh,Evening,Weekend,North Indian,Dinner,Premium,972,Yes,52,5,5,No,Stressed,Medium,Friends,Yes
46675,2466,31,Pune,Morning,Weekday,North Indian,Breakfast,Premium,229,No,44,6,4,No,Lazy,High,Friends,Yes
46676,4277,27,Delhi,Morning,Weekday,South Indian,Snacks,Budget,147,No,91,9,2,No,Stressed,Low,Family,Yes
46677,4775,36,Mumbai,Afternoon,Weekend,Desserts,Breakfast,Premium,318,No,58,1,5,No,Happy,Low,Friends,Yes
46678,1252,20,Hyderabad,Afternoon,Weekday,North Indian,Snacks,Premium,980,No,30,10,3,No,Stressed,Low,Family,No
46679,2571,32,Pune,Morning,Weekday,Desserts,Dinner,Premium,446,No,53,2,3,Yes,Happy,Low,Alone,Yes
46680,4323,34,Mumbai,Evening,Weekday,South Indian,Snacks,Premium,515,No,31,6,1,No,Celebrating,High,Partner,Yes
46681,2128,40,Pune,Morning,Weekend,North Indian,Lunch,Mid-range,644,No,91,14,3,No,Stressed,Medium,Alone,No
46682,1308,37,Pune,Afternoon,Weekend,Chinese,Breakfast,Budget,348,Yes,42,12,4,Yes,Celebrating,High,Partner,No
46683,4452,32,Chandigarh,Night,Weekend,Chinese,Snacks,Premium,963,No,73,3,3,No,Stressed,Medium,Partner,Yes
46684,2786,31,Chandigarh,Night,Weekend,Fast Food,Lunch,Mid-range,371,Yes,62,3,3,Yes,Stressed,High,Family,No
46685,1684,44,Delhi,Afternoon,Weekend,Fast Food,Lunch,Mid-range,967,Yes,58,3,4,Yes,Celebrating,Medium,Family,No
46686,4799,19,Delhi,Afternoon,Weekend,Biryani,Snacks,Premium,259,Yes,79,5,5,Yes,Celebrating,Low,Friends,No
46687,2264,39,Chandigarh,Night,Weekday,Biryani,Snacks,Budget,340,Yes,82,8,2,No,Stressed,Low,Partner,No
46688,1681,42,Chandigarh,Evening,Weekday,Biryani,Lunch,Budget,991,No,94,6,5,No,Celebrating,Medium,Family,No
46689,1457,27,Bangalore,Morning,Weekday,Fast Food,Lunch,Budget,159,No,72,14,1,Yes,Celebrating,Medium,Partner,No
46690,2378,24,Delhi,Night,Weekend,Biryani,Breakfast,Premium,154,No,80,11,4,No,Stressed,Low,Partner,No
46691,1151,23,Hyderabad,Evening,Weekend,South Indian,Breakfast,Mid-range,423,No,47,1,1,No,Celebrating,Low,Family,Yes
46692,1688,33,Mumbai,Afternoon,Weekday,Biryani,Snacks,Premium,474,No,90,4,5,No,Celebrating,Medium,Family,No
46693,4698,40,Hyderabad,Evening,Weekend,Desserts,Dinner,Mid-range,180,No,65,1,4,No,Happy,Low,Alone,Yes
46694,4515,32,Pune,Afternoon,Weekend,Chinese,Breakfast,Premium,444,Yes,58,10,1,Yes,Happy,Low,Family,Yes
46695,3859,38,Hyderabad,Afternoon,Weekend,South Indian,Breakfast,Budget,839,Yes,86,14,2,Yes,Happy,Low,Friends,Yes
46696,3589,25,Pune,Morning,Weekend,Fast Food,Dinner,Premium,464,Yes,59,13,4,Yes,Lazy,Low,Alone,Yes
46697,4479,40,Delhi,Afternoon,Weekend,North Indian,Dinner,Premium,311,No,82,11,2,No,Stressed,High,Partner,Yes
46698,1111,38,Hyderabad,Night,Weekend,North Indian,Lunch,Premium,261,Yes,95,9,4,No,Happy,High,Friends,Yes
46699,2201,26,Pune,Evening,Weekday,South Indian,Dinner,Premium,112,No,61,14,2,Yes,Celebrating,Low,Alone,No
46700,2130,31,Mumbai,Morning,Weekday,Desserts,Lunch,Budget,178,Yes,35,13,5,No,Celebrating,Low,Partner,No
46701,2676,38,Delhi,Afternoon,Weekend,Biryani,Dinner,Budget,144,No,48,6,2,Yes,Stressed,Medium,Family,No
46702,2459,25,Hyderabad,Morning,Weekend,North Indian,Breakfast,Premium,654,Yes,71,11,5,Yes,Happy,High,Family,No
46703,3988,36,Pune,Afternoon,Weekend,Biryani,Lunch,Budget,975,No,48,3,3,No,Lazy,Low,Family,Yes
46704,1179,24,Bangalore,Evening,Weekend,South Indian,Dinner,Mid-range,963,No,94,7,2,Yes,Lazy,Low,Alone,Yes
46705,3697,36,Delhi,Afternoon,Weekend,North Indian,Breakfast,Premium,748,No,52,7,2,Yes,Stressed,Medium,Partner,Yes
46706,3048,33,Hyderabad,Afternoon,Weekday,Biryani,Snacks,Budget,511,No,23,5,5,No,Stressed,Low,Family,Yes
46707,2547,25,Delhi,Night,Weekday,South Indian,Breakfast,Premium,642,Yes,28,10,5,No,Lazy,High,Alone,Yes
46708,3288,18,Pune,Morning,Weekday,North Indian,Snacks,Premium,712,Yes,73,4,3,No,Lazy,Low,Family,No
46709,3903,38,Delhi,Morning,Weekday,Chinese,Lunch,Mid-range,783,Yes,77,11,3,Yes,Celebrating,Medium,Alone,Yes
46710,4245,34,Hyderabad,Afternoon,Weekday,Biryani,Snacks,Mid-range,929,No,40,14,2,No,Stressed,Medium,Alone,Yes
46711,2771,24,Delhi,Morning,Weekend,Fast Food,Breakfast,Budget,141,Yes,77,10,5,Yes,Celebrating,Medium,Partner,Yes
46712,1993,31,Delhi,Evening,Weekday,Chinese,Dinner,Mid-range,393,No,49,14,2,Yes,Happy,Medium,Friends,No
46713,3161,31,Delhi,Morning,Weekend,Chinese,Snacks,Premium,209,Yes,45,5,1,No,Stressed,Low,Alone,Yes
46714,3470,39,Delhi,Morning,Weekend,South Indian,Lunch,Mid-range,129,Yes,95,9,1,Yes,Lazy,High,Partner,No
46715,4818,39,Pune,Afternoon,Weekend,Desserts,Dinner,Mid-range,532,Yes,73,6,4,No,Stressed,Low,Partner,Yes
46716,1321,21,Delhi,Morning,Weekend,Desserts,Lunch,Premium,326,Yes,51,11,2,Yes,Celebrating,Low,Partner,Yes
46717,1389,35,Pune,Night,Weekend,South Indian,Breakfast,Budget,377,No,76,13,4,Yes,Lazy,High,Friends,No
46718,2648,41,Mumbai,Evening,Weekend,Biryani,Dinner,Budget,526,No,80,5,1,Yes,Happy,Medium,Family,Yes
46719,4526,25,Hyderabad,Evening,Weekday,Desserts,Lunch,Premium,706,No,84,7,2,No,Celebrating,Low,Alone,No
46720,3022,39,Mumbai,Night,Weekday,South Indian,Snacks,Premium,615,Yes,43,11,3,No,Lazy,Medium,Family,Yes
46721,1684,23,Mumbai,Afternoon,Weekday,Desserts,Breakfast,Premium,815,No,66,5,4,Yes,Happy,Low,Alone,Yes
46722,4083,31,Delhi,Evening,Weekday,Chinese,Lunch,Premium,570,Yes,53,8,2,No,Celebrating,High,Partner,No
46723,3317,19,Pune,Night,Weekend,Biryani,Snacks,Premium,336,Yes,36,14,5,Yes,Celebrating,High,Friends,Yes
46724,2822,35,Delhi,Afternoon,Weekday,Chinese,Lunch,Premium,939,Yes,69,3,1,Yes,Lazy,Low,Family,Yes
46725,2927,18,Bangalore,Night,Weekday,Chinese,Dinner,Mid-range,142,No,63,6,5,No,Happy,Medium,Family,Yes
46726,3860,38,Mumbai,Evening,Weekday,Biryani,Lunch,Mid-range,268,Yes,82,11,3,No,Happy,Medium,Family,Yes
46727,3354,30,Bangalore,Evening,Weekend,South Indian,Snacks,Premium,457,Yes,93,1,5,No,Lazy,Low,Alone,No
46728,3654,23,Pune,Evening,Weekend,North Indian,Lunch,Budget,518,Yes,37,12,4,Yes,Stressed,Low,Family,Yes
46729,1118,20,Chandigarh,Evening,Weekday,Biryani,Breakfast,Budget,162,Yes,77,10,2,No,Lazy,Low,Friends,No
46730,2968,32,Bangalore,Night,Weekend,Chinese,Breakfast,Premium,875,No,20,13,2,No,Stressed,Medium,Alone,Yes
46731,4946,19,Pune,Night,Weekend,Biryani,Dinner,Budget,223,Yes,93,6,5,Yes,Happy,High,Alone,Yes
46732,2807,40,Hyderabad,Morning,Weekday,Fast Food,Breakfast,Budget,865,No,90,9,4,Yes,Stressed,Medium,Alone,Yes
46733,4620,27,Delhi,Morning,Weekend,South Indian,Dinner,Mid-range,126,No,77,11,2,No,Celebrating,Medium,Family,Yes
46734,4616,44,Hyderabad,Afternoon,Weekday,North Indian,Dinner,Premium,124,No,43,7,4,Yes,Lazy,High,Friends,No
46735,3527,34,Chandigarh,Night,Weekday,Fast Food,Lunch,Premium,955,Yes,62,2,1,No,Lazy,Low,Alone,No
46736,3006,23,Pune,Morning,Weekend,South Indian,Breakfast,Mid-range,207,Yes,97,1,4,No,Stressed,High,Alone,No
46737,4853,41,Chandigarh,Afternoon,Weekend,South Indian,Breakfast,Budget,811,Yes,43,1,4,Yes,Celebrating,High,Friends,Yes
46738,1308,25,Hyderabad,Afternoon,Weekend,South Indian,Lunch,Mid-range,133,No,98,9,3,No,Celebrating,High,Family,No
46739,3746,28,Mumbai,Morning,Weekday,Fast Food,Breakfast,Premium,643,Yes,62,8,3,Yes,Celebrating,High,Family,No
46740,1147,25,Pune,Night,Weekday,Chinese,Breakfast,Premium,153,Yes,44,6,5,No,Happy,High,Alone,Yes
46741,1314,29,Delhi,Evening,Weekday,North Indian,Snacks,Mid-range,870,Yes,48,3,3,Yes,Happy,Low,Alone,No
46742,3847,19,Bangalore,Evening,Weekday,South Indian,Lunch,Premium,845,Yes,43,14,5,No,Happy,High,Partner,Yes
46743,1805,22,Pune,Morning,Weekday,South Indian,Lunch,Mid-range,112,Yes,83,12,5,No,Stressed,Low,Family,Yes
46744,4492,41,Delhi,Morning,Weekend,North Indian,Snacks,Mid-range,160,Yes,74,10,3,Yes,Stressed,Medium,Friends,No
46745,4401,40,Hyderabad,Morning,Weekend,North Indian,Breakfast,Budget,844,No,20,5,4,Yes,Celebrating,Low,Alone,Yes
46746,4654,42,Mumbai,Evening,Weekend,Biryani,Dinner,Mid-range,207,Yes,97,8,3,Yes,Lazy,High,Alone,Yes
46747,3275,29,Delhi,Morning,Weekend,Chinese,Snacks,Mid-range,355,Yes,31,10,1,No,Lazy,Medium,Friends,No
46748,1770,32,Bangalore,Night,Weekend,Desserts,Snacks,Budget,393,Yes,90,12,3,Yes,Happy,Low,Family,No
46749,1265,35,Delhi,Evening,Weekday,Desserts,Lunch,Budget,167,No,98,9,2,Yes,Stressed,Low,Partner,No
46750,4936,40,Hyderabad,Morning,Weekend,Fast Food,Breakfast,Mid-range,736,No,89,3,2,No,Celebrating,Medium,Friends,No
46751,4142,19,Bangalore,Night,Weekday,North Indian,Dinner,Premium,958,Yes,53,1,4,No,Happy,Low,Alone,No
46752,1894,21,Pune,Afternoon,Weekend,Desserts,Snacks,Premium,103,Yes,21,1,3,No,Happy,Low,Friends,No
46753,4993,27,Mumbai,Evening,Weekday,North Indian,Breakfast,Premium,409,Yes,28,10,4,Yes,Happy,High,Friends,Yes
46754,1430,28,Bangalore,Evening,Weekend,Chinese,Lunch,Budget,176,No,29,14,5,No,Stressed,High,Alone,Yes
46755,3552,26,Hyderabad,Morning,Weekday,Biryani,Breakfast,Mid-range,492,No,29,10,4,No,Happy,High,Family,No
46756,1144,40,Hyderabad,Afternoon,Weekday,Biryani,Breakfast,Budget,266,No,39,3,1,No,Stressed,Medium,Partner,Yes
46757,3524,28,Chandigarh,Evening,Weekend,South Indian,Breakfast,Budget,230,Yes,79,13,4,Yes,Stressed,High,Friends,Yes
46758,3051,44,Delhi,Morning,Weekday,South Indian,Dinner,Mid-range,523,Yes,47,12,2,Yes,Happy,Low,Alone,Yes
46759,2994,30,Chandigarh,Afternoon,Weekend,Desserts,Lunch,Mid-range,327,No,63,5,1,Yes,Celebrating,Medium,Family,Yes
46760,3081,22,Delhi,Evening,Weekend,Fast Food,Breakfast,Mid-range,779,Yes,90,6,3,No,Celebrating,Low,Alone,Yes
46761,1027,42,Bangalore,Night,Weekend,North Indian,Breakfast,Budget,117,Yes,25,4,3,Yes,Celebrating,Medium,Friends,Yes
46762,2046,21,Pune,Morning,Weekend,Chinese,Breakfast,Mid-range,108,No,36,4,1,No,Celebrating,High,Alone,Yes
46763,4895,22,Mumbai,Morning,Weekend,Biryani,Lunch,Budget,390,No,78,4,1,Yes,Lazy,Low,Alone,No
46764,3271,32,Chandigarh,Night,Weekend,Fast Food,Breakfast,Budget,224,No,99,6,5,Yes,Happy,Medium,Partner,No
46765,4881,27,Hyderabad,Night,Weekday,South Indian,Dinner,Mid-range,350,No,79,6,1,Yes,Lazy,Medium,Alone,Yes
46766,4917,42,Pune,Morning,Weekend,Fast Food,Snacks,Budget,879,No,75,10,1,No,Happy,High,Friends,No
46767,3107,39,Chandigarh,Morning,Weekday,North Indian,Snacks,Mid-range,129,No,94,13,5,No,Lazy,Medium,Family,Yes
46768,2806,37,Chandigarh,Night,Weekend,Fast Food,Lunch,Mid-range,605,No,47,5,3,Yes,Stressed,Medium,Partner,No
46769,4453,23,Pune,Evening,Weekend,Fast Food,Snacks,Budget,453,Yes,55,6,5,No,Celebrating,Low,Friends,No
46770,3862,26,Bangalore,Afternoon,Weekend,Fast Food,Lunch,Premium,587,No,37,13,3,Yes,Happy,Low,Friends,Yes
46771,2999,20,Mumbai,Night,Weekday,North Indian,Dinner,Budget,484,Yes,47,11,3,No,Stressed,Low,Friends,No
46772,2690,39,Chandigarh,Afternoon,Weekday,South Indian,Dinner,Premium,929,No,58,11,5,Yes,Happy,High,Friends,No
46773,1163,38,Pune,Evening,Weekend,North Indian,Breakfast,Mid-range,265,No,36,14,3,No,Celebrating,High,Family,No
46774,2957,25,Pune,Morning,Weekend,Chinese,Breakfast,Premium,962,Yes,90,3,3,No,Celebrating,High,Friends,No
46775,1209,28,Hyderabad,Night,Weekday,Chinese,Snacks,Premium,597,No,47,7,4,Yes,Lazy,Medium,Friends,No
46776,3287,44,Bangalore,Morning,Weekday,North Indian,Breakfast,Premium,334,Yes,51,12,2,Yes,Stressed,Medium,Partner,Yes
46777,3913,25,Mumbai,Morning,Weekend,Desserts,Breakfast,Premium,725,No,28,10,3,No,Celebrating,High,Partner,No
46778,3437,33,Pune,Night,Weekend,Chinese,Lunch,Budget,105,Yes,63,5,5,No,Celebrating,Low,Partner,No
46779,1110,19,Pune,Morning,Weekend,Fast Food,Breakfast,Budget,619,Yes,96,8,3,Yes,Celebrating,High,Family,No
46780,4823,21,Delhi,Evening,Weekday,Desserts,Breakfast,Premium,227,Yes,54,7,2,Yes,Lazy,Medium,Family,No
46781,4896,35,Bangalore,Evening,Weekday,Biryani,Breakfast,Budget,630,No,34,7,5,No,Stressed,Low,Friends,Yes
46782,2848,18,Bangalore,Afternoon,Weekday,South Indian,Snacks,Mid-range,460,No,92,10,2,No,Lazy,High,Partner,No
46783,1606,42,Chandigarh,Night,Weekend,South Indian,Dinner,Budget,125,Yes,61,14,1,No,Happy,Medium,Friends,No
46784,3084,24,Mumbai,Night,Weekend,North Indian,Lunch,Premium,691,Yes,39,2,4,Yes,Celebrating,High,Friends,No
46785,2835,30,Hyderabad,Night,Weekday,Desserts,Breakfast,Budget,776,Yes,40,12,4,Yes,Stressed,High,Alone,No
46786,4472,36,Bangalore,Evening,Weekend,Desserts,Dinner,Budget,163,Yes,69,4,4,No,Happy,Medium,Partner,No
46787,3800,26,Pune,Morning,Weekend,Chinese,Lunch,Budget,541,No,96,6,1,No,Stressed,Low,Partner,Yes
46788,1879,23,Delhi,Morning,Weekend,Chinese,Snacks,Budget,794,Yes,69,4,4,No,Lazy,High,Friends,No
46789,2188,42,Bangalore,Night,Weekend,North Indian,Lunch,Mid-range,105,No,22,3,4,Yes,Celebrating,Medium,Friends,No
46790,3970,26,Mumbai,Evening,Weekday,North Indian,Dinner,Budget,790,Yes,27,7,1,Yes,Happy,Medium,Partner,Yes
46791,3362,35,Bangalore,Afternoon,Weekend,South Indian,Breakfast,Premium,271,Yes,90,10,4,No,Lazy,High,Partner,No
46792,1969,30,Bangalore,Evening,Weekday,Fast Food,Snacks,Mid-range,292,No,35,1,3,Yes,Happy,Low,Family,No
46793,1075,29,Bangalore,Evening,Weekday,Fast Food,Breakfast,Mid-range,270,No,50,6,2,No,Lazy,Medium,Friends,No
46794,1325,35,Bangalore,Afternoon,Weekday,South Indian,Breakfast,Mid-range,913,Yes,78,4,5,Yes,Lazy,Low,Family,No
46795,3610,30,Chandigarh,Night,Weekday,Fast Food,Snacks,Premium,346,Yes,60,10,4,No,Stressed,Low,Partner,Yes
46796,3250,20,Chandigarh,Evening,Weekend,Chinese,Lunch,Budget,101,Yes,89,5,2,Yes,Celebrating,High,Alone,Yes
46797,2197,32,Hyderabad,Evening,Weekday,South Indian,Breakfast,Premium,878,Yes,66,2,1,Yes,Happy,High,Family,No
46798,1406,23,Pune,Morning,Weekday,North Indian,Breakfast,Premium,674,Yes,64,10,2,Yes,Stressed,High,Friends,Yes
46799,1369,37,Pune,Morning,Weekend,Chinese,Snacks,Mid-range,584,Yes,23,13,1,No,Celebrating,Low,Friends,No
46800,4236,18,Hyderabad,Morning,Weekend,North Indian,Breakfast,Mid-range,266,No,82,10,4,No,Lazy,High,Family,No
46801,2087,37,Bangalore,Night,Weekday,South Indian,Snacks,Premium,139,No,64,4,1,Yes,Happy,High,Friends,Yes
46802,3386,29,Pune,Night,Weekday,Biryani,Snacks,Premium,338,No,20,10,2,No,Happy,High,Alone,No
46803,1452,33,Mumbai,Evening,Weekday,South Indian,Dinner,Budget,991,Yes,52,9,3,Yes,Stressed,High,Alone,Yes
46804,3801,42,Chandigarh,Morning,Weekend,Fast Food,Breakfast,Mid-range,491,No,28,2,3,No,Lazy,Low,Alone,No
46805,4826,22,Hyderabad,Night,Weekend,Biryani,Dinner,Budget,557,No,37,9,4,No,Stressed,Medium,Friends,No
46806,1298,39,Delhi,Night,Weekend,Desserts,Dinner,Mid-range,273,No,86,5,3,Yes,Celebrating,Medium,Partner,No
46807,2026,34,Mumbai,Morning,Weekend,South Indian,Dinner,Budget,877,No,55,10,3,No,Celebrating,High,Family,Yes
46808,3024,37,Chandigarh,Evening,Weekday,Fast Food,Lunch,Budget,158,Yes,65,7,1,No,Happy,Low,Partner,Yes
46809,4487,34,Mumbai,Morning,Weekend,South Indian,Dinner,Budget,334,Yes,43,6,5,No,Happy,High,Family,No
46810,3802,35,Hyderabad,Night,Weekday,South Indian,Breakfast,Premium,703,Yes,52,7,4,No,Lazy,High,Family,Yes
46811,1038,28,Bangalore,Evening,Weekend,Chinese,Snacks,Mid-range,467,No,24,13,1,No,Stressed,High,Partner,Yes
46812,1810,33,Delhi,Night,Weekend,Biryani,Lunch,Budget,120,No,60,9,4,No,Celebrating,Low,Friends,No
46813,1458,20,Mumbai,Evening,Weekend,Chinese,Breakfast,Premium,912,No,78,2,4,Yes,Stressed,High,Family,No
46814,1414,18,Pune,Afternoon,Weekend,South Indian,Lunch,Mid-range,342,No,34,1,1,No,Lazy,Medium,Partner,Yes
46815,2283,26,Bangalore,Night,Weekday,Chinese,Lunch,Budget,625,No,49,10,2,Yes,Stressed,High,Family,No
46816,3366,36,Hyderabad,Morning,Weekday,Chinese,Dinner,Budget,756,Yes,27,6,3,No,Celebrating,Medium,Friends,Yes
46817,2401,40,Bangalore,Night,Weekend,Chinese,Dinner,Mid-range,615,Yes,94,6,3,Yes,Celebrating,Low,Partner,Yes
46818,4420,28,Bangalore,Evening,Weekend,South Indian,Dinner,Premium,926,Yes,79,1,3,Yes,Stressed,Medium,Friends,No
46819,2792,22,Chandigarh,Night,Weekday,Fast Food,Dinner,Budget,260,Yes,88,13,5,No,Celebrating,Low,Partner,Yes
46820,2501,31,Chandigarh,Morning,Weekend,Fast Food,Breakfast,Budget,722,Yes,41,7,5,Yes,Happy,High,Family,No
46821,2322,33,Delhi,Evening,Weekend,South Indian,Breakfast,Premium,727,No,65,12,2,No,Happy,Low,Family,Yes
46822,3159,18,Bangalore,Night,Weekday,Biryani,Breakfast,Budget,242,Yes,34,12,2,No,Happy,Low,Family,No
46823,4215,29,Bangalore,Night,Weekday,Chinese,Lunch,Budget,834,No,83,10,1,No,Lazy,High,Partner,Yes
46824,3749,30,Pune,Evening,Weekday,South Indian,Breakfast,Budget,977,Yes,65,8,2,Yes,Stressed,High,Partner,No
46825,3121,18,Chandigarh,Morning,Weekend,North Indian,Dinner,Budget,259,No,24,11,2,No,Stressed,Low,Friends,No
46826,3729,40,Bangalore,Morning,Weekend,South Indian,Snacks,Mid-range,411,Yes,70,11,4,No,Happy,Medium,Partner,No
46827,1613,36,Mumbai,Evening,Weekend,Desserts,Snacks,Budget,107,No,91,1,1,Yes,Happy,High,Family,Yes
46828,2572,22,Delhi,Afternoon,Weekend,Fast Food,Breakfast,Mid-range,156,Yes,77,7,5,No,Celebrating,Low,Alone,No
46829,4586,25,Hyderabad,Morning,Weekend,Desserts,Breakfast,Mid-range,927,Yes,79,7,5,No,Celebrating,Low,Partner,Yes
46830,1253,37,Chandigarh,Night,Weekend,Chinese,Snacks,Mid-range,106,No,95,13,2,No,Lazy,High,Alone,No
46831,2228,26,Chandigarh,Morning,Weekday,Desserts,Lunch,Budget,137,Yes,72,11,1,No,Happy,Medium,Friends,Yes
46832,3294,29,Mumbai,Evening,Weekday,Desserts,Snacks,Premium,275,No,99,9,4,Yes,Lazy,High,Family,No
46833,1951,24,Mumbai,Night,Weekday,Fast Food,Snacks,Mid-range,485,No,21,4,4,No,Celebrating,High,Alone,No
46834,1592,31,Mumbai,Night,Weekday,Desserts,Lunch,Mid-range,912,No,27,2,5,No,Stressed,Low,Family,Yes
46835,3759,27,Hyderabad,Evening,Weekend,Chinese,Dinner,Budget,603,No,69,2,4,No,Lazy,Medium,Friends,Yes
46836,4177,27,Delhi,Night,Weekday,Desserts,Breakfast,Mid-range,382,No,52,2,5,No,Happy,Medium,Friends,Yes
46837,1525,43,Delhi,Morning,Weekend,Fast Food,Breakfast,Mid-range,528,Yes,76,1,5,No,Stressed,Low,Partner,No
46838,1034,34,Delhi,Night,Weekday,Biryani,Breakfast,Mid-range,539,No,41,3,2,Yes,Lazy,Low,Partner,Yes
46839,4891,38,Delhi,Morning,Weekend,Desserts,Breakfast,Budget,984,No,29,13,2,No,Stressed,High,Alone,Yes
46840,3108,38,Chandigarh,Evening,Weekday,Chinese,Breakfast,Mid-range,727,Yes,71,13,5,Yes,Happy,Low,Alone,No
46841,3193,43,Pune,Evening,Weekday,North Indian,Lunch,Mid-range,787,No,72,6,4,Yes,Stressed,High,Partner,Yes
46842,4601,23,Bangalore,Night,Weekday,Chinese,Dinner,Budget,922,Yes,24,12,2,Yes,Celebrating,Medium,Partner,Yes
46843,1599,18,Bangalore,Evening,Weekend,South Indian,Lunch,Mid-range,595,No,98,12,4,Yes,Lazy,Medium,Partner,No
46844,4302,38,Mumbai,Evening,Weekend,South Indian,Lunch,Premium,484,No,24,2,5,No,Lazy,Low,Alone,No
46845,2532,27,Hyderabad,Night,Weekday,Desserts,Dinner,Mid-range,461,No,38,5,3,No,Celebrating,High,Alone,Yes
46846,2419,31,Delhi,Evening,Weekend,Biryani,Lunch,Mid-range,759,Yes,26,9,1,Yes,Happy,Low,Partner,No
46847,4337,32,Chandigarh,Morning,Weekday,Biryani,Snacks,Budget,964,No,88,13,4,Yes,Stressed,Low,Alone,Yes
46848,2206,37,Mumbai,Night,Weekend,Desserts,Dinner,Mid-range,707,Yes,45,10,4,Yes,Happy,Medium,Partner,Yes
46849,2506,39,Hyderabad,Afternoon,Weekend,Chinese,Snacks,Mid-range,731,No,81,8,2,Yes,Celebrating,Medium,Partner,Yes
46850,1100,39,Hyderabad,Morning,Weekday,Chinese,Snacks,Mid-range,276,No,69,11,5,No,Stressed,Low,Friends,Yes
46851,1684,40,Mumbai,Evening,Weekend,South Indian,Dinner,Mid-range,777,No,66,7,1,Yes,Stressed,High,Alone,Yes
46852,1032,39,Bangalore,Afternoon,Weekend,South Indian,Snacks,Budget,513,No,94,11,1,Yes,Happy,High,Family,Yes
46853,4980,27,Hyderabad,Morning,Weekend,Chinese,Breakfast,Mid-range,151,No,43,2,3,No,Stressed,Low,Friends,Yes
46854,3638,23,Pune,Afternoon,Weekend,North Indian,Snacks,Premium,330,No,74,4,5,Yes,Stressed,High,Family,Yes
46855,3583,34,Hyderabad,Evening,Weekday,Chinese,Lunch,Premium,850,No,75,13,4,No,Stressed,High,Family,No
46856,2925,42,Pune,Evening,Weekday,Chinese,Dinner,Premium,316,Yes,62,13,1,Yes,Lazy,Medium,Family,No
46857,4507,27,Delhi,Afternoon,Weekend,Biryani,Dinner,Premium,644,No,94,8,1,Yes,Stressed,High,Partner,No
46858,2966,19,Pune,Evening,Weekday,Biryani,Dinner,Mid-range,844,No,45,2,2,Yes,Happy,High,Friends,Yes
46859,4293,44,Delhi,Morning,Weekday,Biryani,Lunch,Budget,994,No,70,11,5,No,Celebrating,Medium,Friends,No
46860,1448,23,Delhi,Evening,Weekend,North Indian,Dinner,Premium,778,No,59,1,3,Yes,Lazy,Low,Family,Yes
46861,3390,30,Mumbai,Evening,Weekday,Biryani,Lunch,Budget,263,Yes,50,14,2,Yes,Stressed,Medium,Partner,No
46862,4647,27,Mumbai,Evening,Weekend,Desserts,Lunch,Premium,421,No,66,12,5,Yes,Happy,High,Friends,No
46863,4504,40,Delhi,Night,Weekday,Biryani,Dinner,Budget,381,No,34,14,2,Yes,Happy,High,Friends,No
46864,2612,20,Bangalore,Afternoon,Weekday,Chinese,Dinner,Premium,445,Yes,63,7,4,Yes,Celebrating,High,Friends,No
46865,3713,26,Chandigarh,Morning,Weekend,Chinese,Breakfast,Budget,782,Yes,97,2,2,No,Celebrating,Low,Family,No
46866,2523,23,Chandigarh,Evening,Weekend,Desserts,Snacks,Mid-range,496,No,55,6,2,No,Lazy,Medium,Partner,Yes
46867,2259,38,Pune,Evening,Weekend,North Indian,Breakfast,Premium,946,No,86,3,4,No,Happy,Medium,Family,No
46868,2851,34,Mumbai,Morning,Weekend,Desserts,Dinner,Budget,101,No,99,6,5,No,Stressed,Low,Partner,Yes
46869,4254,36,Bangalore,Evening,Weekday,Fast Food,Dinner,Budget,621,Yes,75,12,1,No,Stressed,Medium,Alone,Yes
46870,3426,40,Pune,Morning,Weekday,South Indian,Lunch,Premium,463,Yes,98,5,5,Yes,Happy,Low,Partner,No
46871,1647,21,Mumbai,Evening,Weekend,South Indian,Dinner,Premium,694,Yes,30,12,3,No,Stressed,Low,Family,No
46872,1024,24,Delhi,Afternoon,Weekday,South Indian,Snacks,Premium,933,No,61,2,3,No,Celebrating,Low,Family,Yes
46873,2804,29,Chandigarh,Morning,Weekday,North Indian,Lunch,Premium,678,No,78,13,3,Yes,Lazy,High,Family,Yes
46874,3465,22,Chandigarh,Afternoon,Weekend,Fast Food,Breakfast,Premium,191,Yes,67,7,5,Yes,Lazy,High,Alone,Yes
46875,3949,23,Chandigarh,Morning,Weekday,Fast Food,Dinner,Budget,434,No,61,13,4,Yes,Lazy,Medium,Alone,No
46876,4161,18,Chandigarh,Afternoon,Weekday,Biryani,Dinner,Premium,115,Yes,72,13,4,Yes,Celebrating,High,Partner,No
46877,1811,32,Hyderabad,Morning,Weekday,North Indian,Snacks,Budget,933,Yes,42,10,3,Yes,Lazy,Low,Alone,No
46878,2309,24,Hyderabad,Evening,Weekday,North Indian,Lunch,Mid-range,314,No,52,12,4,Yes,Celebrating,Low,Alone,No
46879,1121,29,Delhi,Morning,Weekend,South Indian,Lunch,Mid-range,969,No,60,11,1,No,Stressed,High,Friends,No
46880,4916,36,Bangalore,Afternoon,Weekday,Chinese,Breakfast,Budget,942,Yes,44,5,3,Yes,Celebrating,High,Family,No
46881,3175,35,Mumbai,Afternoon,Weekday,North Indian,Dinner,Budget,970,No,98,1,4,Yes,Happy,Low,Alone,Yes
46882,2819,33,Mumbai,Evening,Weekday,Biryani,Dinner,Mid-range,405,No,87,11,1,Yes,Celebrating,Low,Partner,No
46883,3611,36,Bangalore,Afternoon,Weekend,Chinese,Lunch,Budget,603,No,33,6,4,No,Celebrating,High,Family,Yes
46884,2410,27,Chandigarh,Afternoon,Weekend,North Indian,Snacks,Budget,157,Yes,72,8,5,No,Stressed,Medium,Friends,No
46885,2744,39,Pune,Evening,Weekday,Desserts,Lunch,Budget,303,No,91,12,5,Yes,Lazy,Medium,Family,No
46886,1530,25,Hyderabad,Evening,Weekday,Biryani,Lunch,Mid-range,860,Yes,97,9,5,No,Stressed,High,Family,Yes
46887,3835,40,Pune,Night,Weekday,Fast Food,Dinner,Mid-range,128,No,91,13,1,Yes,Stressed,Medium,Family,No
46888,3314,26,Mumbai,Morning,Weekday,Fast Food,Lunch,Premium,795,Yes,59,5,2,No,Celebrating,Low,Friends,Yes
46889,3278,40,Delhi,Morning,Weekend,Chinese,Lunch,Budget,706,No,93,1,1,No,Happy,Medium,Friends,No
46890,2562,24,Delhi,Afternoon,Weekend,North Indian,Snacks,Premium,776,Yes,68,9,5,Yes,Happy,Medium,Partner,Yes
46891,1597,29,Pune,Morning,Weekend,North Indian,Snacks,Premium,403,Yes,88,12,4,Yes,Happy,Medium,Friends,No
46892,3912,24,Pune,Night,Weekend,South Indian,Dinner,Premium,504,Yes,81,10,5,Yes,Stressed,High,Partner,Yes
46893,2228,43,Mumbai,Night,Weekday,North Indian,Breakfast,Mid-range,149,No,66,12,5,Yes,Lazy,Low,Family,Yes
46894,3430,24,Pune,Morning,Weekday,Biryani,Dinner,Budget,228,No,80,13,2,Yes,Lazy,Medium,Partner,Yes
46895,3561,29,Hyderabad,Afternoon,Weekday,Chinese,Breakfast,Mid-range,885,No,48,1,4,No,Happy,Low,Family,Yes
46896,3501,27,Bangalore,Afternoon,Weekday,Fast Food,Snacks,Mid-range,917,No,65,4,5,Yes,Celebrating,Low,Partner,No
46897,4491,23,Chandigarh,Evening,Weekend,Chinese,Dinner,Mid-range,314,No,72,13,5,Yes,Happy,Low,Family,No
46898,1067,22,Bangalore,Afternoon,Weekday,Chinese,Snacks,Mid-range,412,Yes,92,10,5,No,Celebrating,High,Alone,No
46899,4045,31,Hyderabad,Evening,Weekday,South Indian,Lunch,Premium,972,No,49,7,1,No,Lazy,Low,Friends,No
46900,1633,38,Pune,Evening,Weekday,Desserts,Breakfast,Budget,854,Yes,47,14,1,No,Happy,High,Alone,Yes
46901,2392,33,Mumbai,Night,Weekend,Biryani,Lunch,Premium,440,Yes,48,12,1,No,Happy,High,Alone,Yes
46902,2150,42,Pune,Evening,Weekend,Biryani,Snacks,Premium,755,Yes,48,1,4,Yes,Lazy,Low,Partner,No
46903,2893,40,Chandigarh,Evening,Weekend,South Indian,Breakfast,Budget,994,Yes,72,9,5,No,Happy,High,Alone,No
46904,4299,41,Delhi,Morning,Weekend,Chinese,Breakfast,Premium,825,Yes,83,12,4,No,Lazy,High,Partner,No
46905,3362,42,Pune,Morning,Weekday,Chinese,Dinner,Budget,959,Yes,36,10,1,Yes,Celebrating,High,Alone,No
46906,1464,20,Mumbai,Afternoon,Weekend,Fast Food,Breakfast,Budget,686,Yes,78,2,2,No,Lazy,Medium,Alone,Yes
46907,2208,35,Pune,Morning,Weekday,Fast Food,Breakfast,Mid-range,850,No,33,2,2,Yes,Stressed,Medium,Alone,No
46908,4077,22,Delhi,Night,Weekend,Chinese,Lunch,Mid-range,518,Yes,27,9,2,No,Stressed,High,Friends,No
46909,1024,35,Chandigarh,Night,Weekday,Desserts,Breakfast,Mid-range,931,Yes,69,7,4,No,Stressed,Medium,Partner,No
46910,1889,26,Pune,Morning,Weekday,Chinese,Lunch,Budget,793,No,66,10,5,No,Celebrating,Medium,Alone,No
46911,1730,29,Pune,Night,Weekend,Fast Food,Lunch,Budget,289,No,26,12,3,No,Happy,Low,Family,No
46912,3702,23,Bangalore,Afternoon,Weekday,Chinese,Dinner,Premium,817,No,97,14,2,No,Celebrating,Low,Friends,Yes
46913,3062,26,Hyderabad,Evening,Weekend,Fast Food,Lunch,Mid-range,385,No,54,10,2,Yes,Celebrating,Low,Alone,No
46914,4962,23,Hyderabad,Afternoon,Weekday,Fast Food,Dinner,Mid-range,390,No,69,8,1,No,Celebrating,High,Family,Yes
46915,3875,41,Delhi,Afternoon,Weekend,Fast Food,Snacks,Mid-range,230,No,86,13,4,Yes,Lazy,Low,Family,Yes
46916,4537,39,Hyderabad,Morning,Weekend,Chinese,Breakfast,Mid-range,205,Yes,63,5,2,Yes,Stressed,High,Friends,No
46917,1421,43,Pune,Night,Weekend,North Indian,Snacks,Budget,578,No,53,8,2,No,Celebrating,High,Family,Yes
46918,4386,43,Hyderabad,Morning,Weekend,Desserts,Snacks,Mid-range,966,Yes,58,6,1,Yes,Happy,Medium,Family,Yes
46919,2367,20,Chandigarh,Morning,Weekend,North Indian,Breakfast,Mid-range,767,No,36,7,4,No,Lazy,High,Alone,No
46920,4468,44,Delhi,Night,Weekday,North Indian,Breakfast,Budget,224,No,94,3,4,No,Happy,Medium,Friends,Yes
46921,2809,42,Pune,Afternoon,Weekday,South Indian,Snacks,Premium,445,Yes,88,6,2,Yes,Celebrating,High,Family,No
46922,2474,43,Hyderabad,Morning,Weekday,Desserts,Breakfast,Budget,413,No,91,9,5,Yes,Celebrating,High,Family,Yes
46923,1803,43,Mumbai,Morning,Weekend,Chinese,Dinner,Budget,141,Yes,83,13,2,Yes,Happy,Low,Alone,No
46924,2016,23,Chandigarh,Night,Weekday,Desserts,Breakfast,Mid-range,267,No,30,11,4,Yes,Lazy,Medium,Family,No
46925,3676,40,Hyderabad,Afternoon,Weekday,Chinese,Dinner,Premium,890,No,28,1,5,Yes,Stressed,Medium,Alone,Yes
46926,2594,43,Chandigarh,Morning,Weekend,Chinese,Snacks,Mid-range,373,Yes,23,3,5,Yes,Celebrating,Low,Alone,No
46927,2945,42,Mumbai,Afternoon,Weekend,Fast Food,Snacks,Budget,623,No,90,4,1,No,Stressed,Low,Alone,No
46928,1555,26,Bangalore,Morning,Weekday,South Indian,Lunch,Mid-range,789,Yes,65,4,2,No,Happy,Medium,Friends,Yes
46929,4553,21,Delhi,Afternoon,Weekend,Desserts,Dinner,Budget,351,No,89,9,3,Yes,Stressed,Low,Alone,No
46930,1669,35,Hyderabad,Morning,Weekday,Fast Food,Snacks,Premium,657,Yes,23,5,3,No,Lazy,Low,Family,Yes
46931,4830,27,Mumbai,Morning,Weekday,Fast Food,Breakfast,Mid-range,345,Yes,57,8,1,Yes,Stressed,Low,Partner,Yes
46932,2223,25,Chandigarh,Afternoon,Weekday,Chinese,Breakfast,Budget,948,Yes,97,6,4,No,Lazy,High,Alone,No
46933,2426,25,Delhi,Evening,Weekday,Desserts,Lunch,Premium,791,No,50,8,1,Yes,Lazy,High,Partner,Yes
46934,4882,32,Bangalore,Evening,Weekday,South Indian,Lunch,Premium,413,Yes,70,4,3,No,Stressed,Low,Family,No
46935,4939,29,Delhi,Morning,Weekday,Fast Food,Breakfast,Mid-range,443,No,67,3,1,No,Stressed,Low,Friends,No
46936,2394,32,Pune,Evening,Weekday,Desserts,Snacks,Budget,560,Yes,70,6,3,Yes,Happy,Low,Family,Yes
46937,1496,26,Hyderabad,Evening,Weekend,Fast Food,Lunch,Mid-range,394,Yes,80,10,2,Yes,Lazy,Medium,Alone,Yes
46938,2168,22,Bangalore,Night,Weekend,Biryani,Lunch,Budget,234,Yes,71,9,4,No,Celebrating,Low,Friends,Yes
46939,3394,19,Pune,Morning,Weekend,Chinese,Snacks,Premium,928,No,56,3,4,Yes,Celebrating,Medium,Friends,Yes
46940,2608,34,Delhi,Afternoon,Weekday,South Indian,Breakfast,Premium,654,Yes,93,7,4,Yes,Celebrating,Low,Family,No
46941,1528,24,Mumbai,Morning,Weekday,Fast Food,Dinner,Mid-range,310,No,45,4,3,Yes,Happy,Low,Alone,Yes
46942,1796,39,Delhi,Night,Weekday,Fast Food,Snacks,Premium,178,No,97,8,3,Yes,Happy,Medium,Partner,No
46943,3411,18,Hyderabad,Night,Weekday,Fast Food,Dinner,Mid-range,917,Yes,77,7,5,No,Celebrating,High,Friends,No
46944,1413,41,Pune,Evening,Weekend,Biryani,Snacks,Mid-range,748,No,53,1,3,No,Lazy,High,Partner,No
46945,2566,32,Mumbai,Afternoon,Weekend,Fast Food,Breakfast,Budget,623,Yes,94,9,2,Yes,Lazy,High,Friends,Yes
46946,3691,18,Pune,Night,Weekday,Fast Food,Lunch,Mid-range,791,Yes,24,13,1,Yes,Celebrating,High,Alone,No
46947,2369,18,Mumbai,Night,Weekend,North Indian,Snacks,Mid-range,872,Yes,76,8,2,Yes,Celebrating,High,Alone,Yes
46948,3384,23,Pune,Evening,Weekend,South Indian,Snacks,Premium,866,No,57,10,3,Yes,Lazy,Low,Partner,No
46949,4284,42,Bangalore,Night,Weekend,Fast Food,Breakfast,Mid-range,822,Yes,86,14,1,No,Celebrating,Medium,Friends,No
46950,2195,29,Pune,Morning,Weekend,Biryani,Breakfast,Premium,496,No,86,6,1,Yes,Happy,High,Friends,Yes
46951,2963,30,Delhi,Afternoon,Weekend,Desserts,Breakfast,Mid-range,254,Yes,87,5,5,Yes,Celebrating,Medium,Partner,Yes
46952,2000,41,Mumbai,Morning,Weekend,South Indian,Breakfast,Premium,844,No,46,11,4,No,Happy,High,Family,No
46953,4669,39,Mumbai,Night,Weekday,North Indian,Lunch,Budget,936,No,81,1,3,Yes,Celebrating,Medium,Alone,Yes
46954,2162,19,Pune,Afternoon,Weekend,South Indian,Lunch,Mid-range,454,No,45,8,1,Yes,Celebrating,High,Alone,No
46955,4751,44,Mumbai,Morning,Weekend,Fast Food,Snacks,Premium,318,No,28,8,2,No,Stressed,Medium,Partner,Yes
46956,2843,39,Bangalore,Afternoon,Weekend,South Indian,Snacks,Premium,931,No,33,9,2,Yes,Stressed,Low,Partner,Yes
46957,1321,28,Bangalore,Afternoon,Weekend,Desserts,Breakfast,Budget,866,Yes,97,11,1,Yes,Happy,High,Alone,No
46958,2981,24,Bangalore,Afternoon,Weekday,Desserts,Snacks,Budget,217,No,57,12,5,No,Lazy,Medium,Friends,Yes
46959,2345,40,Mumbai,Evening,Weekday,Desserts,Breakfast,Premium,377,Yes,78,11,2,Yes,Stressed,High,Family,Yes
46960,3323,34,Hyderabad,Morning,Weekday,Fast Food,Dinner,Premium,752,Yes,44,9,5,No,Lazy,Low,Alone,Yes
46961,3303,18,Delhi,Evening,Weekend,North Indian,Snacks,Budget,530,No,62,12,2,Yes,Lazy,Medium,Friends,No
46962,2841,34,Mumbai,Morning,Weekday,North Indian,Lunch,Budget,812,Yes,76,4,3,Yes,Lazy,Medium,Partner,Yes
46963,2747,37,Chandigarh,Evening,Weekend,Biryani,Breakfast,Budget,791,No,85,4,3,Yes,Stressed,Medium,Family,No
46964,2581,30,Delhi,Morning,Weekday,Fast Food,Breakfast,Budget,274,Yes,93,9,5,No,Stressed,Low,Friends,No
46965,3697,31,Pune,Morning,Weekend,Chinese,Dinner,Mid-range,957,No,79,14,3,No,Celebrating,Medium,Alone,No
46966,3181,43,Hyderabad,Afternoon,Weekday,Chinese,Snacks,Budget,249,No,59,3,2,No,Celebrating,High,Alone,No
46967,4086,33,Pune,Afternoon,Weekend,Fast Food,Breakfast,Mid-range,787,No,51,10,4,Yes,Stressed,Low,Alone,No
46968,3270,29,Hyderabad,Evening,Weekend,Biryani,Dinner,Budget,546,Yes,80,5,2,Yes,Stressed,Medium,Partner,Yes
46969,4820,27,Chandigarh,Evening,Weekday,Chinese,Dinner,Budget,272,Yes,33,6,5,Yes,Lazy,Medium,Friends,Yes
46970,1893,32,Pune,Morning,Weekend,North Indian,Dinner,Premium,954,Yes,31,4,1,Yes,Happy,Medium,Friends,No
46971,3601,29,Mumbai,Afternoon,Weekday,North Indian,Lunch,Budget,551,No,40,6,1,No,Celebrating,Medium,Partner,No
46972,1466,19,Mumbai,Night,Weekend,South Indian,Lunch,Budget,285,No,96,8,5,No,Celebrating,High,Family,No
46973,4976,35,Bangalore,Night,Weekend,Desserts,Snacks,Budget,125,No,80,7,5,Yes,Lazy,High,Family,No
46974,2036,39,Pune,Morning,Weekend,Biryani,Snacks,Mid-range,810,Yes,79,1,2,Yes,Celebrating,Medium,Partner,Yes
46975,2473,19,Hyderabad,Morning,Weekday,Biryani,Snacks,Budget,879,Yes,64,6,3,Yes,Lazy,Low,Friends,Yes
46976,1314,35,Bangalore,Evening,Weekday,Desserts,Lunch,Premium,536,No,63,6,5,No,Lazy,Low,Alone,No
46977,1266,37,Pune,Morning,Weekday,Desserts,Snacks,Premium,361,No,80,3,4,Yes,Celebrating,Medium,Alone,Yes
46978,1600,27,Mumbai,Afternoon,Weekday,Biryani,Dinner,Premium,206,Yes,36,10,1,Yes,Happy,High,Friends,No
46979,2299,40,Chandigarh,Night,Weekday,Fast Food,Dinner,Premium,624,No,86,11,5,Yes,Lazy,High,Friends,Yes
46980,3211,32,Chandigarh,Night,Weekend,Chinese,Breakfast,Budget,358,No,98,13,3,No,Happy,Low,Family,No
46981,4253,39,Pune,Evening,Weekend,South Indian,Breakfast,Premium,113,Yes,54,8,2,Yes,Happy,High,Family,No
46982,3514,23,Mumbai,Morning,Weekday,Chinese,Snacks,Mid-range,592,No,59,7,4,No,Lazy,Low,Alone,No
46983,3717,33,Delhi,Evening,Weekday,Fast Food,Breakfast,Budget,381,Yes,81,11,4,No,Stressed,Medium,Alone,Yes
46984,2729,18,Chandigarh,Night,Weekday,Chinese,Breakfast,Premium,856,Yes,55,2,1,No,Stressed,High,Family,Yes
46985,3843,24,Bangalore,Morning,Weekday,Biryani,Lunch,Premium,973,No,59,11,3,Yes,Happy,Low,Alone,No
46986,1429,35,Chandigarh,Afternoon,Weekday,South Indian,Snacks,Budget,517,No,68,10,4,No,Celebrating,Medium,Partner,Yes
46987,2131,18,Bangalore,Night,Weekday,South Indian,Breakfast,Mid-range,313,No,23,2,2,Yes,Celebrating,Low,Partner,Yes
46988,4939,38,Pune,Afternoon,Weekday,North Indian,Breakfast,Budget,354,Yes,45,1,4,Yes,Stressed,Medium,Family,Yes
46989,1556,34,Mumbai,Night,Weekday,Fast Food,Snacks,Premium,782,Yes,59,2,1,Yes,Stressed,Medium,Partner,Yes
46990,4583,32,Mumbai,Night,Weekday,South Indian,Lunch,Budget,889,Yes,52,14,2,No,Lazy,Low,Family,No
46991,1271,25,Chandigarh,Evening,Weekday,Biryani,Breakfast,Budget,544,No,49,8,5,No,Stressed,Medium,Family,Yes
46992,1828,33,Delhi,Afternoon,Weekday,Chinese,Breakfast,Budget,456,Yes,34,4,5,No,Celebrating,Low,Partner,Yes
46993,4537,25,Hyderabad,Morning,Weekend,North Indian,Lunch,Mid-range,295,Yes,75,10,2,No,Stressed,High,Partner,Yes
46994,4916,23,Chandigarh,Morning,Weekend,Biryani,Snacks,Mid-range,484,No,40,3,3,Yes,Stressed,Medium,Partner,Yes
46995,1379,43,Chandigarh,Morning,Weekend,South Indian,Snacks,Mid-range,969,No,96,3,2,Yes,Lazy,Medium,Family,No
46996,3639,39,Bangalore,Morning,Weekend,Fast Food,Snacks,Budget,425,Yes,79,5,5,No,Happy,High,Partner,Yes
46997,4092,24,Hyderabad,Evening,Weekend,Biryani,Snacks,Premium,239,No,97,7,3,No,Lazy,Medium,Alone,No
46998,2143,43,Pune,Evening,Weekday,North Indian,Dinner,Premium,199,Yes,29,9,5,No,Happy,Medium,Partner,No
46999,4293,26,Delhi,Night,Weekend,Biryani,Lunch,Mid-range,802,Yes,47,10,1,No,Stressed,High,Friends,Yes
47000,3500,41,Hyderabad,Afternoon,Weekday,Biryani,Snacks,Mid-range,428,No,69,2,2,Yes,Stressed,High,Partner,Yes
47001,4187,27,Pune,Morning,Weekday,Chinese,Breakfast,Budget,734,No,45,4,2,No,Lazy,Medium,Friends,Yes
47002,3422,42,Bangalore,Morning,Weekday,Biryani,Dinner,Premium,626,Yes,54,9,1,No,Stressed,Medium,Friends,No
47003,2468,26,Pune,Evening,Weekday,North Indian,Breakfast,Premium,664,No,81,6,2,No,Celebrating,Low,Friends,Yes
47004,2759,40,Hyderabad,Night,Weekend,Desserts,Lunch,Mid-range,891,Yes,34,12,1,No,Stressed,High,Friends,Yes
47005,3596,43,Mumbai,Afternoon,Weekday,Chinese,Snacks,Premium,899,No,43,3,3,Yes,Lazy,Low,Friends,Yes
47006,1849,30,Chandigarh,Evening,Weekday,Fast Food,Dinner,Mid-range,104,No,45,8,3,No,Lazy,High,Friends,No
47007,2942,32,Delhi,Morning,Weekday,Biryani,Snacks,Premium,662,No,65,2,2,Yes,Happy,Medium,Friends,No
47008,3800,44,Hyderabad,Afternoon,Weekend,North Indian,Snacks,Budget,508,No,80,10,2,Yes,Stressed,High,Family,No
47009,2637,39,Delhi,Morning,Weekday,Desserts,Lunch,Premium,455,No,85,2,5,No,Lazy,High,Family,No
47010,4002,26,Hyderabad,Afternoon,Weekday,South Indian,Lunch,Premium,502,Yes,70,12,2,Yes,Happy,High,Family,Yes
47011,3027,39,Mumbai,Night,Weekend,Fast Food,Breakfast,Budget,579,No,31,6,1,No,Happy,Low,Partner,Yes
47012,4793,25,Bangalore,Night,Weekday,South Indian,Breakfast,Mid-range,514,No,35,2,3,No,Stressed,Low,Family,Yes
47013,1263,44,Chandigarh,Night,Weekday,Fast Food,Lunch,Mid-range,937,No,88,12,4,Yes,Celebrating,High,Partner,Yes
47014,4601,29,Pune,Morning,Weekday,Desserts,Breakfast,Mid-range,130,No,78,11,5,No,Stressed,High,Family,No
47015,4664,35,Bangalore,Afternoon,Weekend,Desserts,Dinner,Budget,400,Yes,35,6,5,No,Stressed,Low,Friends,No
47016,3094,23,Delhi,Evening,Weekend,North Indian,Breakfast,Budget,989,No,88,10,3,No,Lazy,Medium,Alone,Yes
47017,3565,35,Hyderabad,Evening,Weekend,South Indian,Dinner,Premium,758,Yes,33,7,5,No,Stressed,Medium,Alone,No
47018,4284,19,Chandigarh,Afternoon,Weekday,Biryani,Lunch,Premium,194,Yes,34,1,4,No,Stressed,High,Partner,No
47019,2534,22,Hyderabad,Morning,Weekday,North Indian,Dinner,Mid-range,896,No,89,10,3,No,Lazy,High,Alone,Yes
47020,3041,27,Pune,Afternoon,Weekday,North Indian,Snacks,Mid-range,629,No,79,7,1,No,Celebrating,High,Partner,Yes
47021,1940,20,Bangalore,Afternoon,Weekend,Chinese,Snacks,Mid-range,167,Yes,50,1,2,No,Lazy,Low,Friends,Yes
47022,1519,28,Mumbai,Afternoon,Weekday,Chinese,Dinner,Mid-range,938,No,26,12,4,No,Celebrating,Low,Alone,Yes
47023,4313,40,Delhi,Afternoon,Weekday,South Indian,Dinner,Mid-range,704,No,77,13,4,No,Celebrating,Low,Friends,No
47024,4280,25,Hyderabad,Evening,Weekday,North Indian,Breakfast,Budget,863,Yes,25,14,3,Yes,Celebrating,Medium,Alone,Yes
47025,2523,31,Mumbai,Morning,Weekday,Biryani,Snacks,Budget,366,Yes,88,2,5,No,Happy,High,Alone,No
47026,1771,30,Pune,Afternoon,Weekday,Desserts,Breakfast,Mid-range,217,No,67,3,4,Yes,Celebrating,Medium,Partner,Yes
47027,4195,24,Chandigarh,Morning,Weekend,Desserts,Dinner,Mid-range,205,Yes,54,8,1,Yes,Stressed,Medium,Family,Yes
47028,3196,21,Pune,Night,Weekend,North Indian,Lunch,Mid-range,889,No,33,4,5,No,Stressed,Low,Family,Yes
47029,1870,18,Hyderabad,Afternoon,Weekend,Desserts,Dinner,Premium,561,Yes,42,2,2,No,Celebrating,Medium,Friends,No
47030,4990,40,Mumbai,Evening,Weekday,North Indian,Dinner,Budget,257,No,39,2,5,No,Stressed,Low,Family,Yes
47031,3894,33,Hyderabad,Afternoon,Weekday,Fast Food,Breakfast,Budget,363,No,21,2,4,No,Celebrating,High,Friends,Yes
47032,4486,37,Chandigarh,Night,Weekday,Desserts,Lunch,Mid-range,363,Yes,71,12,4,Yes,Stressed,Medium,Alone,Yes
47033,3035,23,Chandigarh,Night,Weekend,South Indian,Lunch,Budget,333,Yes,83,12,5,No,Lazy,Low,Friends,No
47034,3283,43,Pune,Morning,Weekday,North Indian,Breakfast,Budget,649,No,76,12,3,Yes,Happy,Low,Partner,Yes
47035,1494,43,Hyderabad,Afternoon,Weekday,Biryani,Snacks,Premium,321,No,43,10,2,Yes,Lazy,Low,Partner,Yes
47036,3100,25,Delhi,Afternoon,Weekend,Biryani,Dinner,Mid-range,544,No,32,11,4,No,Celebrating,High,Friends,Yes
47037,2770,31,Chandigarh,Evening,Weekend,Fast Food,Lunch,Budget,734,No,44,8,3,Yes,Celebrating,Medium,Family,No
47038,1444,44,Delhi,Evening,Weekend,South Indian,Snacks,Premium,300,No,53,13,5,No,Stressed,High,Partner,No
47039,1242,34,Chandigarh,Night,Weekday,Desserts,Dinner,Premium,364,No,66,9,1,Yes,Celebrating,High,Alone,Yes
47040,4738,20,Chandigarh,Morning,Weekday,South Indian,Breakfast,Premium,546,Yes,47,14,5,No,Lazy,Medium,Family,No
47041,3854,31,Chandigarh,Morning,Weekday,South Indian,Dinner,Premium,567,No,26,10,4,Yes,Happy,Medium,Partner,Yes
47042,1531,23,Chandigarh,Afternoon,Weekend,North Indian,Lunch,Premium,956,No,46,12,4,No,Stressed,Medium,Family,No
47043,2259,38,Pune,Afternoon,Weekday,South Indian,Dinner,Premium,721,No,98,7,4,Yes,Stressed,Medium,Alone,Yes
47044,4744,31,Chandigarh,Morning,Weekend,North Indian,Lunch,Premium,573,Yes,40,2,3,Yes,Stressed,Medium,Family,Yes
47045,4067,21,Mumbai,Morning,Weekend,Desserts,Breakfast,Premium,522,Yes,75,3,2,No,Stressed,High,Alone,Yes
47046,4126,44,Delhi,Morning,Weekend,Desserts,Snacks,Mid-range,852,Yes,25,10,1,Yes,Happy,Low,Alone,No
47047,2942,38,Chandigarh,Night,Weekday,Chinese,Breakfast,Premium,485,Yes,57,12,3,No,Stressed,High,Partner,No
47048,4039,44,Bangalore,Evening,Weekday,Biryani,Lunch,Budget,124,Yes,52,14,5,No,Lazy,High,Partner,No
47049,4972,31,Pune,Morning,Weekday,Biryani,Lunch,Mid-range,820,Yes,21,8,5,Yes,Happy,High,Family,No
47050,2602,29,Delhi,Morning,Weekday,South Indian,Lunch,Budget,601,No,87,5,4,No,Lazy,High,Alone,Yes
47051,3040,34,Chandigarh,Morning,Weekend,Biryani,Snacks,Premium,167,Yes,91,10,2,No,Lazy,Medium,Alone,Yes
47052,2476,29,Delhi,Evening,Weekday,Fast Food,Lunch,Budget,871,Yes,50,6,2,No,Lazy,High,Family,Yes
47053,1183,44,Hyderabad,Night,Weekday,North Indian,Snacks,Mid-range,198,No,97,2,2,Yes,Celebrating,Medium,Friends,Yes
47054,2121,27,Mumbai,Night,Weekday,Fast Food,Breakfast,Mid-range,459,Yes,73,6,2,Yes,Happy,High,Family,Yes
47055,4735,36,Mumbai,Night,Weekday,Chinese,Dinner,Mid-range,780,Yes,85,11,5,Yes,Happy,Medium,Alone,Yes
47056,3592,43,Pune,Evening,Weekend,Biryani,Dinner,Premium,714,No,30,4,3,Yes,Happy,Low,Partner,Yes
47057,3966,43,Delhi,Afternoon,Weekend,North Indian,Dinner,Mid-range,366,Yes,59,7,1,Yes,Lazy,Medium,Partner,Yes
47058,3458,32,Chandigarh,Night,Weekend,Fast Food,Snacks,Mid-range,615,No,31,14,5,No,Celebrating,High,Friends,No
47059,1078,34,Pune,Night,Weekday,Biryani,Breakfast,Premium,224,Yes,68,14,1,No,Lazy,High,Partner,Yes
47060,3010,27,Mumbai,Night,Weekend,Chinese,Dinner,Mid-range,497,Yes,65,11,5,No,Stressed,High,Family,No
47061,3440,30,Chandigarh,Evening,Weekday,Fast Food,Dinner,Mid-range,319,Yes,50,4,4,No,Happy,High,Alone,Yes
47062,3607,25,Chandigarh,Morning,Weekend,Desserts,Breakfast,Mid-range,418,No,56,13,2,No,Celebrating,High,Partner,Yes
47063,2386,26,Pune,Afternoon,Weekend,North Indian,Breakfast,Mid-range,383,Yes,52,2,2,No,Lazy,Low,Friends,No
47064,2745,33,Mumbai,Morning,Weekday,South Indian,Snacks,Mid-range,528,Yes,22,8,2,No,Lazy,High,Family,No
47065,4458,18,Mumbai,Evening,Weekend,South Indian,Breakfast,Mid-range,404,No,79,13,3,Yes,Stressed,High,Partner,No
47066,3578,18,Delhi,Evening,Weekday,North Indian,Snacks,Budget,270,No,82,3,1,No,Lazy,High,Friends,No
47067,3783,43,Delhi,Afternoon,Weekend,Biryani,Lunch,Premium,469,Yes,59,1,2,No,Happy,Low,Alone,No
47068,3143,39,Bangalore,Evening,Weekend,Desserts,Dinner,Premium,618,No,95,2,4,No,Stressed,Low,Friends,No
47069,2954,31,Delhi,Afternoon,Weekday,Chinese,Dinner,Mid-range,791,Yes,94,10,4,Yes,Lazy,High,Alone,Yes
47070,3191,20,Bangalore,Morning,Weekday,North Indian,Lunch,Premium,139,Yes,68,6,5,Yes,Celebrating,High,Partner,Yes
47071,1777,36,Pune,Night,Weekend,Biryani,Snacks,Budget,807,Yes,33,10,4,No,Lazy,Low,Partner,No
47072,1148,26,Chandigarh,Night,Weekend,South Indian,Snacks,Mid-range,240,No,26,14,3,No,Lazy,Low,Partner,No
47073,3460,25,Mumbai,Night,Weekday,Chinese,Snacks,Budget,741,No,83,8,2,No,Celebrating,High,Alone,Yes
47074,3840,18,Pune,Afternoon,Weekend,Chinese,Lunch,Mid-range,321,No,22,14,2,Yes,Stressed,Medium,Family,No
47075,4519,31,Chandigarh,Morning,Weekend,Chinese,Dinner,Premium,382,Yes,23,6,3,No,Lazy,Medium,Family,No
47076,4588,44,Hyderabad,Night,Weekend,North Indian,Snacks,Budget,669,Yes,56,14,2,No,Celebrating,Medium,Partner,No
47077,2041,18,Delhi,Afternoon,Weekday,Desserts,Breakfast,Budget,298,No,63,8,3,No,Celebrating,Medium,Friends,No
47078,4848,21,Bangalore,Evening,Weekday,Desserts,Breakfast,Budget,666,Yes,23,4,4,Yes,Celebrating,Low,Family,Yes
47079,1515,43,Delhi,Morning,Weekend,South Indian,Snacks,Mid-range,612,No,42,7,4,Yes,Stressed,Medium,Alone,No
47080,2236,20,Bangalore,Morning,Weekend,Desserts,Breakfast,Budget,435,Yes,73,14,3,No,Stressed,High,Alone,No
47081,3250,29,Delhi,Evening,Weekday,Biryani,Breakfast,Premium,920,Yes,74,4,2,No,Stressed,High,Friends,No
47082,1539,19,Hyderabad,Afternoon,Weekend,Chinese,Lunch,Mid-range,294,No,63,10,1,No,Stressed,High,Family,Yes
47083,1171,42,Hyderabad,Afternoon,Weekday,Chinese,Lunch,Mid-range,427,Yes,41,12,2,No,Celebrating,High,Alone,No
47084,3778,35,Delhi,Morning,Weekend,Fast Food,Lunch,Budget,620,No,85,11,1,No,Happy,High,Alone,No
47085,1452,42,Mumbai,Morning,Weekday,Biryani,Lunch,Budget,591,No,35,8,5,Yes,Lazy,High,Alone,Yes
47086,4015,29,Pune,Night,Weekend,South Indian,Dinner,Mid-range,306,Yes,98,6,3,No,Stressed,Medium,Alone,Yes
47087,3323,35,Pune,Night,Weekday,South Indian,Dinner,Premium,891,Yes,75,5,3,No,Stressed,High,Family,No
47088,4835,34,Hyderabad,Morning,Weekend,North Indian,Breakfast,Premium,560,No,24,6,2,No,Lazy,High,Alone,Yes
47089,2425,35,Bangalore,Morning,Weekday,Desserts,Dinner,Budget,720,Yes,73,9,1,Yes,Happy,High,Partner,Yes
47090,4830,41,Chandigarh,Evening,Weekend,Desserts,Dinner,Budget,196,No,22,13,2,Yes,Lazy,Low,Partner,No
47091,1899,43,Mumbai,Evening,Weekday,Desserts,Dinner,Premium,100,Yes,20,13,3,Yes,Celebrating,Medium,Friends,Yes
47092,2277,23,Pune,Afternoon,Weekday,Biryani,Snacks,Budget,369,Yes,51,13,1,No,Lazy,High,Family,Yes
47093,2313,21,Pune,Afternoon,Weekend,Desserts,Breakfast,Premium,856,Yes,47,7,4,Yes,Lazy,Medium,Friends,Yes
47094,3726,44,Hyderabad,Afternoon,Weekday,Chinese,Snacks,Budget,425,No,26,10,4,No,Happy,Low,Alone,No
47095,1115,18,Delhi,Morning,Weekday,North Indian,Dinner,Premium,117,Yes,31,7,4,No,Stressed,Medium,Friends,Yes
47096,2366,43,Delhi,Evening,Weekday,Chinese,Breakfast,Premium,760,No,92,10,2,No,Lazy,Medium,Family,Yes
47097,2324,30,Pune,Night,Weekend,North Indian,Lunch,Budget,918,Yes,29,7,5,No,Lazy,Medium,Alone,Yes
47098,3494,20,Hyderabad,Morning,Weekday,North Indian,Breakfast,Premium,882,No,52,12,5,No,Happy,Low,Partner,Yes
47099,3005,33,Pune,Night,Weekday,Desserts,Lunch,Mid-range,880,Yes,72,11,5,No,Stressed,Low,Friends,No
47100,2867,21,Mumbai,Afternoon,Weekday,Desserts,Dinner,Mid-range,268,Yes,33,1,5,No,Stressed,Medium,Family,Yes
47101,1447,36,Chandigarh,Night,Weekday,Chinese,Breakfast,Mid-range,536,No,68,1,4,Yes,Lazy,Medium,Family,Yes
47102,3304,44,Pune,Afternoon,Weekday,Chinese,Dinner,Premium,330,Yes,62,14,5,Yes,Happy,Low,Partner,Yes
47103,2052,39,Hyderabad,Afternoon,Weekend,Fast Food,Snacks,Premium,800,Yes,88,9,2,Yes,Celebrating,Low,Partner,Yes
47104,3527,18,Hyderabad,Afternoon,Weekend,Chinese,Lunch,Premium,330,No,95,13,4,No,Stressed,High,Friends,Yes
47105,4510,42,Chandigarh,Evening,Weekday,Desserts,Snacks,Mid-range,325,Yes,45,3,1,Yes,Happy,Medium,Alone,No
47106,2049,26,Chandigarh,Afternoon,Weekend,Fast Food,Breakfast,Mid-range,756,Yes,53,4,4,No,Happy,High,Friends,No
47107,1955,32,Mumbai,Evening,Weekend,Chinese,Dinner,Budget,911,Yes,48,12,4,No,Lazy,Low,Friends,No
47108,1025,41,Bangalore,Night,Weekend,Biryani,Lunch,Mid-range,319,No,34,6,5,Yes,Lazy,High,Friends,Yes
47109,2131,30,Chandigarh,Afternoon,Weekend,South Indian,Dinner,Budget,779,No,24,4,2,No,Celebrating,Low,Partner,No
47110,2907,41,Bangalore,Night,Weekday,North Indian,Breakfast,Premium,683,No,89,2,5,Yes,Stressed,High,Friends,Yes
47111,4900,35,Mumbai,Afternoon,Weekday,Chinese,Dinner,Premium,326,Yes,74,13,3,No,Stressed,High,Partner,No
47112,1563,26,Hyderabad,Evening,Weekday,Desserts,Dinner,Budget,598,Yes,37,5,4,Yes,Happy,Low,Friends,No
47113,1477,29,Delhi,Night,Weekend,Chinese,Lunch,Mid-range,608,Yes,62,12,2,Yes,Celebrating,High,Friends,No
47114,4304,34,Mumbai,Afternoon,Weekday,Desserts,Snacks,Mid-range,372,Yes,70,4,5,No,Stressed,Low,Friends,Yes
47115,2596,24,Pune,Morning,Weekend,North Indian,Snacks,Budget,525,No,77,1,3,No,Stressed,Medium,Friends,No
47116,3850,38,Pune,Afternoon,Weekend,Chinese,Snacks,Budget,151,Yes,62,8,3,Yes,Lazy,High,Alone,Yes
47117,2569,30,Hyderabad,Morning,Weekend,Chinese,Dinner,Mid-range,902,No,69,6,3,Yes,Lazy,Medium,Family,Yes
47118,2190,34,Mumbai,Morning,Weekend,South Indian,Lunch,Premium,524,No,78,1,5,No,Celebrating,Medium,Partner,Yes
47119,3107,33,Chandigarh,Afternoon,Weekend,South Indian,Dinner,Mid-range,354,Yes,54,12,4,Yes,Celebrating,Medium,Friends,No
47120,3249,37,Bangalore,Morning,Weekday,South Indian,Dinner,Mid-range,997,No,44,11,1,Yes,Celebrating,Medium,Alone,No
47121,4135,38,Delhi,Evening,Weekday,Chinese,Lunch,Budget,173,Yes,89,13,4,Yes,Stressed,Medium,Family,Yes
47122,3483,32,Delhi,Evening,Weekday,Chinese,Lunch,Mid-range,647,Yes,82,9,3,Yes,Happy,Low,Friends,No
47123,3598,27,Delhi,Morning,Weekend,Desserts,Breakfast,Budget,299,Yes,58,1,3,No,Celebrating,Low,Family,Yes
47124,3053,20,Mumbai,Afternoon,Weekday,Chinese,Snacks,Mid-range,388,Yes,76,10,4,No,Happy,Low,Family,Yes
47125,4790,18,Hyderabad,Evening,Weekend,Fast Food,Breakfast,Mid-range,659,No,22,12,4,No,Lazy,Medium,Friends,Yes
47126,4034,25,Bangalore,Morning,Weekend,Fast Food,Dinner,Mid-range,293,No,73,8,5,No,Happy,Medium,Alone,Yes
47127,1209,26,Pune,Morning,Weekday,South Indian,Breakfast,Mid-range,913,Yes,97,6,4,No,Celebrating,Medium,Friends,No
47128,2748,32,Delhi,Morning,Weekday,South Indian,Lunch,Premium,648,No,38,1,3,Yes,Happy,Low,Family,No
47129,3041,19,Hyderabad,Morning,Weekend,Chinese,Lunch,Budget,373,Yes,76,3,5,Yes,Celebrating,Low,Friends,No
47130,3329,24,Bangalore,Afternoon,Weekend,South Indian,Lunch,Premium,239,Yes,75,1,3,No,Lazy,High,Alone,Yes
47131,4808,42,Delhi,Afternoon,Weekend,Desserts,Snacks,Mid-range,908,No,95,1,1,Yes,Lazy,Medium,Friends,No
47132,3717,21,Mumbai,Morning,Weekend,Biryani,Dinner,Mid-range,772,No,96,11,2,Yes,Stressed,Medium,Partner,No
47133,2087,22,Mumbai,Morning,Weekend,North Indian,Lunch,Premium,268,Yes,83,3,2,Yes,Celebrating,Medium,Friends,Yes
47134,1307,21,Hyderabad,Night,Weekday,North Indian,Lunch,Mid-range,244,Yes,28,5,3,No,Celebrating,Medium,Partner,Yes
47135,1181,26,Delhi,Afternoon,Weekday,Fast Food,Lunch,Budget,391,No,62,8,4,No,Lazy,High,Alone,Yes
47136,3380,38,Chandigarh,Morning,Weekday,Biryani,Lunch,Mid-range,134,No,85,9,3,No,Happy,Medium,Friends,No
47137,3122,38,Delhi,Morning,Weekday,North Indian,Dinner,Premium,709,Yes,77,5,2,No,Happy,Low,Family,No
47138,3627,30,Hyderabad,Afternoon,Weekend,Chinese,Dinner,Budget,862,No,66,7,4,No,Lazy,Low,Family,No
47139,3901,21,Pune,Night,Weekend,Biryani,Dinner,Budget,535,Yes,42,10,1,Yes,Celebrating,Low,Partner,No
47140,1706,28,Bangalore,Night,Weekend,Fast Food,Snacks,Premium,923,No,20,1,1,Yes,Happy,High,Alone,No
47141,3808,26,Hyderabad,Afternoon,Weekend,Chinese,Breakfast,Premium,424,Yes,38,12,3,No,Stressed,Low,Family,Yes
47142,4817,21,Delhi,Night,Weekend,South Indian,Dinner,Premium,354,No,20,12,3,Yes,Happy,Low,Alone,Yes
47143,3769,44,Mumbai,Morning,Weekday,Biryani,Lunch,Budget,917,Yes,33,4,3,No,Stressed,High,Alone,Yes
47144,3197,34,Pune,Night,Weekday,Desserts,Snacks,Budget,606,Yes,37,3,5,Yes,Stressed,High,Family,No
47145,2410,36,Pune,Morning,Weekday,Chinese,Dinner,Premium,734,Yes,35,12,4,Yes,Stressed,Low,Friends,No
47146,3689,20,Pune,Afternoon,Weekend,Biryani,Snacks,Mid-range,318,No,87,11,5,No,Celebrating,Medium,Friends,Yes
47147,3691,26,Bangalore,Morning,Weekend,North Indian,Snacks,Budget,856,No,44,3,3,No,Stressed,Medium,Alone,Yes
47148,2597,20,Chandigarh,Night,Weekday,Fast Food,Snacks,Budget,732,Yes,22,3,4,Yes,Happy,Medium,Friends,Yes
47149,3033,32,Mumbai,Afternoon,Weekend,North Indian,Snacks,Mid-range,556,Yes,83,12,3,Yes,Lazy,Medium,Friends,No
47150,4584,21,Pune,Night,Weekday,Biryani,Snacks,Mid-range,434,Yes,53,4,4,No,Stressed,High,Friends,No
47151,3219,22,Mumbai,Afternoon,Weekday,South Indian,Snacks,Premium,635,Yes,41,2,4,No,Happy,Medium,Partner,Yes
47152,3173,35,Bangalore,Afternoon,Weekday,Chinese,Dinner,Premium,978,Yes,95,7,5,No,Celebrating,Medium,Partner,Yes
47153,2779,27,Mumbai,Morning,Weekend,South Indian,Breakfast,Premium,681,Yes,98,14,4,Yes,Stressed,High,Partner,Yes
47154,1233,31,Delhi,Afternoon,Weekday,Desserts,Lunch,Mid-range,714,No,30,12,1,No,Happy,High,Partner,Yes
47155,3489,29,Delhi,Afternoon,Weekday,Fast Food,Snacks,Mid-range,418,Yes,73,9,1,Yes,Celebrating,Medium,Alone,No
47156,1642,30,Bangalore,Morning,Weekday,South Indian,Lunch,Mid-range,257,No,92,5,5,Yes,Happy,High,Family,No
47157,3632,32,Chandigarh,Evening,Weekday,South Indian,Lunch,Mid-range,586,Yes,53,4,1,Yes,Celebrating,High,Family,Yes
47158,2511,43,Hyderabad,Evening,Weekend,South Indian,Dinner,Budget,728,Yes,79,2,5,No,Stressed,High,Partner,No
47159,2112,44,Delhi,Evening,Weekday,Biryani,Lunch,Premium,789,Yes,58,6,5,No,Stressed,Low,Friends,Yes
47160,1687,19,Chandigarh,Afternoon,Weekday,Biryani,Dinner,Budget,660,No,41,1,5,No,Celebrating,Medium,Friends,No
47161,4000,29,Delhi,Night,Weekend,Desserts,Snacks,Budget,160,No,24,8,4,Yes,Happy,Low,Family,No
47162,3217,42,Hyderabad,Evening,Weekend,Fast Food,Lunch,Mid-range,880,No,78,8,2,No,Happy,Medium,Friends,Yes
47163,3334,39,Bangalore,Night,Weekday,Fast Food,Dinner,Budget,721,No,70,7,4,No,Stressed,Low,Friends,Yes
47164,2862,26,Bangalore,Night,Weekend,North Indian,Breakfast,Budget,296,No,31,6,5,Yes,Lazy,Medium,Friends,Yes
47165,1537,37,Mumbai,Morning,Weekend,Fast Food,Breakfast,Premium,868,Yes,50,1,4,Yes,Celebrating,High,Partner,Yes
47166,3919,23,Delhi,Morning,Weekend,North Indian,Snacks,Premium,381,No,25,4,5,No,Lazy,Medium,Friends,No
47167,1403,44,Delhi,Night,Weekday,Biryani,Lunch,Premium,774,No,81,14,2,No,Stressed,Low,Alone,No
47168,1400,22,Mumbai,Evening,Weekend,South Indian,Snacks,Premium,177,No,70,4,3,No,Stressed,Low,Alone,No
47169,3940,38,Pune,Evening,Weekend,Chinese,Breakfast,Premium,887,No,51,14,3,Yes,Lazy,Low,Alone,Yes
47170,1280,25,Chandigarh,Evening,Weekday,North Indian,Snacks,Mid-range,971,Yes,38,5,1,No,Stressed,Medium,Partner,Yes
47171,3643,32,Chandigarh,Night,Weekday,South Indian,Dinner,Mid-range,872,No,83,5,5,No,Celebrating,High,Family,No
47172,2883,27,Bangalore,Afternoon,Weekday,Fast Food,Snacks,Budget,939,No,80,3,4,No,Stressed,Medium,Family,No
47173,2283,21,Chandigarh,Evening,Weekend,Desserts,Dinner,Premium,489,No,85,14,3,Yes,Celebrating,Medium,Family,No
47174,4205,36,Bangalore,Evening,Weekday,Chinese,Dinner,Budget,605,No,47,3,5,No,Lazy,High,Family,Yes
47175,2042,35,Mumbai,Afternoon,Weekend,Biryani,Dinner,Mid-range,616,Yes,71,14,1,No,Happy,Low,Family,Yes
47176,1672,28,Mumbai,Evening,Weekday,North Indian,Lunch,Premium,298,Yes,33,1,5,Yes,Celebrating,Low,Partner,No
47177,4204,33,Pune,Night,Weekend,North Indian,Breakfast,Budget,803,No,34,3,4,No,Lazy,Medium,Family,Yes
47178,3658,29,Delhi,Morning,Weekend,Desserts,Dinner,Mid-range,944,No,62,6,1,Yes,Lazy,High,Partner,Yes
47179,2899,33,Bangalore,Morning,Weekday,North Indian,Snacks,Mid-range,737,No,30,11,5,Yes,Lazy,Low,Friends,No
47180,3622,27,Pune,Morning,Weekday,North Indian,Dinner,Budget,583,Yes,40,1,4,No,Stressed,Low,Partner,No
47181,4494,24,Hyderabad,Afternoon,Weekend,Fast Food,Snacks,Budget,611,No,24,9,4,Yes,Stressed,High,Alone,No
47182,1469,26,Pune,Morning,Weekday,Desserts,Snacks,Budget,622,Yes,96,5,2,No,Happy,Medium,Alone,Yes
47183,1016,21,Mumbai,Afternoon,Weekend,Chinese,Lunch,Mid-range,692,No,91,2,2,Yes,Happy,High,Partner,No
47184,4980,36,Mumbai,Evening,Weekday,Chinese,Lunch,Mid-range,844,No,44,2,2,Yes,Lazy,High,Partner,Yes
47185,2183,43,Mumbai,Morning,Weekend,South Indian,Breakfast,Premium,437,No,52,6,4,Yes,Lazy,Low,Friends,No
47186,3840,35,Bangalore,Morning,Weekend,Chinese,Dinner,Premium,394,Yes,94,4,1,Yes,Lazy,High,Friends,No
47187,3519,21,Delhi,Afternoon,Weekday,Chinese,Lunch,Budget,491,No,82,12,2,No,Happy,Medium,Family,Yes
47188,4125,42,Bangalore,Morning,Weekend,Desserts,Lunch,Premium,848,No,93,9,5,No,Happy,Medium,Family,No
47189,3759,37,Delhi,Morning,Weekend,South Indian,Breakfast,Budget,861,No,31,7,4,Yes,Happy,Low,Alone,Yes
47190,2966,20,Mumbai,Afternoon,Weekday,Chinese,Dinner,Premium,277,Yes,40,8,5,Yes,Celebrating,Low,Partner,No
47191,3589,19,Delhi,Afternoon,Weekday,Fast Food,Breakfast,Premium,717,Yes,49,11,4,No,Celebrating,Low,Partner,Yes
47192,2133,22,Hyderabad,Night,Weekday,South Indian,Lunch,Mid-range,972,Yes,85,1,4,No,Celebrating,Low,Alone,No
47193,2956,30,Delhi,Morning,Weekend,Fast Food,Dinner,Mid-range,250,No,52,1,5,Yes,Lazy,Medium,Partner,No
47194,3331,44,Hyderabad,Afternoon,Weekday,North Indian,Dinner,Premium,667,No,41,1,1,No,Lazy,High,Family,Yes
47195,4044,27,Hyderabad,Morning,Weekend,Desserts,Lunch,Mid-range,986,Yes,71,10,3,No,Celebrating,Medium,Alone,Yes
47196,4299,22,Hyderabad,Night,Weekend,North Indian,Breakfast,Premium,958,No,87,4,2,Yes,Lazy,High,Partner,No
47197,4316,43,Delhi,Evening,Weekday,Fast Food,Snacks,Budget,822,No,72,14,5,Yes,Celebrating,Medium,Family,No
47198,4978,20,Pune,Morning,Weekend,North Indian,Snacks,Mid-range,320,No,69,10,2,No,Lazy,High,Alone,Yes
47199,3310,20,Hyderabad,Afternoon,Weekend,Fast Food,Breakfast,Budget,335,No,26,12,1,Yes,Celebrating,Low,Friends,Yes
47200,1179,44,Pune,Morning,Weekend,North Indian,Snacks,Premium,961,No,80,9,1,Yes,Lazy,Low,Alone,Yes
47201,4966,20,Hyderabad,Night,Weekend,South Indian,Lunch,Budget,750,No,49,10,1,Yes,Happy,Medium,Friends,No
47202,4984,31,Delhi,Evening,Weekday,South Indian,Snacks,Mid-range,193,Yes,53,11,1,Yes,Lazy,High,Partner,Yes
47203,1602,29,Delhi,Morning,Weekday,Chinese,Snacks,Premium,588,Yes,54,12,3,No,Stressed,Low,Partner,No
47204,4972,24,Delhi,Morning,Weekday,Chinese,Breakfast,Budget,424,Yes,94,10,4,Yes,Celebrating,Medium,Friends,Yes
47205,3055,19,Hyderabad,Morning,Weekday,Desserts,Dinner,Mid-range,293,No,60,12,2,No,Celebrating,Medium,Friends,No
47206,2605,23,Chandigarh,Night,Weekend,South Indian,Snacks,Mid-range,527,Yes,74,14,2,Yes,Happy,Medium,Partner,Yes
47207,4998,20,Hyderabad,Afternoon,Weekend,Biryani,Breakfast,Premium,594,No,52,1,5,No,Stressed,Medium,Friends,No
47208,1249,34,Hyderabad,Night,Weekday,Chinese,Breakfast,Premium,651,Yes,52,8,3,No,Celebrating,Low,Alone,No
47209,3362,32,Pune,Morning,Weekend,Chinese,Snacks,Premium,817,No,90,8,4,Yes,Lazy,Medium,Friends,No
47210,2283,29,Pune,Afternoon,Weekday,South Indian,Lunch,Budget,280,Yes,86,10,3,Yes,Happy,High,Family,No
47211,1621,32,Bangalore,Morning,Weekend,North Indian,Snacks,Premium,809,Yes,55,8,5,No,Lazy,High,Friends,No
47212,2326,22,Pune,Night,Weekday,Desserts,Lunch,Budget,172,Yes,58,5,3,No,Stressed,Low,Partner,No
47213,1056,24,Mumbai,Morning,Weekend,Fast Food,Dinner,Mid-range,868,Yes,74,10,4,Yes,Lazy,High,Alone,Yes
47214,4585,41,Hyderabad,Afternoon,Weekday,Fast Food,Dinner,Premium,613,No,33,1,5,Yes,Celebrating,Medium,Friends,No
47215,1510,27,Chandigarh,Evening,Weekday,Chinese,Lunch,Mid-range,440,No,54,1,3,Yes,Stressed,Low,Family,No
47216,1251,32,Pune,Morning,Weekday,Biryani,Breakfast,Budget,459,No,57,7,4,No,Happy,Low,Alone,Yes
47217,1669,42,Pune,Night,Weekend,South Indian,Dinner,Premium,784,No,54,3,5,No,Stressed,Low,Partner,No
47218,3834,21,Chandigarh,Morning,Weekday,Biryani,Breakfast,Premium,633,No,56,13,5,No,Stressed,Low,Family,Yes
47219,4076,19,Pune,Afternoon,Weekend,Fast Food,Dinner,Mid-range,401,Yes,89,5,2,No,Celebrating,High,Alone,Yes
47220,3293,30,Chandigarh,Morning,Weekday,Biryani,Lunch,Budget,968,No,25,6,5,Yes,Lazy,Medium,Friends,Yes
47221,2310,34,Chandigarh,Morning,Weekday,North Indian,Snacks,Budget,593,No,78,8,3,No,Celebrating,Low,Family,No
47222,3558,23,Pune,Afternoon,Weekday,Chinese,Lunch,Budget,345,Yes,56,6,1,No,Happy,Low,Family,No
47223,2532,39,Mumbai,Morning,Weekday,North Indian,Snacks,Premium,642,Yes,67,6,2,Yes,Happy,Medium,Friends,Yes
47224,4386,33,Mumbai,Night,Weekday,Biryani,Dinner,Budget,622,Yes,29,14,2,No,Stressed,Medium,Friends,No
47225,2227,21,Hyderabad,Night,Weekend,Biryani,Snacks,Mid-range,277,No,53,12,2,No,Lazy,High,Alone,Yes
47226,3517,23,Pune,Evening,Weekday,Desserts,Dinner,Premium,321,No,20,10,2,Yes,Celebrating,High,Alone,No
47227,4294,42,Pune,Afternoon,Weekday,South Indian,Breakfast,Budget,937,No,67,14,5,No,Lazy,Medium,Alone,Yes
47228,2198,22,Delhi,Afternoon,Weekday,Desserts,Breakfast,Mid-range,136,Yes,94,6,5,Yes,Stressed,Medium,Family,Yes
47229,2142,22,Delhi,Morning,Weekday,Biryani,Snacks,Mid-range,281,Yes,98,8,5,Yes,Celebrating,Medium,Family,No
47230,1772,41,Pune,Morning,Weekend,Biryani,Lunch,Premium,405,Yes,31,2,5,No,Lazy,Medium,Alone,No
47231,2246,40,Mumbai,Afternoon,Weekend,Fast Food,Lunch,Mid-range,588,Yes,38,14,2,No,Happy,Medium,Alone,No
47232,1175,20,Hyderabad,Afternoon,Weekday,South Indian,Dinner,Budget,290,Yes,84,14,4,Yes,Happy,High,Family,Yes
47233,2024,34,Mumbai,Afternoon,Weekday,North Indian,Lunch,Premium,952,No,25,9,1,Yes,Happy,High,Partner,Yes
47234,3529,27,Pune,Morning,Weekday,Chinese,Lunch,Premium,382,No,28,14,5,No,Happy,Medium,Partner,No
47235,2385,44,Delhi,Night,Weekday,Fast Food,Lunch,Budget,802,Yes,99,12,4,No,Happy,Low,Partner,No
47236,3083,35,Hyderabad,Evening,Weekday,North Indian,Breakfast,Mid-range,205,Yes,47,4,1,Yes,Lazy,Low,Family,Yes
47237,4572,32,Bangalore,Afternoon,Weekday,Fast Food,Snacks,Premium,715,No,55,9,5,Yes,Happy,High,Partner,No
47238,1725,31,Delhi,Evening,Weekend,North Indian,Lunch,Mid-range,833,Yes,53,4,5,Yes,Stressed,Medium,Alone,No
47239,3586,34,Bangalore,Night,Weekday,Desserts,Lunch,Budget,961,Yes,48,10,4,Yes,Lazy,Medium,Alone,Yes
47240,2734,22,Bangalore,Night,Weekday,Desserts,Snacks,Premium,296,No,29,8,1,Yes,Lazy,High,Family,Yes
47241,2172,21,Hyderabad,Night,Weekend,Fast Food,Breakfast,Premium,873,No,96,6,3,No,Stressed,High,Friends,No
47242,4335,19,Delhi,Afternoon,Weekday,Desserts,Lunch,Mid-range,525,No,86,11,1,Yes,Happy,High,Alone,No
47243,4999,19,Mumbai,Morning,Weekend,Desserts,Snacks,Mid-range,804,Yes,56,2,1,Yes,Stressed,Low,Family,Yes
47244,4110,21,Mumbai,Evening,Weekday,North Indian,Dinner,Budget,617,Yes,43,9,3,No,Happy,Medium,Alone,Yes
47245,2387,41,Mumbai,Morning,Weekday,Desserts,Breakfast,Premium,676,No,21,14,4,No,Stressed,Low,Family,Yes
47246,1869,22,Bangalore,Night,Weekend,Biryani,Lunch,Premium,434,Yes,92,4,5,No,Stressed,High,Alone,Yes
47247,2565,30,Bangalore,Afternoon,Weekday,South Indian,Lunch,Mid-range,570,No,86,12,1,No,Stressed,High,Family,Yes
47248,2500,41,Chandigarh,Evening,Weekend,South Indian,Dinner,Premium,309,Yes,76,14,1,No,Stressed,Low,Friends,Yes
47249,1423,38,Chandigarh,Morning,Weekend,Chinese,Breakfast,Budget,248,Yes,40,9,5,No,Stressed,Low,Partner,Yes
47250,4840,19,Pune,Night,Weekday,North Indian,Lunch,Premium,445,No,27,9,1,No,Lazy,Low,Alone,No
47251,2333,29,Mumbai,Afternoon,Weekend,South Indian,Lunch,Mid-range,151,No,72,10,4,No,Celebrating,Low,Family,Yes
47252,3498,24,Delhi,Evening,Weekday,North Indian,Breakfast,Budget,539,No,69,3,3,No,Celebrating,High,Family,Yes
47253,2828,42,Bangalore,Afternoon,Weekend,Chinese,Lunch,Mid-range,157,No,83,14,5,No,Happy,Medium,Partner,No
47254,4333,22,Chandigarh,Morning,Weekday,Biryani,Dinner,Premium,380,No,47,1,3,Yes,Lazy,Medium,Partner,No
47255,3297,21,Delhi,Morning,Weekday,Desserts,Dinner,Mid-range,283,No,27,9,3,Yes,Happy,High,Family,No
47256,2588,32,Bangalore,Morning,Weekend,Fast Food,Lunch,Premium,241,No,40,9,4,Yes,Celebrating,High,Family,Yes
47257,4281,27,Delhi,Afternoon,Weekday,Chinese,Snacks,Mid-range,742,No,69,14,1,Yes,Celebrating,Medium,Alone,Yes
47258,4322,30,Delhi,Night,Weekend,Fast Food,Breakfast,Mid-range,596,No,27,4,1,Yes,Happy,Low,Family,No
47259,1337,19,Chandigarh,Evening,Weekend,South Indian,Snacks,Premium,809,Yes,84,7,3,Yes,Lazy,Medium,Partner,Yes
47260,1371,22,Hyderabad,Morning,Weekend,Biryani,Breakfast,Premium,943,No,65,11,5,No,Celebrating,High,Friends,No
47261,2831,24,Hyderabad,Morning,Weekend,South Indian,Lunch,Mid-range,570,No,21,9,3,No,Celebrating,Medium,Partner,No
47262,4955,28,Bangalore,Evening,Weekday,Fast Food,Lunch,Budget,323,Yes,88,2,4,Yes,Happy,High,Partner,Yes
47263,3798,34,Mumbai,Evening,Weekend,Chinese,Lunch,Mid-range,918,No,62,1,2,Yes,Stressed,Low,Partner,No
47264,4724,20,Mumbai,Night,Weekday,Biryani,Lunch,Mid-range,377,Yes,82,14,2,No,Stressed,High,Alone,Yes
47265,1419,24,Chandigarh,Morning,Weekday,Chinese,Snacks,Premium,476,Yes,92,4,5,No,Celebrating,High,Alone,No
47266,1895,37,Bangalore,Morning,Weekday,Biryani,Dinner,Premium,375,Yes,75,9,4,No,Celebrating,Low,Partner,No
47267,2772,23,Chandigarh,Afternoon,Weekday,Desserts,Lunch,Mid-range,565,No,86,3,4,Yes,Stressed,Low,Partner,No
47268,3046,32,Hyderabad,Afternoon,Weekday,Fast Food,Breakfast,Premium,598,Yes,85,7,2,No,Celebrating,Low,Family,No
47269,4351,21,Pune,Morning,Weekend,Desserts,Snacks,Budget,779,Yes,78,7,2,Yes,Celebrating,Low,Family,No
47270,1923,33,Hyderabad,Night,Weekend,Biryani,Dinner,Mid-range,930,Yes,74,4,3,No,Lazy,Low,Alone,No
47271,3191,35,Chandigarh,Evening,Weekday,Biryani,Dinner,Premium,483,No,45,14,1,No,Happy,High,Family,Yes
47272,3642,38,Mumbai,Afternoon,Weekday,North Indian,Dinner,Mid-range,555,Yes,21,8,1,No,Celebrating,Low,Friends,No
47273,4926,43,Pune,Afternoon,Weekday,Fast Food,Breakfast,Premium,964,Yes,81,9,5,No,Happy,Medium,Partner,No
47274,4890,30,Pune,Night,Weekend,Biryani,Breakfast,Budget,832,No,98,4,5,Yes,Celebrating,High,Partner,Yes
47275,2731,33,Mumbai,Evening,Weekend,North Indian,Lunch,Premium,944,Yes,22,11,4,No,Happy,High,Friends,Yes
47276,1621,39,Pune,Morning,Weekday,Biryani,Snacks,Budget,730,No,71,3,1,Yes,Lazy,Medium,Family,Yes
47277,3399,40,Hyderabad,Morning,Weekday,North Indian,Snacks,Mid-range,341,No,56,11,4,No,Celebrating,Low,Partner,No
47278,2803,40,Bangalore,Afternoon,Weekend,Desserts,Snacks,Budget,523,Yes,84,6,3,No,Lazy,Medium,Friends,Yes
47279,3260,33,Chandigarh,Afternoon,Weekend,Fast Food,Dinner,Budget,327,No,61,8,4,Yes,Stressed,Low,Family,No
47280,1383,43,Bangalore,Evening,Weekend,North Indian,Snacks,Mid-range,584,Yes,92,5,5,Yes,Happy,Low,Family,Yes
47281,1577,40,Chandigarh,Afternoon,Weekday,Fast Food,Snacks,Budget,297,No,97,10,4,Yes,Lazy,High,Partner,No
47282,2136,37,Delhi,Morning,Weekday,Desserts,Breakfast,Budget,255,Yes,53,1,4,No,Celebrating,Low,Partner,No
47283,1104,30,Pune,Evening,Weekday,Fast Food,Dinner,Mid-range,458,Yes,84,7,2,Yes,Celebrating,Medium,Partner,Yes
47284,2520,22,Bangalore,Afternoon,Weekday,North Indian,Dinner,Mid-range,669,Yes,40,11,2,No,Stressed,High,Friends,No
47285,1143,43,Pune,Morning,Weekday,Biryani,Snacks,Mid-range,221,Yes,99,12,5,No,Lazy,Medium,Family,No
47286,1956,40,Mumbai,Night,Weekday,Fast Food,Lunch,Mid-range,476,Yes,36,10,1,No,Stressed,High,Partner,No
47287,2423,27,Pune,Morning,Weekend,Desserts,Snacks,Mid-range,446,No,57,5,1,No,Lazy,High,Partner,Yes
47288,1321,21,Hyderabad,Night,Weekday,Chinese,Lunch,Budget,362,No,33,6,5,Yes,Stressed,Medium,Family,Yes
47289,2338,40,Bangalore,Afternoon,Weekday,Biryani,Breakfast,Premium,950,No,85,8,5,Yes,Lazy,High,Family,No
47290,3463,36,Bangalore,Morning,Weekday,Biryani,Snacks,Mid-range,626,Yes,77,6,2,No,Stressed,Medium,Partner,Yes
47291,2880,36,Pune,Afternoon,Weekday,Desserts,Dinner,Budget,633,No,39,2,2,Yes,Celebrating,Medium,Alone,Yes
47292,3090,26,Bangalore,Afternoon,Weekend,Chinese,Lunch,Mid-range,564,Yes,99,8,4,No,Celebrating,Medium,Partner,No
47293,3059,41,Bangalore,Evening,Weekend,Desserts,Lunch,Mid-range,122,Yes,99,10,2,No,Happy,Medium,Family,No
47294,2895,26,Pune,Afternoon,Weekday,North Indian,Breakfast,Budget,870,Yes,73,14,5,Yes,Lazy,Medium,Partner,No
47295,2499,20,Mumbai,Night,Weekday,Desserts,Breakfast,Budget,270,Yes,59,8,4,No,Stressed,Medium,Partner,No
47296,2235,28,Delhi,Night,Weekday,Desserts,Snacks,Mid-range,360,Yes,35,3,2,No,Lazy,Medium,Partner,Yes
47297,4633,19,Mumbai,Morning,Weekend,Biryani,Lunch,Budget,825,Yes,28,7,1,No,Celebrating,Low,Family,Yes
47298,4505,24,Chandigarh,Night,Weekend,Desserts,Snacks,Mid-range,780,Yes,60,3,1,Yes,Stressed,Low,Alone,No
47299,3272,37,Chandigarh,Night,Weekday,Chinese,Lunch,Premium,541,No,87,11,3,No,Happy,High,Family,Yes
47300,4466,21,Delhi,Afternoon,Weekend,Desserts,Breakfast,Budget,887,No,70,11,1,Yes,Lazy,Medium,Alone,Yes
47301,2631,36,Pune,Evening,Weekend,South Indian,Breakfast,Budget,692,Yes,93,6,3,Yes,Stressed,High,Alone,No
47302,2768,44,Hyderabad,Evening,Weekend,North Indian,Breakfast,Budget,722,No,37,7,5,No,Celebrating,Low,Partner,No
47303,4617,42,Hyderabad,Night,Weekday,North Indian,Dinner,Mid-range,211,No,79,10,5,Yes,Lazy,High,Family,Yes
47304,4964,40,Mumbai,Morning,Weekend,South Indian,Snacks,Mid-range,529,Yes,35,10,3,No,Happy,High,Partner,No
47305,2814,27,Pune,Afternoon,Weekday,Biryani,Breakfast,Budget,811,Yes,47,1,4,No,Stressed,High,Alone,No
47306,3409,21,Pune,Morning,Weekend,Chinese,Snacks,Mid-range,661,Yes,79,7,4,Yes,Stressed,High,Partner,Yes
47307,4118,23,Delhi,Morning,Weekend,Biryani,Snacks,Budget,114,No,41,3,5,No,Lazy,Medium,Partner,No
47308,3027,31,Mumbai,Morning,Weekday,North Indian,Lunch,Budget,915,Yes,62,13,4,No,Happy,High,Friends,Yes
47309,4004,34,Mumbai,Evening,Weekend,Chinese,Breakfast,Premium,993,No,66,5,1,Yes,Lazy,High,Friends,No
47310,3424,36,Hyderabad,Night,Weekday,Desserts,Dinner,Premium,511,Yes,45,9,5,Yes,Celebrating,High,Partner,Yes
47311,4572,44,Bangalore,Night,Weekend,Biryani,Breakfast,Premium,685,No,20,8,1,Yes,Stressed,Low,Family,No
47312,2437,33,Bangalore,Night,Weekday,South Indian,Dinner,Budget,698,Yes,25,3,4,Yes,Stressed,Low,Partner,Yes
47313,4547,26,Mumbai,Morning,Weekend,Fast Food,Snacks,Budget,738,No,45,5,1,Yes,Happy,High,Partner,Yes
47314,2945,27,Delhi,Afternoon,Weekend,North Indian,Snacks,Premium,810,No,45,2,5,Yes,Celebrating,Low,Friends,No
47315,1346,42,Bangalore,Night,Weekday,Fast Food,Breakfast,Mid-range,897,No,76,3,5,Yes,Lazy,High,Friends,No
47316,3024,19,Hyderabad,Morning,Weekend,South Indian,Breakfast,Budget,949,Yes,76,7,1,No,Happy,Low,Family,Yes
47317,4553,33,Delhi,Afternoon,Weekday,Biryani,Dinner,Mid-range,485,No,48,2,1,No,Celebrating,Low,Friends,No
47318,2157,23,Mumbai,Night,Weekday,Biryani,Lunch,Premium,376,No,51,11,5,Yes,Celebrating,Low,Family,Yes
47319,3527,20,Chandigarh,Afternoon,Weekday,Desserts,Dinner,Premium,378,Yes,95,5,3,No,Stressed,Medium,Friends,Yes
47320,2501,35,Mumbai,Afternoon,Weekend,Biryani,Breakfast,Premium,255,Yes,72,13,1,No,Celebrating,Low,Partner,No
47321,3397,29,Pune,Evening,Weekday,Biryani,Lunch,Mid-range,957,No,71,8,2,Yes,Celebrating,Medium,Friends,Yes
47322,2630,34,Mumbai,Night,Weekend,Desserts,Dinner,Budget,461,No,39,4,2,No,Lazy,High,Family,No
47323,1020,27,Pune,Night,Weekend,North Indian,Dinner,Mid-range,393,Yes,69,10,3,Yes,Celebrating,Medium,Partner,Yes
47324,2068,44,Delhi,Afternoon,Weekday,Fast Food,Lunch,Budget,955,Yes,99,9,5,No,Celebrating,Low,Friends,No
47325,4723,22,Hyderabad,Evening,Weekday,Biryani,Dinner,Budget,712,Yes,26,2,4,Yes,Stressed,High,Alone,No
47326,1239,30,Chandigarh,Evening,Weekday,North Indian,Breakfast,Budget,275,Yes,30,14,1,No,Celebrating,Low,Friends,Yes
47327,1068,43,Chandigarh,Morning,Weekday,Chinese,Snacks,Budget,551,No,66,13,2,No,Lazy,High,Family,No
47328,1863,31,Bangalore,Night,Weekend,Fast Food,Snacks,Premium,687,Yes,58,6,2,Yes,Stressed,Medium,Family,No
47329,3058,21,Bangalore,Morning,Weekday,Biryani,Dinner,Mid-range,763,Yes,67,7,5,No,Stressed,Low,Family,No
47330,4112,39,Delhi,Afternoon,Weekend,North Indian,Lunch,Mid-range,566,Yes,92,12,2,Yes,Lazy,Medium,Friends,No
47331,1077,40,Hyderabad,Morning,Weekend,Chinese,Lunch,Premium,552,Yes,89,9,3,Yes,Stressed,Low,Friends,Yes
47332,1474,21,Hyderabad,Night,Weekend,South Indian,Snacks,Mid-range,711,Yes,72,2,5,Yes,Celebrating,Medium,Partner,Yes
47333,2788,23,Chandigarh,Afternoon,Weekend,Desserts,Breakfast,Mid-range,441,No,43,10,1,Yes,Lazy,Medium,Alone,Yes
47334,4722,44,Bangalore,Morning,Weekend,South Indian,Breakfast,Mid-range,117,Yes,80,1,2,No,Lazy,Low,Partner,No
47335,4150,41,Pune,Evening,Weekday,Desserts,Dinner,Premium,390,No,28,6,2,Yes,Lazy,Low,Partner,No
47336,3496,27,Hyderabad,Night,Weekday,Chinese,Breakfast,Mid-range,695,No,67,1,4,Yes,Stressed,Medium,Alone,Yes
47337,1638,38,Delhi,Afternoon,Weekday,Chinese,Snacks,Budget,445,No,45,5,4,Yes,Happy,Medium,Friends,No
47338,2288,43,Mumbai,Evening,Weekend,South Indian,Dinner,Budget,588,No,37,9,4,Yes,Happy,Low,Alone,No
47339,4268,34,Hyderabad,Night,Weekday,Desserts,Dinner,Premium,905,Yes,35,10,4,Yes,Lazy,High,Family,Yes
47340,3870,21,Bangalore,Night,Weekday,Desserts,Dinner,Mid-range,561,Yes,55,2,5,Yes,Stressed,Medium,Partner,No
47341,2341,29,Bangalore,Morning,Weekday,Chinese,Lunch,Mid-range,155,Yes,39,14,3,Yes,Stressed,High,Alone,Yes
47342,4311,28,Hyderabad,Night,Weekend,Biryani,Snacks,Mid-range,209,No,94,6,4,Yes,Stressed,Low,Family,No
47343,4054,28,Pune,Afternoon,Weekend,Biryani,Snacks,Premium,465,Yes,20,8,3,No,Happy,High,Friends,Yes
47344,4163,25,Bangalore,Morning,Weekend,South Indian,Lunch,Mid-range,760,Yes,32,5,2,Yes,Stressed,Medium,Partner,Yes
47345,4111,40,Mumbai,Afternoon,Weekday,Biryani,Dinner,Mid-range,132,No,53,12,3,Yes,Happy,Medium,Friends,Yes
47346,3193,19,Bangalore,Evening,Weekend,Biryani,Lunch,Mid-range,940,No,22,1,5,Yes,Lazy,Low,Family,Yes
47347,1977,29,Chandigarh,Evening,Weekend,Desserts,Breakfast,Premium,384,No,99,12,2,No,Happy,Medium,Family,No
47348,2362,21,Delhi,Evening,Weekday,South Indian,Snacks,Premium,276,No,78,3,2,No,Stressed,Medium,Friends,No
47349,2389,33,Mumbai,Morning,Weekday,Biryani,Snacks,Mid-range,726,No,25,11,2,Yes,Lazy,Medium,Partner,No
47350,4427,31,Chandigarh,Night,Weekday,Fast Food,Lunch,Premium,476,No,36,9,4,Yes,Happy,Low,Partner,No
47351,4217,39,Bangalore,Evening,Weekend,Fast Food,Breakfast,Mid-range,667,No,99,11,4,No,Happy,Medium,Alone,No
47352,1348,39,Chandigarh,Evening,Weekday,North Indian,Snacks,Premium,244,Yes,43,8,1,No,Happy,High,Friends,Yes
47353,1108,36,Hyderabad,Night,Weekday,Fast Food,Breakfast,Mid-range,118,No,22,13,5,Yes,Lazy,High,Alone,Yes
47354,4762,22,Chandigarh,Evening,Weekend,Fast Food,Dinner,Budget,102,No,84,1,1,No,Stressed,Low,Family,Yes
47355,4824,21,Hyderabad,Night,Weekday,North Indian,Breakfast,Premium,419,Yes,31,12,4,No,Lazy,High,Friends,Yes
47356,2331,23,Chandigarh,Evening,Weekend,South Indian,Lunch,Mid-range,869,No,42,14,5,No,Happy,High,Alone,No
47357,2959,37,Chandigarh,Morning,Weekend,Fast Food,Snacks,Mid-range,994,No,54,11,3,No,Celebrating,Medium,Family,No
47358,2724,34,Bangalore,Afternoon,Weekday,North Indian,Dinner,Mid-range,201,Yes,51,1,4,Yes,Happy,Low,Alone,Yes
47359,4916,39,Pune,Night,Weekday,Fast Food,Lunch,Mid-range,422,No,20,12,5,No,Lazy,High,Family,Yes
47360,1998,30,Bangalore,Evening,Weekday,South Indian,Lunch,Mid-range,920,No,62,7,1,Yes,Celebrating,High,Partner,Yes
47361,4004,30,Mumbai,Night,Weekend,Biryani,Snacks,Budget,814,No,74,4,1,No,Celebrating,High,Alone,No
47362,2182,30,Hyderabad,Night,Weekend,Desserts,Breakfast,Budget,359,Yes,75,6,2,No,Happy,Low,Family,No
47363,4680,36,Bangalore,Night,Weekend,Desserts,Dinner,Mid-range,775,No,92,1,5,Yes,Happy,Low,Friends,No
47364,2396,42,Mumbai,Night,Weekday,Desserts,Lunch,Mid-range,898,Yes,85,7,5,No,Stressed,Medium,Partner,Yes
47365,3821,25,Pune,Morning,Weekend,North Indian,Lunch,Premium,184,Yes,96,1,5,No,Celebrating,Low,Family,No
47366,3766,39,Pune,Evening,Weekend,North Indian,Snacks,Premium,773,No,84,1,3,Yes,Celebrating,Low,Family,Yes
47367,1121,28,Hyderabad,Evening,Weekend,Chinese,Breakfast,Premium,646,No,41,13,5,No,Lazy,High,Alone,No
47368,1995,36,Hyderabad,Evening,Weekend,Desserts,Lunch,Mid-range,490,No,57,1,4,Yes,Celebrating,Medium,Friends,No
47369,4530,37,Chandigarh,Evening,Weekday,Desserts,Lunch,Premium,321,Yes,56,9,5,No,Lazy,Low,Friends,No
47370,2985,26,Mumbai,Morning,Weekend,Fast Food,Snacks,Budget,474,No,46,12,5,No,Stressed,Low,Alone,Yes
47371,4830,21,Mumbai,Evening,Weekend,Fast Food,Lunch,Budget,877,Yes,53,11,5,Yes,Celebrating,Low,Alone,No
47372,2279,20,Hyderabad,Afternoon,Weekend,Fast Food,Snacks,Budget,897,Yes,98,2,4,No,Celebrating,Low,Alone,No
47373,1364,41,Chandigarh,Night,Weekend,South Indian,Dinner,Mid-range,242,Yes,34,5,2,Yes,Lazy,Low,Friends,No
47374,2113,34,Delhi,Evening,Weekday,North Indian,Lunch,Budget,914,Yes,41,8,1,No,Happy,High,Family,Yes
47375,2940,40,Bangalore,Afternoon,Weekend,Fast Food,Dinner,Mid-range,322,Yes,31,13,4,No,Lazy,Low,Partner,No
47376,3882,38,Mumbai,Evening,Weekday,Desserts,Dinner,Premium,220,Yes,53,13,1,No,Stressed,High,Friends,No
47377,2761,41,Hyderabad,Night,Weekend,Fast Food,Snacks,Mid-range,816,Yes,67,14,4,Yes,Celebrating,Low,Partner,Yes
47378,3414,20,Delhi,Evening,Weekday,Desserts,Breakfast,Premium,835,No,24,11,1,No,Stressed,Medium,Friends,No
47379,1993,40,Hyderabad,Morning,Weekend,North Indian,Lunch,Premium,629,No,80,2,1,No,Celebrating,Low,Friends,Yes
47380,1715,19,Hyderabad,Evening,Weekday,North Indian,Snacks,Premium,507,Yes,50,6,1,Yes,Stressed,Medium,Friends,Yes
47381,4899,22,Pune,Afternoon,Weekday,Fast Food,Snacks,Mid-range,420,No,75,2,1,No,Lazy,Medium,Friends,No
47382,3814,37,Chandigarh,Afternoon,Weekday,Chinese,Breakfast,Budget,592,No,46,4,5,Yes,Lazy,Medium,Partner,Yes
47383,2982,43,Pune,Evening,Weekend,Chinese,Snacks,Budget,427,Yes,44,9,1,No,Lazy,Medium,Alone,No
47384,4863,31,Bangalore,Morning,Weekday,Chinese,Dinner,Premium,348,No,72,6,4,Yes,Stressed,Medium,Family,No
47385,1991,26,Delhi,Night,Weekday,Biryani,Lunch,Mid-range,683,Yes,86,3,3,Yes,Happy,High,Partner,No
47386,4046,42,Mumbai,Evening,Weekend,Biryani,Breakfast,Budget,237,Yes,90,14,3,No,Celebrating,Low,Partner,Yes
47387,2821,22,Mumbai,Morning,Weekend,Fast Food,Breakfast,Mid-range,993,Yes,31,5,5,Yes,Stressed,High,Family,Yes
47388,1488,32,Chandigarh,Afternoon,Weekday,Chinese,Dinner,Mid-range,202,No,49,5,4,Yes,Stressed,Low,Family,Yes
47389,4124,27,Pune,Night,Weekend,Desserts,Dinner,Premium,627,Yes,65,11,4,No,Celebrating,Low,Family,No
47390,1775,36,Pune,Afternoon,Weekday,Biryani,Breakfast,Premium,382,No,21,14,1,No,Lazy,High,Friends,Yes
47391,3681,38,Mumbai,Afternoon,Weekend,Chinese,Lunch,Mid-range,964,Yes,99,4,2,No,Happy,Low,Friends,No
47392,4405,18,Mumbai,Night,Weekday,Fast Food,Dinner,Mid-range,104,Yes,26,4,1,Yes,Happy,High,Alone,Yes
47393,2646,41,Hyderabad,Evening,Weekday,South Indian,Snacks,Premium,181,Yes,72,11,3,Yes,Lazy,Low,Partner,Yes
47394,2943,20,Delhi,Afternoon,Weekend,Biryani,Dinner,Budget,705,No,86,6,1,No,Stressed,Medium,Partner,Yes
47395,3317,38,Pune,Morning,Weekday,North Indian,Snacks,Premium,224,Yes,67,5,1,No,Stressed,Medium,Partner,Yes
47396,3447,23,Bangalore,Evening,Weekend,Desserts,Breakfast,Mid-range,630,Yes,69,9,3,No,Lazy,Medium,Friends,Yes
47397,2421,18,Bangalore,Evening,Weekday,Desserts,Lunch,Premium,605,No,37,14,3,No,Stressed,High,Partner,No
47398,2983,34,Delhi,Morning,Weekday,Desserts,Dinner,Premium,941,Yes,96,5,5,Yes,Stressed,Low,Alone,No
47399,1743,23,Pune,Afternoon,Weekend,North Indian,Dinner,Budget,486,Yes,26,11,1,Yes,Stressed,Low,Family,No
47400,2322,30,Delhi,Night,Weekday,Chinese,Breakfast,Mid-range,350,Yes,40,2,3,No,Celebrating,Medium,Family,Yes
47401,1100,38,Bangalore,Morning,Weekday,North Indian,Dinner,Budget,345,Yes,77,5,1,No,Stressed,Medium,Alone,No
47402,1961,19,Mumbai,Night,Weekday,Chinese,Breakfast,Budget,658,Yes,54,10,5,No,Celebrating,Low,Family,No
47403,4264,39,Bangalore,Morning,Weekend,Biryani,Breakfast,Budget,900,Yes,72,9,1,No,Happy,Low,Family,Yes
47404,2692,23,Hyderabad,Night,Weekend,Biryani,Dinner,Budget,755,Yes,26,13,2,No,Celebrating,High,Partner,Yes
47405,1676,25,Bangalore,Morning,Weekend,North Indian,Lunch,Budget,663,Yes,83,7,3,No,Lazy,High,Alone,No
47406,1455,21,Chandigarh,Evening,Weekend,Fast Food,Dinner,Premium,840,No,92,6,1,Yes,Happy,Low,Alone,No
47407,3775,34,Chandigarh,Morning,Weekend,South Indian,Snacks,Mid-range,781,No,61,9,4,Yes,Lazy,Low,Family,No
47408,1984,43,Bangalore,Night,Weekday,Desserts,Breakfast,Premium,969,Yes,91,4,3,No,Stressed,High,Friends,No
47409,3269,34,Mumbai,Evening,Weekend,Biryani,Dinner,Premium,229,Yes,48,6,3,Yes,Stressed,Medium,Friends,Yes
47410,1712,36,Pune,Night,Weekday,Fast Food,Snacks,Premium,641,Yes,89,2,3,No,Lazy,High,Partner,No
47411,2952,39,Delhi,Afternoon,Weekend,Fast Food,Snacks,Premium,411,Yes,62,12,5,Yes,Stressed,Low,Alone,No
47412,1731,27,Chandigarh,Morning,Weekday,Fast Food,Breakfast,Premium,621,Yes,22,6,1,Yes,Lazy,Low,Partner,Yes
47413,3476,19,Bangalore,Evening,Weekend,North Indian,Lunch,Mid-range,906,No,93,12,4,Yes,Stressed,High,Friends,Yes
47414,4612,36,Delhi,Night,Weekend,Chinese,Snacks,Premium,595,Yes,72,1,2,No,Happy,Low,Friends,No
47415,3062,39,Mumbai,Night,Weekday,Desserts,Breakfast,Budget,156,No,65,14,2,Yes,Lazy,Medium,Family,Yes
47416,3951,29,Hyderabad,Morning,Weekday,Biryani,Lunch,Budget,210,No,42,10,1,No,Stressed,Low,Partner,Yes
47417,3710,21,Mumbai,Morning,Weekend,Desserts,Snacks,Budget,775,No,73,10,4,Yes,Stressed,High,Partner,No
47418,4967,18,Bangalore,Morning,Weekend,Desserts,Snacks,Mid-range,771,Yes,22,14,2,Yes,Stressed,Medium,Friends,Yes
47419,4427,40,Chandigarh,Afternoon,Weekend,Desserts,Dinner,Premium,191,No,78,11,2,No,Celebrating,High,Alone,Yes
47420,1244,23,Chandigarh,Afternoon,Weekday,Desserts,Breakfast,Mid-range,215,No,23,11,4,Yes,Celebrating,Medium,Friends,Yes
47421,3189,39,Hyderabad,Evening,Weekend,Biryani,Dinner,Premium,187,Yes,82,11,1,Yes,Stressed,Low,Friends,No
47422,4807,38,Pune,Evening,Weekday,Desserts,Breakfast,Budget,823,Yes,62,3,4,Yes,Happy,High,Friends,No
47423,4906,19,Bangalore,Night,Weekday,North Indian,Dinner,Mid-range,504,No,25,3,1,Yes,Celebrating,Medium,Family,Yes
47424,4742,22,Chandigarh,Evening,Weekend,Fast Food,Dinner,Budget,659,Yes,39,5,5,Yes,Celebrating,Low,Alone,No
47425,2780,33,Chandigarh,Morning,Weekend,Chinese,Dinner,Budget,743,Yes,67,10,4,Yes,Stressed,High,Family,Yes
47426,1297,31,Mumbai,Night,Weekday,North Indian,Snacks,Budget,902,Yes,78,3,1,No,Lazy,Medium,Partner,Yes
47427,1788,23,Pune,Morning,Weekend,South Indian,Snacks,Premium,485,No,92,10,2,No,Lazy,Medium,Alone,Yes
47428,1841,23,Pune,Night,Weekend,Fast Food,Dinner,Mid-range,325,Yes,47,1,3,Yes,Celebrating,Low,Alone,Yes
47429,3813,22,Mumbai,Night,Weekend,Desserts,Dinner,Budget,383,No,69,1,5,Yes,Celebrating,Low,Alone,No
47430,2985,26,Pune,Night,Weekend,Chinese,Breakfast,Mid-range,429,No,45,8,2,No,Happy,High,Friends,Yes
47431,4512,20,Mumbai,Evening,Weekday,Biryani,Breakfast,Budget,593,Yes,54,11,4,Yes,Stressed,Medium,Friends,Yes
47432,4449,42,Delhi,Night,Weekday,Fast Food,Dinner,Mid-range,634,Yes,70,2,1,Yes,Lazy,Medium,Family,Yes
47433,2415,20,Pune,Evening,Weekday,Desserts,Breakfast,Premium,186,No,22,6,3,Yes,Stressed,Medium,Friends,Yes
47434,1757,40,Mumbai,Evening,Weekday,Biryani,Breakfast,Premium,458,No,62,3,3,No,Happy,Medium,Friends,No
47435,3150,34,Bangalore,Evening,Weekday,North Indian,Dinner,Mid-range,962,No,30,7,3,No,Happy,Medium,Partner,No
47436,4737,34,Delhi,Evening,Weekday,South Indian,Breakfast,Premium,558,No,27,12,1,Yes,Happy,Medium,Partner,No
47437,2949,26,Delhi,Afternoon,Weekday,North Indian,Dinner,Premium,904,No,47,5,1,Yes,Lazy,High,Partner,No
47438,4064,19,Bangalore,Evening,Weekday,Fast Food,Breakfast,Premium,456,Yes,79,1,1,Yes,Stressed,Low,Partner,Yes
47439,1451,20,Pune,Night,Weekend,Desserts,Dinner,Premium,239,No,74,11,4,No,Stressed,High,Alone,Yes
47440,1318,44,Pune,Evening,Weekday,Biryani,Snacks,Mid-range,795,No,25,11,1,Yes,Celebrating,Low,Friends,No
47441,4465,27,Delhi,Evening,Weekday,Desserts,Snacks,Premium,272,Yes,59,6,2,Yes,Celebrating,Low,Friends,No
47442,1409,38,Chandigarh,Afternoon,Weekday,North Indian,Snacks,Premium,966,Yes,42,12,2,No,Lazy,High,Alone,Yes
47443,4483,30,Hyderabad,Evening,Weekend,Fast Food,Lunch,Budget,256,No,71,7,2,Yes,Celebrating,Medium,Alone,Yes
47444,2665,32,Hyderabad,Morning,Weekday,Chinese,Snacks,Premium,821,Yes,68,12,4,Yes,Happy,High,Partner,Yes
47445,2181,35,Chandigarh,Night,Weekend,Chinese,Breakfast,Budget,332,No,42,10,5,No,Lazy,Medium,Alone,No
47446,1430,31,Pune,Afternoon,Weekend,Biryani,Dinner,Premium,322,No,66,2,4,No,Happy,Medium,Friends,Yes
47447,1817,20,Hyderabad,Night,Weekend,Fast Food,Dinner,Mid-range,912,Yes,78,6,3,No,Happy,High,Partner,Yes
47448,1056,21,Hyderabad,Morning,Weekday,South Indian,Lunch,Premium,180,No,35,3,5,Yes,Lazy,Medium,Family,Yes
47449,1112,25,Mumbai,Night,Weekend,Chinese,Dinner,Budget,526,No,42,6,3,Yes,Celebrating,Low,Friends,Yes
47450,3474,27,Bangalore,Afternoon,Weekday,South Indian,Snacks,Premium,273,No,46,4,3,No,Lazy,Medium,Alone,No
47451,3924,23,Mumbai,Night,Weekend,Biryani,Snacks,Premium,120,Yes,93,14,2,Yes,Lazy,High,Partner,No
47452,3099,33,Delhi,Night,Weekday,South Indian,Breakfast,Mid-range,374,Yes,61,9,3,No,Stressed,High,Family,Yes
47453,2775,35,Pune,Evening,Weekend,Desserts,Lunch,Premium,917,Yes,88,4,1,No,Stressed,Medium,Partner,No
47454,2826,18,Delhi,Night,Weekday,Desserts,Lunch,Premium,543,No,33,9,1,No,Stressed,Medium,Family,Yes
47455,3670,27,Pune,Night,Weekend,Fast Food,Breakfast,Mid-range,698,No,39,11,2,Yes,Celebrating,High,Family,Yes
47456,1332,30,Pune,Evening,Weekend,Desserts,Dinner,Premium,315,Yes,71,5,2,Yes,Stressed,Low,Family,No
47457,2769,36,Delhi,Afternoon,Weekday,Desserts,Lunch,Premium,806,No,74,8,5,Yes,Happy,Low,Family,Yes
47458,2195,42,Pune,Night,Weekend,Biryani,Lunch,Mid-range,781,No,46,4,4,Yes,Celebrating,High,Partner,Yes
47459,2767,32,Delhi,Night,Weekend,South Indian,Snacks,Mid-range,232,Yes,88,7,2,No,Stressed,Medium,Family,No
47460,2448,36,Pune,Afternoon,Weekend,Chinese,Breakfast,Budget,630,No,83,9,2,No,Stressed,High,Friends,Yes
47461,3949,31,Pune,Night,Weekday,Biryani,Dinner,Mid-range,522,Yes,99,12,2,No,Celebrating,Low,Friends,Yes
47462,4132,30,Delhi,Morning,Weekend,Biryani,Dinner,Budget,395,Yes,92,1,4,No,Celebrating,Medium,Alone,Yes
47463,1632,32,Chandigarh,Morning,Weekday,South Indian,Breakfast,Premium,856,No,64,12,5,Yes,Lazy,Medium,Partner,No
47464,1570,29,Hyderabad,Afternoon,Weekend,Desserts,Snacks,Premium,279,No,54,8,3,No,Celebrating,High,Family,Yes
47465,2902,32,Chandigarh,Night,Weekday,Desserts,Snacks,Premium,418,No,70,1,1,Yes,Happy,High,Family,Yes
47466,4365,31,Pune,Morning,Weekday,North Indian,Snacks,Budget,288,No,71,3,2,Yes,Lazy,Medium,Alone,No
47467,3359,41,Pune,Evening,Weekday,Fast Food,Dinner,Mid-range,559,No,33,12,4,Yes,Lazy,Medium,Alone,No
47468,1789,24,Chandigarh,Afternoon,Weekday,Biryani,Lunch,Premium,195,Yes,23,3,5,No,Lazy,Low,Friends,Yes
47469,4638,39,Mumbai,Afternoon,Weekend,South Indian,Snacks,Budget,843,No,77,9,1,No,Celebrating,Low,Alone,No
47470,2079,28,Pune,Night,Weekend,South Indian,Dinner,Mid-range,793,Yes,91,1,4,Yes,Happy,Low,Alone,No
47471,1582,20,Chandigarh,Morning,Weekday,Chinese,Breakfast,Mid-range,663,Yes,66,14,1,Yes,Lazy,Low,Family,Yes
47472,3625,37,Delhi,Morning,Weekend,Fast Food,Snacks,Premium,937,Yes,91,1,3,No,Lazy,Medium,Friends,No
47473,4899,33,Delhi,Morning,Weekday,Chinese,Snacks,Premium,378,Yes,99,10,5,No,Celebrating,Low,Friends,No
47474,2270,33,Mumbai,Afternoon,Weekend,South Indian,Lunch,Premium,338,Yes,68,5,1,Yes,Happy,Medium,Partner,No
47475,1596,36,Chandigarh,Night,Weekday,Biryani,Breakfast,Premium,916,No,84,1,5,No,Celebrating,Low,Friends,Yes
47476,4949,40,Bangalore,Afternoon,Weekday,Fast Food,Lunch,Budget,640,Yes,39,12,3,Yes,Lazy,High,Alone,No
47477,3456,28,Chandigarh,Morning,Weekday,Chinese,Snacks,Mid-range,278,Yes,35,9,1,Yes,Lazy,Medium,Family,No
47478,2703,28,Chandigarh,Night,Weekend,Desserts,Snacks,Mid-range,633,No,66,10,5,Yes,Celebrating,Medium,Partner,Yes
47479,4873,40,Delhi,Evening,Weekday,North Indian,Lunch,Premium,249,No,30,5,1,Yes,Stressed,High,Alone,No
47480,4813,18,Chandigarh,Afternoon,Weekend,North Indian,Lunch,Mid-range,378,No,87,6,2,Yes,Happy,High,Partner,No
47481,2369,30,Delhi,Evening,Weekend,Desserts,Dinner,Budget,527,Yes,88,13,5,No,Stressed,Low,Partner,Yes
47482,1957,30,Pune,Evening,Weekday,Desserts,Lunch,Premium,628,Yes,40,9,4,No,Celebrating,Low,Family,Yes
47483,2958,38,Delhi,Evening,Weekend,Desserts,Snacks,Budget,808,No,93,3,5,Yes,Lazy,High,Friends,Yes
47484,3302,33,Pune,Afternoon,Weekday,Biryani,Lunch,Premium,810,Yes,95,1,5,Yes,Lazy,Low,Friends,Yes
47485,1773,36,Bangalore,Morning,Weekday,Desserts,Dinner,Premium,765,No,22,14,3,Yes,Celebrating,Low,Alone,Yes
47486,1642,44,Hyderabad,Evening,Weekend,North Indian,Snacks,Budget,768,Yes,30,11,5,Yes,Celebrating,High,Alone,No
47487,1974,20,Bangalore,Afternoon,Weekend,Desserts,Dinner,Budget,676,No,69,3,1,Yes,Happy,Medium,Family,Yes
47488,2379,31,Delhi,Evening,Weekday,Chinese,Snacks,Budget,267,No,51,7,5,Yes,Happy,Medium,Friends,Yes
47489,3063,33,Delhi,Night,Weekday,Chinese,Snacks,Budget,163,Yes,63,12,5,Yes,Stressed,High,Partner,Yes
47490,4597,40,Delhi,Evening,Weekend,Desserts,Snacks,Mid-range,977,No,20,1,4,No,Stressed,High,Partner,Yes
47491,4194,19,Mumbai,Afternoon,Weekend,North Indian,Dinner,Mid-range,812,Yes,58,1,5,Yes,Happy,High,Alone,No
47492,4336,18,Chandigarh,Evening,Weekday,Chinese,Snacks,Mid-range,567,No,53,11,4,No,Happy,Medium,Friends,Yes
47493,2848,39,Mumbai,Night,Weekend,Desserts,Breakfast,Premium,442,No,65,1,4,Yes,Lazy,Low,Partner,Yes
47494,4113,38,Pune,Morning,Weekend,North Indian,Snacks,Mid-range,119,Yes,86,13,1,No,Celebrating,High,Family,No
47495,1432,39,Delhi,Night,Weekend,South Indian,Snacks,Budget,747,No,55,6,3,Yes,Happy,High,Family,No
47496,4053,25,Bangalore,Morning,Weekday,Fast Food,Dinner,Mid-range,873,No,32,12,2,No,Stressed,High,Partner,No
47497,1060,31,Mumbai,Night,Weekday,Fast Food,Breakfast,Budget,472,No,63,5,1,Yes,Happy,High,Partner,No
47498,2834,24,Hyderabad,Night,Weekday,Biryani,Snacks,Mid-range,885,No,48,9,4,No,Happy,High,Family,Yes
47499,4162,31,Mumbai,Afternoon,Weekday,Fast Food,Dinner,Mid-range,812,Yes,59,3,3,No,Stressed,High,Partner,Yes
47500,4556,37,Chandigarh,Afternoon,Weekday,Fast Food,Dinner,Premium,115,No,47,4,4,Yes,Stressed,Medium,Family,Yes
47501,4891,23,Pune,Morning,Weekday,Desserts,Dinner,Premium,984,No,52,7,5,No,Celebrating,Medium,Partner,Yes
47502,3095,39,Delhi,Morning,Weekend,Biryani,Lunch,Mid-range,857,No,24,8,3,Yes,Lazy,Low,Family,Yes
47503,4906,36,Mumbai,Afternoon,Weekend,North Indian,Snacks,Budget,970,No,92,9,4,No,Celebrating,Medium,Partner,No
47504,2974,39,Pune,Evening,Weekday,Fast Food,Breakfast,Mid-range,609,Yes,61,4,5,Yes,Celebrating,Low,Friends,No
47505,1780,22,Chandigarh,Afternoon,Weekend,Biryani,Lunch,Budget,816,No,37,2,3,Yes,Happy,High,Family,Yes
47506,4983,31,Hyderabad,Morning,Weekend,North Indian,Snacks,Premium,311,No,98,3,3,Yes,Lazy,High,Family,No
47507,1000,18,Pune,Afternoon,Weekend,South Indian,Breakfast,Mid-range,513,No,46,3,2,No,Happy,High,Family,Yes
47508,4983,34,Delhi,Evening,Weekend,South Indian,Breakfast,Mid-range,434,Yes,32,7,1,No,Celebrating,Medium,Alone,Yes
47509,1342,36,Mumbai,Afternoon,Weekend,Fast Food,Snacks,Premium,813,Yes,78,6,4,Yes,Stressed,Medium,Friends,No
47510,4573,43,Chandigarh,Evening,Weekday,Desserts,Dinner,Mid-range,580,No,92,12,3,No,Lazy,Medium,Partner,No
47511,3890,28,Chandigarh,Night,Weekday,Biryani,Snacks,Budget,652,No,53,3,3,Yes,Lazy,Medium,Partner,No
47512,2187,41,Pune,Evening,Weekend,South Indian,Lunch,Budget,245,No,40,10,4,Yes,Lazy,Low,Family,No
47513,3716,37,Chandigarh,Evening,Weekday,Desserts,Dinner,Mid-range,560,No,43,10,3,Yes,Stressed,Medium,Partner,No
47514,1998,37,Delhi,Afternoon,Weekend,Chinese,Lunch,Budget,852,No,58,8,2,Yes,Stressed,Medium,Friends,No
47515,2886,37,Chandigarh,Evening,Weekend,Biryani,Breakfast,Premium,611,Yes,80,13,3,No,Celebrating,High,Partner,No
47516,4788,35,Delhi,Morning,Weekend,Biryani,Dinner,Premium,349,No,67,14,1,Yes,Stressed,High,Alone,No
47517,1882,34,Chandigarh,Morning,Weekday,South Indian,Dinner,Mid-range,536,No,94,12,3,Yes,Celebrating,High,Partner,Yes
47518,2705,32,Pune,Night,Weekend,Chinese,Lunch,Mid-range,219,No,29,14,1,No,Happy,High,Friends,Yes
47519,1860,18,Chandigarh,Night,Weekday,Desserts,Dinner,Mid-range,748,Yes,26,10,5,Yes,Happy,Low,Friends,No
47520,4965,32,Pune,Afternoon,Weekend,Fast Food,Breakfast,Mid-range,374,No,69,4,1,No,Lazy,High,Alone,Yes
47521,4788,25,Mumbai,Night,Weekend,North Indian,Breakfast,Premium,557,Yes,97,12,3,No,Lazy,Medium,Family,No
47522,4402,21,Pune,Morning,Weekend,Biryani,Dinner,Budget,174,No,22,6,1,No,Stressed,Low,Partner,Yes
47523,3310,19,Pune,Morning,Weekday,Fast Food,Snacks,Mid-range,954,No,65,4,2,No,Happy,Low,Family,No
47524,2618,40,Chandigarh,Evening,Weekday,Biryani,Lunch,Premium,925,Yes,29,5,3,Yes,Happy,Low,Alone,Yes
47525,3180,31,Mumbai,Morning,Weekday,North Indian,Lunch,Budget,167,No,52,14,3,Yes,Stressed,Medium,Alone,No
47526,1316,35,Mumbai,Afternoon,Weekend,Chinese,Dinner,Mid-range,411,Yes,94,4,1,Yes,Stressed,Medium,Family,Yes
47527,3174,42,Hyderabad,Morning,Weekday,North Indian,Breakfast,Mid-range,192,No,95,7,5,No,Happy,Medium,Partner,Yes
47528,1129,23,Mumbai,Afternoon,Weekday,Biryani,Snacks,Budget,748,Yes,59,9,2,Yes,Lazy,High,Partner,No
47529,4875,33,Delhi,Night,Weekend,Chinese,Dinner,Premium,991,No,98,4,3,Yes,Celebrating,Low,Partner,Yes
47530,3237,24,Delhi,Evening,Weekend,Chinese,Snacks,Mid-range,510,No,29,10,4,No,Lazy,Medium,Friends,No
47531,2170,27,Hyderabad,Morning,Weekend,Chinese,Dinner,Budget,983,No,35,10,5,Yes,Lazy,Medium,Partner,Yes
47532,3553,28,Mumbai,Night,Weekend,Chinese,Breakfast,Budget,854,Yes,87,1,1,Yes,Happy,Medium,Partner,Yes
47533,4174,22,Delhi,Afternoon,Weekend,Fast Food,Dinner,Budget,722,Yes,34,3,1,Yes,Lazy,High,Alone,No
47534,3029,28,Hyderabad,Evening,Weekday,South Indian,Snacks,Premium,609,Yes,61,3,1,No,Happy,Medium,Family,No
47535,1492,33,Chandigarh,Night,Weekday,North Indian,Dinner,Premium,235,Yes,21,3,2,No,Lazy,High,Friends,No
47536,2260,41,Bangalore,Afternoon,Weekend,Biryani,Lunch,Premium,888,Yes,74,11,2,Yes,Celebrating,Medium,Family,Yes
47537,1900,42,Pune,Morning,Weekend,Fast Food,Dinner,Mid-range,595,No,82,1,4,Yes,Happy,High,Family,No
47538,1206,27,Delhi,Night,Weekend,Fast Food,Snacks,Mid-range,936,Yes,77,5,3,Yes,Lazy,Medium,Family,No
47539,4715,23,Delhi,Afternoon,Weekend,Fast Food,Breakfast,Mid-range,818,Yes,75,13,3,Yes,Lazy,High,Friends,Yes
47540,4387,37,Pune,Afternoon,Weekend,North Indian,Breakfast,Premium,876,No,41,4,4,No,Celebrating,High,Alone,Yes
47541,2308,32,Delhi,Morning,Weekend,Fast Food,Lunch,Budget,767,Yes,63,12,2,Yes,Celebrating,High,Partner,Yes
47542,3691,34,Chandigarh,Evening,Weekday,Chinese,Lunch,Premium,319,Yes,38,14,2,Yes,Stressed,Medium,Family,Yes
47543,1954,27,Bangalore,Morning,Weekend,Fast Food,Breakfast,Premium,771,No,85,4,4,No,Stressed,Medium,Friends,Yes
47544,1594,22,Delhi,Evening,Weekday,Chinese,Dinner,Mid-range,916,No,46,11,3,Yes,Stressed,Low,Partner,No
47545,4044,28,Bangalore,Morning,Weekend,South Indian,Breakfast,Mid-range,851,Yes,89,13,1,Yes,Stressed,Low,Friends,No
47546,1716,37,Bangalore,Evening,Weekend,Chinese,Dinner,Premium,194,Yes,62,10,4,Yes,Happy,Medium,Friends,No
47547,3104,22,Mumbai,Afternoon,Weekend,Fast Food,Dinner,Mid-range,895,Yes,27,7,4,Yes,Happy,High,Alone,Yes
47548,4957,38,Pune,Evening,Weekend,Chinese,Snacks,Premium,436,No,36,7,5,Yes,Stressed,Low,Family,No
47549,1690,27,Pune,Afternoon,Weekday,North Indian,Lunch,Mid-range,132,No,63,6,1,No,Celebrating,High,Alone,No
47550,3308,27,Delhi,Afternoon,Weekend,Chinese,Dinner,Mid-range,932,Yes,27,4,4,No,Happy,Medium,Family,Yes
47551,2803,19,Bangalore,Morning,Weekend,Biryani,Dinner,Mid-range,471,No,46,7,5,Yes,Stressed,Low,Family,No
47552,2063,35,Pune,Afternoon,Weekend,Biryani,Breakfast,Mid-range,997,No,41,5,4,No,Stressed,High,Friends,No
47553,3019,37,Delhi,Morning,Weekend,North Indian,Dinner,Budget,357,Yes,67,13,4,No,Celebrating,Medium,Family,No
47554,3470,20,Pune,Night,Weekday,Desserts,Lunch,Budget,253,Yes,56,12,3,Yes,Stressed,Medium,Family,Yes
47555,3111,40,Pune,Afternoon,Weekday,Biryani,Breakfast,Premium,303,No,28,12,2,Yes,Stressed,Low,Friends,No
47556,4310,29,Bangalore,Morning,Weekend,Biryani,Dinner,Mid-range,676,No,23,12,5,No,Happy,Medium,Alone,Yes
47557,4608,30,Pune,Morning,Weekday,Chinese,Breakfast,Mid-range,121,No,71,4,5,No,Lazy,Low,Partner,Yes
47558,2436,22,Chandigarh,Night,Weekend,Chinese,Breakfast,Budget,770,Yes,68,12,5,Yes,Happy,Medium,Family,Yes
47559,2169,20,Hyderabad,Morning,Weekend,Biryani,Lunch,Budget,907,No,52,1,4,No,Celebrating,High,Friends,Yes
47560,3295,40,Bangalore,Morning,Weekend,Desserts,Lunch,Budget,755,No,83,5,1,No,Lazy,High,Friends,No
47561,1571,43,Pune,Afternoon,Weekday,Desserts,Dinner,Premium,966,No,89,13,2,No,Stressed,High,Friends,Yes
47562,3621,28,Chandigarh,Evening,Weekend,Biryani,Lunch,Budget,101,No,70,10,3,Yes,Stressed,High,Alone,No
47563,4339,27,Delhi,Morning,Weekday,Biryani,Snacks,Budget,493,No,69,7,1,Yes,Happy,High,Alone,Yes
47564,2007,31,Bangalore,Morning,Weekday,North Indian,Breakfast,Mid-range,785,Yes,92,2,3,Yes,Celebrating,Low,Friends,Yes
47565,3096,30,Mumbai,Morning,Weekday,South Indian,Breakfast,Budget,599,No,56,1,3,No,Lazy,Low,Partner,Yes
47566,3252,43,Mumbai,Afternoon,Weekend,Chinese,Lunch,Budget,519,No,35,9,4,No,Happy,Medium,Alone,No
47567,2724,27,Hyderabad,Morning,Weekday,North Indian,Breakfast,Budget,476,No,70,7,5,No,Happy,Low,Alone,No
47568,1359,42,Hyderabad,Night,Weekday,South Indian,Snacks,Premium,705,Yes,79,2,5,Yes,Happy,Low,Family,Yes
47569,1613,31,Bangalore,Evening,Weekday,Chinese,Dinner,Mid-range,538,No,22,1,2,Yes,Lazy,Low,Family,No
47570,4422,30,Hyderabad,Evening,Weekend,Chinese,Lunch,Premium,493,No,40,7,4,Yes,Happy,Low,Friends,No
47571,4795,22,Bangalore,Evening,Weekday,North Indian,Breakfast,Budget,598,Yes,51,4,4,No,Lazy,High,Alone,No
47572,1547,36,Mumbai,Night,Weekend,South Indian,Lunch,Budget,134,Yes,24,3,3,Yes,Happy,Medium,Partner,Yes
47573,2302,37,Mumbai,Evening,Weekend,North Indian,Dinner,Premium,304,No,25,1,3,No,Stressed,Medium,Partner,No
47574,2117,38,Mumbai,Evening,Weekend,Desserts,Breakfast,Premium,511,Yes,45,11,2,No,Celebrating,High,Alone,Yes
47575,2432,27,Pune,Morning,Weekday,Fast Food,Lunch,Budget,694,Yes,38,3,5,No,Celebrating,High,Partner,No
47576,4600,27,Delhi,Morning,Weekday,South Indian,Lunch,Budget,212,Yes,21,2,1,Yes,Lazy,Low,Alone,Yes
47577,1482,21,Hyderabad,Evening,Weekend,Chinese,Breakfast,Budget,560,No,88,3,1,Yes,Celebrating,High,Friends,Yes
47578,3563,43,Hyderabad,Night,Weekend,North Indian,Breakfast,Premium,688,No,82,4,4,Yes,Stressed,Low,Alone,Yes
47579,1237,21,Mumbai,Afternoon,Weekday,Biryani,Lunch,Budget,909,Yes,72,3,1,No,Lazy,High,Family,No
47580,2729,34,Mumbai,Morning,Weekday,Fast Food,Lunch,Budget,856,Yes,47,7,2,No,Happy,Low,Alone,No
47581,4313,27,Chandigarh,Evening,Weekday,Fast Food,Lunch,Mid-range,708,Yes,37,5,2,Yes,Lazy,High,Partner,No
47582,1705,21,Chandigarh,Evening,Weekend,Desserts,Lunch,Mid-range,703,No,24,5,3,Yes,Stressed,Medium,Partner,Yes
47583,4672,26,Mumbai,Morning,Weekend,Fast Food,Dinner,Mid-range,817,Yes,69,4,5,Yes,Celebrating,High,Alone,Yes
47584,1566,27,Chandigarh,Evening,Weekend,North Indian,Lunch,Premium,896,Yes,24,13,1,No,Lazy,Medium,Alone,No
47585,2664,18,Delhi,Afternoon,Weekday,Biryani,Dinner,Mid-range,329,No,80,6,5,No,Lazy,Low,Partner,No
47586,4416,37,Pune,Evening,Weekday,Chinese,Dinner,Mid-range,675,No,90,4,1,No,Celebrating,High,Partner,Yes
47587,1032,37,Bangalore,Night,Weekend,South Indian,Snacks,Premium,620,No,58,4,5,Yes,Happy,Medium,Friends,Yes
47588,1427,43,Bangalore,Morning,Weekend,Chinese,Breakfast,Premium,757,No,47,12,2,Yes,Lazy,Low,Alone,Yes
47589,4341,29,Delhi,Afternoon,Weekend,Fast Food,Dinner,Budget,900,Yes,62,5,2,No,Happy,High,Alone,Yes
47590,2182,23,Hyderabad,Afternoon,Weekday,Chinese,Snacks,Premium,163,No,97,4,1,No,Celebrating,Low,Partner,No
47591,3267,21,Delhi,Morning,Weekend,Fast Food,Dinner,Mid-range,663,Yes,86,4,1,No,Celebrating,Medium,Friends,No
47592,3912,27,Delhi,Afternoon,Weekday,Desserts,Dinner,Mid-range,616,No,67,13,4,Yes,Lazy,High,Friends,Yes
47593,1469,26,Pune,Morning,Weekday,Desserts,Lunch,Mid-range,939,Yes,34,13,5,No,Stressed,Medium,Alone,No
47594,3685,20,Hyderabad,Afternoon,Weekend,South Indian,Lunch,Premium,690,No,53,13,2,Yes,Happy,Medium,Partner,No
47595,1770,38,Delhi,Morning,Weekday,Biryani,Lunch,Premium,329,No,33,13,1,Yes,Happy,Low,Family,Yes
47596,3335,28,Mumbai,Evening,Weekday,Biryani,Snacks,Premium,833,No,33,6,1,Yes,Stressed,High,Alone,Yes
47597,2542,44,Bangalore,Morning,Weekend,Chinese,Dinner,Mid-range,919,Yes,65,3,3,No,Celebrating,High,Alone,No
47598,1017,41,Delhi,Night,Weekend,Fast Food,Breakfast,Mid-range,498,No,70,12,3,No,Happy,High,Family,No
47599,2628,34,Delhi,Afternoon,Weekday,Desserts,Snacks,Mid-range,864,No,94,2,5,No,Lazy,Medium,Partner,Yes
47600,1886,35,Mumbai,Evening,Weekday,North Indian,Snacks,Budget,522,No,36,8,5,No,Lazy,High,Friends,Yes
47601,2778,38,Delhi,Night,Weekday,Chinese,Snacks,Budget,829,Yes,64,9,1,Yes,Happy,Low,Alone,No
47602,4236,25,Pune,Afternoon,Weekday,Desserts,Breakfast,Mid-range,110,No,84,9,1,No,Happy,Low,Alone,No
47603,2683,39,Delhi,Night,Weekend,Desserts,Lunch,Budget,140,Yes,83,10,3,No,Happy,High,Friends,Yes
47604,1156,31,Pune,Afternoon,Weekday,Chinese,Lunch,Budget,981,No,64,6,1,Yes,Lazy,Low,Friends,Yes
47605,1886,24,Delhi,Night,Weekend,South Indian,Dinner,Budget,302,No,48,9,3,Yes,Celebrating,Medium,Family,No
47606,2012,20,Hyderabad,Evening,Weekend,North Indian,Dinner,Mid-range,498,No,85,3,4,No,Lazy,Low,Friends,Yes
47607,2540,25,Chandigarh,Afternoon,Weekend,Chinese,Breakfast,Mid-range,281,Yes,64,13,1,No,Celebrating,Low,Family,Yes
47608,2131,31,Pune,Morning,Weekend,Desserts,Lunch,Mid-range,914,Yes,74,12,3,Yes,Happy,Medium,Alone,No
47609,4636,23,Mumbai,Night,Weekday,Desserts,Dinner,Mid-range,615,No,21,11,4,No,Stressed,Low,Friends,No
47610,2310,31,Bangalore,Night,Weekend,Desserts,Snacks,Mid-range,926,Yes,97,3,4,No,Celebrating,Medium,Partner,Yes
47611,1147,30,Bangalore,Evening,Weekend,Chinese,Lunch,Mid-range,454,Yes,73,2,2,Yes,Stressed,High,Family,Yes
47612,4196,41,Pune,Afternoon,Weekend,Desserts,Snacks,Mid-range,896,No,26,14,5,Yes,Happy,Low,Friends,No
47613,1748,22,Bangalore,Morning,Weekday,Desserts,Breakfast,Premium,155,Yes,82,10,3,Yes,Stressed,Low,Alone,Yes
47614,2654,31,Mumbai,Morning,Weekday,Fast Food,Lunch,Premium,663,Yes,48,1,2,No,Happy,Medium,Alone,Yes
47615,1201,28,Mumbai,Morning,Weekend,Chinese,Dinner,Premium,528,Yes,29,9,4,Yes,Stressed,Low,Family,Yes
47616,1742,21,Hyderabad,Morning,Weekday,Fast Food,Snacks,Mid-range,898,No,27,1,1,Yes,Lazy,High,Partner,No
47617,2743,25,Mumbai,Night,Weekday,Chinese,Dinner,Premium,814,Yes,61,11,4,No,Happy,High,Friends,Yes
47618,1676,23,Delhi,Evening,Weekday,Fast Food,Dinner,Mid-range,451,No,45,9,2,Yes,Happy,High,Partner,No
47619,2275,20,Mumbai,Morning,Weekend,Fast Food,Breakfast,Premium,976,Yes,29,1,4,No,Celebrating,Low,Partner,Yes
47620,1156,33,Mumbai,Night,Weekday,Fast Food,Lunch,Premium,884,No,93,1,2,Yes,Lazy,High,Friends,No
47621,2576,30,Bangalore,Night,Weekday,North Indian,Breakfast,Premium,108,No,28,4,2,No,Stressed,Medium,Alone,No
47622,3042,43,Bangalore,Morning,Weekend,Fast Food,Lunch,Budget,177,No,54,8,4,Yes,Happy,Medium,Alone,Yes
47623,2304,25,Bangalore,Morning,Weekend,Fast Food,Breakfast,Mid-range,877,No,93,14,2,No,Celebrating,High,Alone,Yes
47624,3081,34,Pune,Night,Weekday,Fast Food,Dinner,Budget,766,No,59,7,3,Yes,Celebrating,Low,Family,Yes
47625,2233,41,Bangalore,Afternoon,Weekday,Chinese,Dinner,Mid-range,960,No,73,5,5,No,Celebrating,Medium,Friends,Yes
47626,2155,30,Bangalore,Morning,Weekday,Chinese,Lunch,Budget,560,Yes,62,6,3,No,Stressed,High,Family,No
47627,1767,19,Bangalore,Evening,Weekday,Chinese,Dinner,Premium,210,No,37,12,3,No,Stressed,Medium,Alone,No
47628,3900,33,Pune,Evening,Weekday,Desserts,Dinner,Mid-range,689,Yes,82,11,4,Yes,Stressed,Medium,Family,No
47629,4042,35,Mumbai,Night,Weekend,Desserts,Snacks,Budget,228,No,74,2,3,Yes,Stressed,High,Friends,Yes
47630,2544,30,Bangalore,Evening,Weekend,Fast Food,Dinner,Budget,166,Yes,71,13,5,No,Stressed,Medium,Alone,Yes
47631,2693,32,Bangalore,Morning,Weekday,Biryani,Lunch,Budget,147,Yes,43,8,3,Yes,Celebrating,Low,Family,No
47632,1048,25,Bangalore,Night,Weekend,North Indian,Breakfast,Budget,854,No,83,12,3,No,Lazy,High,Family,No
47633,2956,34,Hyderabad,Morning,Weekday,Fast Food,Lunch,Budget,983,No,85,14,2,No,Celebrating,Medium,Partner,No
47634,3733,39,Pune,Evening,Weekend,North Indian,Dinner,Budget,989,Yes,93,12,2,Yes,Lazy,Medium,Friends,No
47635,4803,39,Delhi,Afternoon,Weekday,North Indian,Dinner,Budget,281,Yes,25,2,2,No,Lazy,Low,Family,Yes
47636,4808,40,Mumbai,Afternoon,Weekday,North Indian,Dinner,Budget,881,No,91,8,1,No,Stressed,High,Partner,No
47637,2718,37,Chandigarh,Morning,Weekday,Biryani,Snacks,Budget,743,No,94,3,5,Yes,Celebrating,Low,Alone,No
47638,4203,44,Bangalore,Afternoon,Weekday,Desserts,Snacks,Mid-range,806,Yes,46,3,4,Yes,Happy,Medium,Friends,Yes
47639,3301,25,Pune,Afternoon,Weekday,Desserts,Dinner,Premium,701,Yes,83,2,1,No,Lazy,Medium,Friends,Yes
47640,1804,44,Mumbai,Afternoon,Weekday,Fast Food,Lunch,Budget,883,Yes,69,4,3,No,Happy,Medium,Family,Yes
47641,3223,20,Chandigarh,Night,Weekday,Chinese,Breakfast,Budget,383,No,56,14,2,Yes,Celebrating,High,Family,Yes
47642,4026,30,Hyderabad,Night,Weekend,Biryani,Snacks,Mid-range,959,Yes,70,1,5,Yes,Happy,Medium,Family,Yes
47643,2353,32,Hyderabad,Afternoon,Weekend,North Indian,Lunch,Premium,892,Yes,90,4,1,No,Stressed,Medium,Family,No
47644,4946,34,Pune,Morning,Weekend,Desserts,Breakfast,Budget,512,No,27,13,2,Yes,Happy,Medium,Family,Yes
47645,4007,37,Bangalore,Night,Weekday,Chinese,Snacks,Mid-range,308,No,47,5,2,Yes,Stressed,Medium,Partner,No
47646,2379,39,Hyderabad,Night,Weekday,Desserts,Breakfast,Mid-range,199,Yes,49,8,3,No,Happy,High,Family,Yes
47647,2507,44,Chandigarh,Night,Weekday,Biryani,Breakfast,Mid-range,834,Yes,76,9,2,Yes,Lazy,Low,Friends,Yes
47648,2145,44,Chandigarh,Morning,Weekday,Fast Food,Breakfast,Budget,938,Yes,96,8,1,Yes,Lazy,Low,Friends,No
47649,1982,43,Bangalore,Morning,Weekday,South Indian,Breakfast,Premium,337,Yes,71,12,2,Yes,Happy,Medium,Family,Yes
47650,3331,42,Chandigarh,Morning,Weekend,South Indian,Dinner,Budget,456,Yes,47,12,5,No,Celebrating,Low,Family,No
47651,4689,28,Chandigarh,Evening,Weekend,Biryani,Lunch,Mid-range,466,No,24,6,1,No,Lazy,Medium,Alone,Yes
47652,3259,40,Bangalore,Afternoon,Weekend,North Indian,Breakfast,Mid-range,257,Yes,51,9,4,No,Lazy,High,Partner,Yes
47653,3261,21,Hyderabad,Afternoon,Weekday,Biryani,Lunch,Premium,859,No,50,9,3,No,Happy,Medium,Partner,Yes
47654,2881,38,Chandigarh,Morning,Weekday,Desserts,Dinner,Premium,682,Yes,82,6,1,No,Happy,Low,Alone,No
47655,2184,37,Mumbai,Evening,Weekday,North Indian,Snacks,Mid-range,184,No,79,13,4,Yes,Lazy,Medium,Family,Yes
47656,3120,20,Bangalore,Evening,Weekday,North Indian,Lunch,Budget,667,No,57,2,3,Yes,Stressed,Medium,Partner,No
47657,1176,32,Chandigarh,Afternoon,Weekday,South Indian,Dinner,Budget,963,No,67,14,3,Yes,Lazy,High,Alone,Yes
47658,1661,22,Pune,Night,Weekend,Chinese,Dinner,Budget,549,Yes,42,10,3,Yes,Stressed,Low,Family,Yes
47659,4572,37,Pune,Night,Weekday,South Indian,Breakfast,Premium,839,No,80,12,5,No,Happy,Low,Alone,Yes
47660,3588,28,Bangalore,Afternoon,Weekend,Desserts,Dinner,Premium,975,No,28,13,2,No,Celebrating,Medium,Partner,No
47661,1784,34,Pune,Afternoon,Weekend,North Indian,Breakfast,Mid-range,858,Yes,34,2,1,No,Celebrating,Low,Friends,No
47662,1165,29,Hyderabad,Morning,Weekday,South Indian,Dinner,Premium,599,No,44,6,5,Yes,Lazy,Low,Alone,No
47663,1864,21,Delhi,Morning,Weekday,Biryani,Snacks,Budget,362,Yes,64,9,2,Yes,Lazy,Medium,Friends,No
47664,4393,38,Mumbai,Evening,Weekend,Fast Food,Dinner,Budget,724,No,89,5,5,No,Celebrating,High,Family,No
47665,1993,29,Mumbai,Afternoon,Weekend,Desserts,Dinner,Premium,705,No,27,10,2,Yes,Celebrating,Low,Family,Yes
47666,2892,43,Hyderabad,Evening,Weekday,Chinese,Lunch,Mid-range,460,Yes,83,8,5,No,Happy,Low,Partner,Yes
47667,2474,32,Bangalore,Afternoon,Weekday,South Indian,Lunch,Budget,334,Yes,64,10,4,No,Celebrating,Low,Friends,No
47668,2015,32,Chandigarh,Afternoon,Weekday,Chinese,Breakfast,Mid-range,610,Yes,61,3,4,No,Happy,Low,Partner,No
47669,3467,33,Bangalore,Morning,Weekday,North Indian,Dinner,Budget,378,Yes,85,8,5,No,Happy,Low,Family,Yes
47670,4448,20,Mumbai,Night,Weekday,Biryani,Breakfast,Budget,216,Yes,76,8,1,Yes,Happy,Medium,Alone,No
47671,3311,44,Chandigarh,Night,Weekday,Fast Food,Breakfast,Mid-range,397,No,86,5,2,No,Stressed,High,Partner,No
47672,3228,41,Pune,Afternoon,Weekday,Desserts,Breakfast,Mid-range,822,No,49,12,2,No,Happy,High,Partner,Yes
47673,2774,26,Hyderabad,Morning,Weekday,Fast Food,Dinner,Budget,955,No,24,7,1,No,Stressed,High,Friends,No
47674,2624,43,Hyderabad,Afternoon,Weekday,Desserts,Dinner,Mid-range,247,No,22,12,4,Yes,Happy,Low,Friends,No
47675,2993,23,Hyderabad,Night,Weekend,Chinese,Breakfast,Budget,724,No,28,13,5,Yes,Celebrating,Medium,Alone,Yes
47676,1512,19,Mumbai,Afternoon,Weekend,South Indian,Breakfast,Premium,629,Yes,46,14,3,Yes,Stressed,Low,Alone,Yes
47677,4400,32,Hyderabad,Evening,Weekday,North Indian,Dinner,Budget,348,No,53,10,3,Yes,Lazy,Low,Alone,Yes
47678,2099,31,Delhi,Afternoon,Weekend,Desserts,Dinner,Mid-range,710,Yes,57,1,2,Yes,Happy,Medium,Alone,Yes
47679,1611,36,Delhi,Evening,Weekday,Chinese,Lunch,Mid-range,585,No,74,13,4,No,Stressed,Medium,Alone,No
47680,3246,36,Pune,Evening,Weekend,South Indian,Lunch,Premium,258,No,25,3,5,Yes,Celebrating,Low,Friends,No
47681,4009,24,Bangalore,Night,Weekend,Chinese,Lunch,Budget,360,No,75,9,4,Yes,Happy,Medium,Partner,Yes
47682,2564,25,Hyderabad,Night,Weekday,South Indian,Lunch,Mid-range,878,No,64,14,5,No,Stressed,High,Alone,No
47683,4971,38,Mumbai,Morning,Weekend,Biryani,Dinner,Premium,317,No,26,3,3,Yes,Happy,High,Partner,Yes
47684,4806,20,Mumbai,Night,Weekday,North Indian,Snacks,Premium,313,No,83,2,2,Yes,Celebrating,High,Friends,Yes
47685,2805,26,Mumbai,Evening,Weekend,Biryani,Breakfast,Mid-range,772,No,49,2,4,Yes,Celebrating,Low,Friends,No
47686,4194,30,Delhi,Afternoon,Weekend,North Indian,Breakfast,Budget,293,Yes,93,8,1,No,Celebrating,High,Family,Yes
47687,2544,22,Mumbai,Afternoon,Weekend,South Indian,Snacks,Mid-range,465,Yes,84,4,1,No,Celebrating,High,Family,No
47688,3819,31,Chandigarh,Evening,Weekend,Chinese,Breakfast,Premium,567,No,67,7,3,Yes,Lazy,Low,Partner,No
47689,4163,25,Mumbai,Afternoon,Weekday,Fast Food,Breakfast,Mid-range,155,Yes,47,11,3,Yes,Stressed,Low,Partner,No
47690,4912,27,Hyderabad,Evening,Weekday,South Indian,Lunch,Mid-range,347,Yes,66,8,5,Yes,Celebrating,Medium,Friends,No
47691,4001,26,Delhi,Morning,Weekday,Desserts,Dinner,Premium,219,Yes,35,6,4,No,Celebrating,High,Friends,Yes
47692,4485,31,Chandigarh,Night,Weekend,South Indian,Snacks,Mid-range,590,Yes,99,6,2,No,Lazy,Medium,Family,Yes
47693,4877,19,Mumbai,Evening,Weekday,South Indian,Dinner,Mid-range,837,Yes,61,14,3,Yes,Lazy,High,Friends,Yes
47694,3916,44,Hyderabad,Night,Weekend,South Indian,Breakfast,Budget,701,Yes,57,4,2,No,Happy,Low,Family,Yes
47695,2711,43,Pune,Morning,Weekday,Fast Food,Dinner,Budget,768,No,75,12,4,No,Celebrating,High,Family,Yes
47696,1965,42,Pune,Evening,Weekday,South Indian,Dinner,Budget,279,Yes,82,2,3,No,Stressed,Low,Partner,No
47697,4227,29,Pune,Morning,Weekend,Desserts,Snacks,Budget,448,Yes,86,13,2,Yes,Lazy,High,Partner,Yes
47698,2754,22,Hyderabad,Afternoon,Weekday,Fast Food,Snacks,Budget,114,Yes,35,12,5,No,Happy,Low,Alone,No
47699,4696,34,Hyderabad,Night,Weekend,Desserts,Breakfast,Mid-range,524,No,44,7,1,No,Lazy,High,Alone,Yes
47700,4701,38,Mumbai,Morning,Weekday,Chinese,Lunch,Mid-range,976,No,92,6,1,No,Celebrating,Low,Family,Yes
47701,3127,32,Bangalore,Morning,Weekday,South Indian,Breakfast,Budget,541,Yes,87,2,5,Yes,Stressed,Medium,Alone,No
47702,3806,26,Hyderabad,Morning,Weekday,Fast Food,Breakfast,Mid-range,899,No,86,2,1,No,Happy,Low,Family,Yes
47703,2660,22,Chandigarh,Morning,Weekday,Chinese,Dinner,Mid-range,160,Yes,63,12,4,No,Lazy,Medium,Friends,No
47704,2855,42,Hyderabad,Afternoon,Weekday,North Indian,Breakfast,Premium,837,No,24,14,3,Yes,Lazy,High,Family,No
47705,1016,24,Pune,Night,Weekend,Fast Food,Lunch,Premium,761,No,24,14,2,Yes,Happy,Low,Partner,No
47706,4866,43,Hyderabad,Night,Weekday,Chinese,Lunch,Mid-range,225,Yes,60,6,3,No,Celebrating,High,Alone,No
47707,3788,25,Mumbai,Evening,Weekend,Chinese,Breakfast,Mid-range,735,Yes,92,8,1,Yes,Happy,Low,Family,No
47708,1464,24,Delhi,Night,Weekday,Fast Food,Breakfast,Budget,620,No,89,10,1,No,Lazy,Medium,Family,No
47709,2050,20,Chandigarh,Evening,Weekend,Desserts,Lunch,Budget,603,No,70,3,2,No,Stressed,High,Partner,Yes
47710,4093,37,Pune,Night,Weekday,Chinese,Breakfast,Premium,867,Yes,41,1,1,Yes,Stressed,Medium,Partner,Yes
47711,3588,21,Mumbai,Morning,Weekday,North Indian,Breakfast,Budget,595,No,96,1,1,No,Celebrating,High,Friends,Yes
47712,2524,34,Pune,Night,Weekday,Chinese,Dinner,Budget,228,Yes,43,9,5,Yes,Celebrating,Low,Family,No
47713,4752,30,Mumbai,Night,Weekend,Fast Food,Lunch,Budget,349,Yes,94,9,5,No,Happy,Low,Alone,No
47714,4062,40,Bangalore,Morning,Weekend,North Indian,Lunch,Premium,675,No,48,9,4,No,Happy,Medium,Partner,No
47715,4453,40,Bangalore,Morning,Weekday,Fast Food,Dinner,Mid-range,457,No,23,3,3,Yes,Stressed,Medium,Friends,Yes
47716,2225,43,Mumbai,Evening,Weekday,Desserts,Dinner,Mid-range,475,No,84,1,3,Yes,Stressed,High,Family,No
47717,2455,33,Hyderabad,Morning,Weekend,South Indian,Snacks,Premium,830,No,78,9,2,Yes,Lazy,Medium,Family,No
47718,3313,42,Chandigarh,Night,Weekend,Desserts,Breakfast,Budget,952,Yes,73,6,1,Yes,Stressed,Medium,Friends,Yes
47719,3675,29,Chandigarh,Afternoon,Weekday,Chinese,Snacks,Budget,821,No,75,13,3,Yes,Stressed,Medium,Friends,No
47720,3629,22,Bangalore,Evening,Weekend,North Indian,Breakfast,Premium,837,Yes,57,4,5,Yes,Happy,High,Friends,No
47721,1865,19,Pune,Afternoon,Weekday,Fast Food,Dinner,Budget,280,No,49,12,5,Yes,Celebrating,High,Alone,Yes
47722,3790,18,Pune,Afternoon,Weekday,Chinese,Breakfast,Premium,198,No,95,4,3,No,Happy,Low,Friends,No
47723,1978,32,Chandigarh,Night,Weekend,South Indian,Lunch,Premium,847,Yes,39,7,3,No,Celebrating,High,Family,Yes
47724,1493,42,Bangalore,Afternoon,Weekend,Chinese,Dinner,Mid-range,452,No,67,6,1,Yes,Happy,Low,Family,No
47725,3944,28,Hyderabad,Evening,Weekend,North Indian,Dinner,Premium,318,No,65,10,1,Yes,Happy,Medium,Alone,Yes
47726,4820,22,Bangalore,Night,Weekend,Chinese,Dinner,Mid-range,503,Yes,76,11,3,Yes,Lazy,Medium,Partner,No
47727,3249,26,Hyderabad,Night,Weekend,South Indian,Snacks,Mid-range,114,Yes,63,5,4,Yes,Happy,High,Family,Yes
47728,3062,40,Mumbai,Night,Weekend,Biryani,Snacks,Budget,506,Yes,59,3,5,Yes,Stressed,Low,Alone,No
47729,3828,27,Bangalore,Morning,Weekend,Desserts,Snacks,Mid-range,993,Yes,49,4,4,No,Happy,High,Partner,No
47730,1406,34,Chandigarh,Night,Weekday,North Indian,Lunch,Premium,659,No,26,12,1,No,Stressed,Medium,Friends,Yes
47731,4780,36,Delhi,Morning,Weekday,Chinese,Breakfast,Premium,832,No,40,6,4,No,Lazy,Medium,Family,No
47732,1482,20,Mumbai,Night,Weekend,Fast Food,Lunch,Premium,101,No,32,2,5,Yes,Lazy,High,Family,No
47733,4074,37,Chandigarh,Morning,Weekday,Fast Food,Snacks,Mid-range,413,Yes,96,14,3,Yes,Happy,Low,Family,Yes
47734,2143,42,Bangalore,Evening,Weekday,Biryani,Dinner,Mid-range,958,Yes,83,7,2,No,Stressed,Low,Friends,Yes
47735,3605,26,Mumbai,Morning,Weekday,South Indian,Breakfast,Mid-range,660,Yes,35,7,3,No,Celebrating,High,Partner,No
47736,3685,18,Mumbai,Night,Weekend,Chinese,Dinner,Budget,825,Yes,71,5,4,Yes,Celebrating,High,Family,No
47737,1929,37,Mumbai,Evening,Weekday,North Indian,Lunch,Premium,358,Yes,68,2,5,Yes,Happy,Medium,Alone,No
47738,4483,44,Hyderabad,Morning,Weekday,Chinese,Lunch,Mid-range,601,Yes,38,3,5,Yes,Lazy,High,Family,No
47739,4877,38,Hyderabad,Afternoon,Weekend,Fast Food,Breakfast,Mid-range,715,No,26,6,3,Yes,Happy,Low,Friends,No
47740,2721,24,Pune,Night,Weekday,Biryani,Breakfast,Mid-range,456,Yes,99,4,4,Yes,Stressed,High,Alone,Yes
47741,4069,21,Pune,Afternoon,Weekend,Desserts,Dinner,Premium,426,No,20,10,2,No,Happy,Low,Alone,Yes
47742,3093,21,Chandigarh,Night,Weekend,South Indian,Breakfast,Mid-range,919,No,29,12,3,No,Celebrating,Low,Friends,Yes
47743,4085,34,Chandigarh,Evening,Weekend,Fast Food,Breakfast,Budget,897,Yes,27,12,2,Yes,Stressed,High,Alone,No
47744,2378,40,Bangalore,Morning,Weekday,Desserts,Breakfast,Budget,120,No,39,3,5,No,Happy,High,Family,No
47745,3233,23,Hyderabad,Morning,Weekend,Chinese,Dinner,Budget,669,No,42,7,2,Yes,Stressed,Medium,Family,No
47746,3937,28,Hyderabad,Night,Weekend,Fast Food,Dinner,Mid-range,219,No,79,6,4,Yes,Celebrating,Medium,Partner,No
47747,2189,36,Chandigarh,Afternoon,Weekday,Biryani,Lunch,Budget,174,Yes,36,2,5,Yes,Lazy,Medium,Friends,No
47748,3037,34,Pune,Afternoon,Weekend,Biryani,Lunch,Budget,105,No,78,13,2,No,Happy,Low,Alone,No
47749,4541,29,Delhi,Evening,Weekend,South Indian,Lunch,Premium,157,Yes,71,11,2,Yes,Happy,Medium,Alone,No
47750,2597,40,Mumbai,Afternoon,Weekend,North Indian,Lunch,Budget,854,No,60,4,4,No,Stressed,Medium,Friends,Yes
47751,2321,41,Hyderabad,Evening,Weekday,North Indian,Breakfast,Budget,406,No,50,9,5,Yes,Stressed,High,Friends,Yes
47752,4017,39,Pune,Morning,Weekend,Fast Food,Breakfast,Budget,578,No,22,13,5,No,Celebrating,Low,Partner,Yes
47753,3696,22,Mumbai,Morning,Weekday,Fast Food,Dinner,Premium,228,No,31,14,3,No,Celebrating,Medium,Friends,No
47754,3882,29,Mumbai,Morning,Weekday,Chinese,Dinner,Premium,679,Yes,38,3,2,No,Stressed,High,Alone,Yes
47755,2918,39,Hyderabad,Evening,Weekday,Chinese,Dinner,Mid-range,246,No,70,10,4,No,Celebrating,High,Friends,Yes
47756,1620,30,Pune,Morning,Weekday,Chinese,Lunch,Mid-range,704,No,42,3,2,No,Happy,High,Partner,No
47757,4624,43,Bangalore,Evening,Weekend,Desserts,Snacks,Budget,617,Yes,65,7,5,No,Stressed,Medium,Alone,Yes
47758,3856,18,Chandigarh,Afternoon,Weekday,North Indian,Dinner,Mid-range,616,No,33,5,1,No,Lazy,Low,Family,No
47759,2704,24,Bangalore,Afternoon,Weekday,Biryani,Breakfast,Mid-range,997,No,34,8,5,No,Lazy,High,Friends,No
47760,3884,37,Mumbai,Evening,Weekend,North Indian,Breakfast,Budget,303,Yes,36,14,5,No,Happy,High,Family,Yes
47761,3601,31,Delhi,Evening,Weekend,South Indian,Breakfast,Premium,875,Yes,97,7,3,Yes,Stressed,High,Friends,Yes
47762,3339,28,Mumbai,Night,Weekend,Fast Food,Breakfast,Mid-range,356,No,32,11,5,Yes,Celebrating,High,Alone,No
47763,3338,35,Pune,Afternoon,Weekday,Chinese,Dinner,Mid-range,111,Yes,81,2,5,No,Stressed,High,Friends,Yes
47764,3532,39,Delhi,Evening,Weekday,Chinese,Lunch,Budget,819,No,71,5,3,No,Lazy,Low,Alone,No
47765,1148,38,Delhi,Evening,Weekday,Biryani,Dinner,Premium,514,Yes,80,7,1,No,Happy,High,Alone,Yes
47766,1338,41,Bangalore,Evening,Weekend,Biryani,Dinner,Mid-range,720,No,43,12,3,No,Stressed,Low,Alone,Yes
47767,4882,20,Pune,Afternoon,Weekday,North Indian,Breakfast,Premium,381,No,82,10,4,Yes,Happy,Medium,Friends,Yes
47768,2696,40,Bangalore,Night,Weekday,Biryani,Snacks,Premium,479,Yes,44,7,1,Yes,Stressed,Low,Alone,Yes
47769,3079,35,Bangalore,Morning,Weekday,South Indian,Dinner,Premium,325,No,74,11,2,No,Happy,Low,Partner,No
47770,4375,38,Chandigarh,Night,Weekend,Biryani,Breakfast,Premium,341,No,62,13,5,No,Celebrating,Low,Friends,Yes
47771,2755,38,Bangalore,Night,Weekend,Biryani,Lunch,Mid-range,209,No,23,9,3,Yes,Lazy,High,Family,Yes
47772,3299,20,Pune,Night,Weekend,Biryani,Dinner,Budget,626,Yes,60,12,2,Yes,Lazy,High,Alone,No
47773,2976,36,Mumbai,Night,Weekend,North Indian,Snacks,Budget,359,Yes,30,5,4,No,Celebrating,Low,Partner,Yes
47774,1260,36,Bangalore,Night,Weekday,Fast Food,Dinner,Budget,413,Yes,73,6,5,No,Happy,Low,Alone,Yes
47775,2976,27,Delhi,Night,Weekday,Biryani,Dinner,Premium,228,No,88,4,5,Yes,Lazy,High,Alone,No
47776,3179,25,Hyderabad,Night,Weekday,North Indian,Dinner,Premium,368,No,42,14,4,Yes,Stressed,High,Alone,Yes
47777,3016,35,Chandigarh,Morning,Weekday,North Indian,Dinner,Premium,575,Yes,25,1,2,No,Happy,Medium,Friends,Yes
47778,1280,31,Pune,Evening,Weekday,North Indian,Dinner,Premium,303,No,30,12,3,No,Celebrating,High,Alone,No
47779,3804,39,Chandigarh,Afternoon,Weekday,Fast Food,Lunch,Mid-range,991,Yes,24,7,4,Yes,Lazy,Medium,Friends,No
47780,2284,19,Chandigarh,Afternoon,Weekend,Desserts,Breakfast,Budget,401,No,95,2,3,No,Stressed,Medium,Family,No
47781,1686,41,Mumbai,Morning,Weekend,South Indian,Breakfast,Budget,844,No,84,4,1,Yes,Happy,High,Friends,Yes
47782,1996,21,Mumbai,Afternoon,Weekday,North Indian,Snacks,Budget,763,Yes,69,12,1,Yes,Celebrating,Low,Partner,No
47783,4147,34,Hyderabad,Evening,Weekday,Fast Food,Lunch,Mid-range,377,No,93,8,5,No,Happy,Medium,Partner,Yes
47784,2177,24,Mumbai,Morning,Weekend,Fast Food,Lunch,Mid-range,753,No,44,4,2,No,Stressed,Low,Family,Yes
47785,1197,38,Chandigarh,Evening,Weekend,South Indian,Breakfast,Mid-range,256,No,91,10,3,No,Happy,High,Family,No
47786,4723,40,Delhi,Night,Weekday,North Indian,Snacks,Premium,790,No,33,10,3,No,Lazy,High,Alone,No
47787,4408,37,Bangalore,Evening,Weekday,Chinese,Breakfast,Budget,316,No,37,4,5,No,Lazy,High,Alone,Yes
47788,1775,43,Hyderabad,Afternoon,Weekday,Chinese,Breakfast,Budget,362,Yes,81,5,4,Yes,Lazy,Low,Partner,No
47789,1806,32,Delhi,Night,Weekend,Biryani,Breakfast,Mid-range,183,Yes,44,12,4,Yes,Celebrating,High,Family,Yes
47790,2965,39,Mumbai,Morning,Weekday,Desserts,Dinner,Premium,683,Yes,34,4,5,No,Celebrating,High,Partner,Yes
47791,1780,37,Chandigarh,Afternoon,Weekend,South Indian,Lunch,Mid-range,264,Yes,31,4,1,Yes,Happy,Medium,Partner,No
47792,1682,23,Pune,Morning,Weekend,Biryani,Snacks,Premium,409,Yes,69,10,3,No,Celebrating,Low,Friends,Yes
47793,2866,22,Hyderabad,Night,Weekday,Fast Food,Lunch,Premium,667,No,26,11,3,Yes,Happy,Low,Partner,No
47794,4465,41,Pune,Morning,Weekend,North Indian,Dinner,Mid-range,410,Yes,67,2,3,Yes,Happy,Medium,Partner,No
47795,2504,27,Delhi,Evening,Weekday,Fast Food,Snacks,Premium,989,Yes,73,5,2,No,Lazy,High,Family,No
47796,3064,24,Pune,Morning,Weekday,Fast Food,Breakfast,Premium,380,Yes,30,7,4,Yes,Celebrating,High,Partner,Yes
47797,1715,27,Delhi,Afternoon,Weekday,Desserts,Breakfast,Mid-range,314,Yes,43,12,1,Yes,Lazy,Low,Partner,No
47798,1352,22,Hyderabad,Evening,Weekend,Chinese,Dinner,Mid-range,904,Yes,62,11,5,No,Lazy,Low,Alone,No
47799,2557,41,Delhi,Morning,Weekday,Desserts,Breakfast,Mid-range,303,No,54,8,1,No,Lazy,High,Partner,Yes
47800,2652,41,Hyderabad,Evening,Weekend,North Indian,Lunch,Budget,949,Yes,75,11,3,No,Happy,High,Alone,Yes
47801,2051,39,Delhi,Night,Weekend,North Indian,Breakfast,Budget,697,Yes,53,9,5,Yes,Happy,Low,Partner,No
47802,2213,38,Chandigarh,Evening,Weekend,Biryani,Dinner,Premium,731,No,75,3,1,Yes,Happy,High,Family,Yes
47803,4091,21,Delhi,Morning,Weekday,South Indian,Breakfast,Budget,605,Yes,77,14,2,No,Happy,High,Partner,No
47804,1970,27,Mumbai,Evening,Weekend,Desserts,Dinner,Premium,877,No,57,10,3,No,Happy,High,Friends,No
47805,3691,27,Mumbai,Afternoon,Weekend,North Indian,Lunch,Budget,708,Yes,78,5,2,No,Happy,Low,Friends,No
47806,1437,42,Bangalore,Morning,Weekday,Desserts,Breakfast,Mid-range,429,Yes,47,3,3,No,Happy,High,Partner,Yes
47807,3788,36,Bangalore,Afternoon,Weekend,South Indian,Snacks,Premium,838,No,50,8,2,No,Stressed,Medium,Friends,No
47808,1892,20,Mumbai,Morning,Weekend,South Indian,Lunch,Premium,820,Yes,49,9,1,No,Happy,Low,Family,Yes
47809,3828,33,Mumbai,Morning,Weekend,Desserts,Snacks,Budget,185,No,69,11,2,No,Happy,Medium,Friends,Yes
47810,4658,18,Hyderabad,Evening,Weekday,Chinese,Dinner,Premium,618,Yes,74,12,5,Yes,Celebrating,Low,Friends,Yes
47811,1938,36,Chandigarh,Afternoon,Weekend,Chinese,Lunch,Budget,223,Yes,97,14,4,No,Happy,Medium,Family,No
47812,2210,18,Delhi,Evening,Weekday,Chinese,Breakfast,Budget,308,No,36,14,2,No,Lazy,High,Friends,No
47813,1135,29,Delhi,Evening,Weekend,South Indian,Dinner,Premium,347,Yes,54,10,2,Yes,Stressed,Low,Friends,No
47814,2294,29,Bangalore,Afternoon,Weekday,Chinese,Lunch,Premium,143,Yes,80,4,2,No,Celebrating,Low,Alone,No
47815,4935,35,Chandigarh,Night,Weekend,Desserts,Snacks,Premium,349,Yes,74,3,4,Yes,Celebrating,High,Alone,Yes
47816,2661,39,Pune,Afternoon,Weekend,Chinese,Snacks,Mid-range,595,Yes,91,8,2,Yes,Lazy,High,Alone,Yes
47817,1855,18,Chandigarh,Night,Weekend,Biryani,Dinner,Premium,363,No,36,7,2,Yes,Lazy,Medium,Family,Yes
47818,1317,23,Mumbai,Afternoon,Weekday,Chinese,Breakfast,Mid-range,431,Yes,55,2,3,No,Celebrating,Low,Friends,No
47819,2296,30,Delhi,Night,Weekend,South Indian,Dinner,Premium,319,No,91,3,3,No,Celebrating,Low,Friends,Yes
47820,3393,19,Pune,Evening,Weekday,Desserts,Lunch,Mid-range,932,Yes,25,9,1,Yes,Stressed,Medium,Partner,No
47821,4510,21,Pune,Morning,Weekend,Biryani,Breakfast,Premium,758,Yes,82,11,1,No,Lazy,High,Partner,No
47822,1531,35,Bangalore,Afternoon,Weekend,South Indian,Lunch,Premium,165,Yes,48,8,2,No,Lazy,High,Friends,No
47823,2652,39,Chandigarh,Morning,Weekend,Chinese,Lunch,Budget,211,No,71,6,5,No,Happy,Medium,Family,No
47824,3973,44,Pune,Night,Weekend,Biryani,Snacks,Budget,392,No,90,13,4,Yes,Celebrating,Low,Friends,Yes
47825,1972,40,Mumbai,Morning,Weekend,Biryani,Dinner,Premium,144,No,94,9,1,No,Lazy,Low,Friends,Yes
47826,1215,30,Delhi,Evening,Weekday,South Indian,Breakfast,Mid-range,698,Yes,63,3,5,Yes,Stressed,Low,Alone,Yes
47827,3049,38,Mumbai,Evening,Weekend,Desserts,Lunch,Mid-range,728,No,83,7,2,Yes,Lazy,High,Alone,Yes
47828,3512,40,Mumbai,Night,Weekday,Desserts,Snacks,Budget,809,No,63,3,3,No,Celebrating,Medium,Friends,No
47829,4940,44,Hyderabad,Afternoon,Weekend,Chinese,Breakfast,Premium,891,No,87,6,4,No,Stressed,Low,Friends,No
47830,2414,20,Mumbai,Morning,Weekday,Fast Food,Snacks,Mid-range,595,No,83,2,3,Yes,Happy,High,Partner,No
47831,1740,37,Mumbai,Evening,Weekend,Desserts,Snacks,Mid-range,294,Yes,51,4,5,Yes,Celebrating,Medium,Partner,Yes
47832,4923,43,Pune,Morning,Weekday,Desserts,Breakfast,Premium,835,No,80,4,3,No,Stressed,Low,Family,No
47833,4175,18,Bangalore,Morning,Weekend,North Indian,Dinner,Budget,356,Yes,84,11,5,Yes,Stressed,Low,Family,Yes
47834,4744,43,Hyderabad,Morning,Weekend,Chinese,Lunch,Premium,814,No,28,3,2,Yes,Celebrating,Low,Alone,No
47835,4016,26,Bangalore,Morning,Weekday,Desserts,Dinner,Premium,409,No,20,9,4,Yes,Celebrating,Low,Friends,Yes
47836,3397,40,Chandigarh,Evening,Weekend,South Indian,Breakfast,Premium,588,No,57,11,3,Yes,Lazy,Medium,Family,No
47837,3328,25,Mumbai,Night,Weekend,Fast Food,Dinner,Budget,202,No,55,2,5,No,Happy,Medium,Alone,Yes
47838,1356,18,Delhi,Morning,Weekday,Biryani,Lunch,Mid-range,844,No,52,1,3,Yes,Celebrating,Low,Partner,Yes
47839,1733,41,Pune,Afternoon,Weekend,North Indian,Snacks,Premium,952,No,81,12,5,Yes,Happy,Low,Friends,No
47840,1498,19,Bangalore,Afternoon,Weekday,South Indian,Dinner,Mid-range,723,Yes,34,1,2,Yes,Celebrating,Low,Partner,No
47841,4939,30,Chandigarh,Morning,Weekend,North Indian,Breakfast,Mid-range,875,Yes,90,2,3,No,Lazy,Medium,Family,No
47842,4125,27,Chandigarh,Evening,Weekday,Fast Food,Lunch,Mid-range,635,No,35,2,4,No,Celebrating,High,Alone,Yes
47843,1679,27,Pune,Night,Weekend,Fast Food,Dinner,Premium,169,No,98,14,3,No,Stressed,Medium,Friends,Yes
47844,2571,41,Delhi,Night,Weekday,North Indian,Lunch,Budget,506,No,48,4,5,Yes,Lazy,Medium,Friends,No
47845,2092,37,Pune,Afternoon,Weekday,Biryani,Lunch,Budget,423,No,40,10,4,Yes,Lazy,Low,Alone,Yes
47846,4288,30,Hyderabad,Evening,Weekend,Chinese,Dinner,Premium,678,No,61,11,5,No,Stressed,High,Friends,No
47847,2231,36,Bangalore,Evening,Weekend,Chinese,Lunch,Premium,365,No,24,7,5,No,Celebrating,High,Partner,Yes
47848,4399,18,Chandigarh,Afternoon,Weekday,Fast Food,Breakfast,Mid-range,308,Yes,60,1,3,No,Lazy,High,Alone,Yes
47849,1649,41,Delhi,Evening,Weekday,Chinese,Dinner,Budget,909,No,41,5,2,No,Lazy,Medium,Alone,No
47850,2762,40,Pune,Night,Weekend,North Indian,Breakfast,Budget,767,Yes,81,2,1,Yes,Happy,High,Friends,Yes
47851,2510,29,Delhi,Evening,Weekday,North Indian,Snacks,Budget,164,No,68,13,3,Yes,Celebrating,Low,Friends,No
47852,4302,26,Hyderabad,Morning,Weekday,South Indian,Dinner,Mid-range,546,Yes,32,8,4,No,Lazy,Low,Partner,Yes
47853,2863,32,Chandigarh,Morning,Weekday,Chinese,Breakfast,Premium,156,Yes,43,8,3,No,Lazy,Medium,Alone,Yes
47854,2711,18,Hyderabad,Night,Weekday,Biryani,Lunch,Mid-range,568,Yes,86,13,2,Yes,Happy,Medium,Friends,Yes
47855,2886,19,Bangalore,Afternoon,Weekday,Chinese,Dinner,Mid-range,811,No,34,11,5,No,Stressed,Medium,Family,Yes
47856,3447,34,Bangalore,Morning,Weekend,Desserts,Dinner,Budget,540,Yes,74,3,5,No,Happy,Low,Friends,No
47857,2618,31,Bangalore,Evening,Weekend,Desserts,Dinner,Premium,652,No,95,4,2,No,Lazy,Low,Family,Yes
47858,1868,35,Chandigarh,Night,Weekday,Desserts,Lunch,Budget,302,Yes,78,6,5,Yes,Celebrating,Medium,Friends,Yes
47859,3631,41,Hyderabad,Night,Weekday,South Indian,Snacks,Premium,867,Yes,98,13,4,No,Stressed,Medium,Family,No
47860,3452,18,Mumbai,Night,Weekend,South Indian,Dinner,Premium,818,Yes,96,6,5,Yes,Lazy,Medium,Partner,Yes
47861,1387,38,Pune,Night,Weekday,Chinese,Snacks,Budget,595,No,48,2,3,Yes,Celebrating,Medium,Friends,Yes
47862,1747,20,Hyderabad,Night,Weekday,Biryani,Dinner,Premium,581,Yes,95,10,1,No,Celebrating,Medium,Friends,No
47863,3181,24,Pune,Evening,Weekday,North Indian,Breakfast,Budget,341,Yes,72,5,5,No,Lazy,Medium,Family,No
47864,1208,31,Chandigarh,Afternoon,Weekend,Desserts,Dinner,Mid-range,983,No,59,11,5,Yes,Stressed,High,Friends,Yes
47865,4550,19,Bangalore,Night,Weekday,North Indian,Breakfast,Premium,120,Yes,65,9,2,Yes,Lazy,High,Partner,No
47866,2126,29,Hyderabad,Morning,Weekend,North Indian,Lunch,Premium,348,Yes,65,11,5,Yes,Lazy,Medium,Alone,No
47867,3027,38,Pune,Afternoon,Weekend,Chinese,Breakfast,Budget,875,Yes,60,2,4,No,Lazy,High,Partner,Yes
47868,2159,29,Pune,Afternoon,Weekday,South Indian,Lunch,Budget,233,No,69,4,5,Yes,Happy,High,Alone,Yes
47869,2074,24,Bangalore,Morning,Weekend,Chinese,Lunch,Mid-range,789,No,49,9,1,Yes,Lazy,Medium,Partner,Yes
47870,4771,37,Delhi,Morning,Weekend,North Indian,Lunch,Premium,579,Yes,62,7,4,No,Lazy,Low,Alone,No
47871,3282,42,Pune,Night,Weekday,North Indian,Breakfast,Budget,976,No,68,12,1,No,Stressed,Low,Family,Yes
47872,2684,26,Bangalore,Morning,Weekend,Chinese,Dinner,Budget,952,Yes,63,13,5,No,Happy,Low,Friends,Yes
47873,2242,32,Hyderabad,Night,Weekday,Fast Food,Snacks,Premium,678,Yes,65,12,5,Yes,Stressed,Low,Family,Yes
47874,4350,31,Bangalore,Evening,Weekend,Fast Food,Dinner,Budget,156,Yes,72,4,5,No,Celebrating,Medium,Partner,Yes
47875,1284,28,Chandigarh,Evening,Weekend,North Indian,Snacks,Budget,542,No,60,12,2,Yes,Celebrating,Medium,Friends,No
47876,1532,39,Mumbai,Afternoon,Weekday,North Indian,Lunch,Budget,258,Yes,64,14,3,No,Celebrating,High,Partner,No
47877,2247,19,Delhi,Night,Weekday,Biryani,Breakfast,Budget,171,No,68,8,1,Yes,Celebrating,High,Friends,Yes
47878,1020,23,Hyderabad,Afternoon,Weekday,North Indian,Breakfast,Budget,791,No,82,13,4,Yes,Lazy,High,Alone,No
47879,3062,42,Bangalore,Evening,Weekday,South Indian,Breakfast,Mid-range,358,No,82,11,2,Yes,Happy,High,Alone,Yes
47880,2026,41,Delhi,Night,Weekday,Fast Food,Dinner,Premium,260,No,37,2,1,Yes,Celebrating,Low,Alone,No
47881,3591,41,Mumbai,Evening,Weekend,Chinese,Snacks,Mid-range,725,No,91,3,4,No,Happy,High,Partner,No
47882,1541,33,Pune,Night,Weekend,Desserts,Dinner,Budget,281,Yes,27,4,5,No,Happy,High,Partner,No
47883,2134,21,Delhi,Evening,Weekday,Desserts,Breakfast,Budget,650,Yes,29,12,3,Yes,Lazy,Low,Alone,No
47884,4829,41,Pune,Evening,Weekend,Chinese,Dinner,Mid-range,318,Yes,56,6,5,Yes,Lazy,Medium,Family,Yes
47885,3515,33,Chandigarh,Afternoon,Weekend,Fast Food,Breakfast,Budget,529,Yes,30,10,5,Yes,Celebrating,High,Family,Yes
47886,3149,20,Mumbai,Evening,Weekday,North Indian,Breakfast,Mid-range,663,Yes,28,4,2,No,Celebrating,Low,Friends,Yes
47887,3736,24,Mumbai,Afternoon,Weekday,North Indian,Breakfast,Budget,681,No,93,10,3,Yes,Lazy,High,Family,No
47888,1804,18,Pune,Morning,Weekend,Desserts,Snacks,Premium,250,No,82,12,1,Yes,Happy,High,Friends,No
47889,2287,40,Bangalore,Afternoon,Weekend,North Indian,Breakfast,Budget,714,No,63,4,2,No,Happy,Medium,Family,No
47890,2742,36,Delhi,Afternoon,Weekend,South Indian,Breakfast,Premium,640,Yes,70,2,1,No,Stressed,High,Friends,No
47891,4000,18,Hyderabad,Night,Weekend,Desserts,Snacks,Mid-range,278,Yes,67,8,2,Yes,Lazy,Low,Partner,No
47892,2043,31,Delhi,Night,Weekend,Desserts,Snacks,Mid-range,134,Yes,39,11,4,Yes,Celebrating,Low,Family,Yes
47893,1669,22,Delhi,Evening,Weekend,Biryani,Snacks,Premium,851,No,72,8,2,No,Happy,Low,Alone,Yes
47894,4872,43,Mumbai,Night,Weekend,Fast Food,Lunch,Budget,520,Yes,27,9,1,Yes,Happy,Medium,Friends,Yes
47895,2315,37,Hyderabad,Afternoon,Weekend,Desserts,Snacks,Mid-range,805,No,51,6,1,No,Lazy,Low,Alone,No
47896,3646,18,Chandigarh,Morning,Weekday,North Indian,Dinner,Budget,380,Yes,31,14,4,Yes,Celebrating,Medium,Partner,No
47897,2531,43,Hyderabad,Night,Weekend,South Indian,Dinner,Premium,588,Yes,78,11,3,No,Stressed,Low,Family,Yes
47898,3632,34,Chandigarh,Night,Weekday,South Indian,Breakfast,Mid-range,212,No,83,14,1,No,Lazy,High,Alone,Yes
47899,3363,37,Delhi,Evening,Weekday,Fast Food,Breakfast,Mid-range,827,Yes,71,8,5,No,Lazy,Low,Friends,Yes
47900,4164,22,Bangalore,Afternoon,Weekday,Fast Food,Lunch,Mid-range,142,Yes,71,9,2,No,Stressed,High,Partner,Yes
47901,2666,20,Mumbai,Night,Weekday,Fast Food,Breakfast,Mid-range,223,No,88,2,4,No,Stressed,Low,Partner,No
47902,4178,22,Chandigarh,Morning,Weekday,Chinese,Dinner,Mid-range,394,No,21,7,4,Yes,Stressed,Medium,Partner,Yes
47903,4118,31,Hyderabad,Night,Weekday,Biryani,Snacks,Premium,270,No,35,3,4,Yes,Stressed,Medium,Partner,Yes
47904,3065,25,Delhi,Night,Weekend,Desserts,Breakfast,Mid-range,387,No,49,8,4,Yes,Celebrating,Medium,Friends,No
47905,1350,19,Bangalore,Afternoon,Weekend,Biryani,Dinner,Budget,726,No,33,12,5,No,Happy,Medium,Partner,Yes
47906,3596,28,Hyderabad,Evening,Weekend,Chinese,Lunch,Mid-range,973,Yes,70,13,2,Yes,Stressed,Low,Alone,No
47907,2042,27,Chandigarh,Evening,Weekend,Fast Food,Lunch,Budget,197,No,48,3,2,No,Celebrating,Low,Partner,Yes
47908,1601,35,Mumbai,Morning,Weekend,Chinese,Breakfast,Mid-range,212,No,26,10,3,Yes,Lazy,Medium,Friends,No
47909,4862,21,Mumbai,Evening,Weekend,Chinese,Dinner,Premium,478,No,50,11,4,No,Lazy,High,Family,Yes
47910,1701,44,Hyderabad,Evening,Weekday,Chinese,Dinner,Budget,783,Yes,34,14,2,Yes,Stressed,Medium,Family,No
47911,4638,20,Pune,Evening,Weekend,Fast Food,Lunch,Mid-range,800,Yes,75,8,5,Yes,Stressed,Low,Friends,Yes
47912,3934,32,Mumbai,Morning,Weekday,Biryani,Breakfast,Mid-range,393,No,49,6,3,Yes,Stressed,Low,Alone,Yes
47913,2796,25,Hyderabad,Night,Weekday,Desserts,Lunch,Premium,670,Yes,87,1,4,No,Lazy,Medium,Friends,Yes
47914,3504,24,Chandigarh,Morning,Weekend,North Indian,Lunch,Premium,151,No,72,7,1,Yes,Lazy,Medium,Friends,Yes
47915,1996,41,Hyderabad,Night,Weekday,North Indian,Breakfast,Budget,169,Yes,75,10,3,Yes,Stressed,Medium,Family,No
47916,4181,26,Pune,Morning,Weekday,Chinese,Lunch,Premium,921,Yes,27,7,4,Yes,Stressed,Medium,Friends,Yes
47917,1721,38,Pune,Night,Weekday,North Indian,Dinner,Mid-range,709,No,55,1,5,Yes,Lazy,High,Alone,No
47918,3618,23,Hyderabad,Night,Weekend,Biryani,Lunch,Budget,305,No,23,12,4,Yes,Stressed,High,Alone,No
47919,1944,44,Mumbai,Night,Weekend,Chinese,Lunch,Premium,703,No,90,14,3,No,Happy,Medium,Partner,No
47920,4463,38,Bangalore,Night,Weekday,South Indian,Breakfast,Premium,778,No,92,4,5,Yes,Celebrating,Medium,Family,No
47921,3303,38,Delhi,Afternoon,Weekday,Fast Food,Lunch,Premium,825,No,47,2,5,Yes,Stressed,Low,Friends,No
47922,4072,19,Hyderabad,Morning,Weekend,North Indian,Snacks,Budget,646,No,89,6,5,Yes,Lazy,Low,Alone,Yes
47923,2269,24,Mumbai,Night,Weekend,Chinese,Lunch,Budget,977,No,22,1,1,No,Celebrating,Low,Alone,No
47924,1440,37,Bangalore,Morning,Weekday,South Indian,Dinner,Premium,997,Yes,42,11,2,Yes,Lazy,High,Friends,No
47925,2730,44,Hyderabad,Morning,Weekday,Desserts,Dinner,Budget,813,Yes,28,9,5,No,Stressed,Medium,Family,No
47926,1509,44,Hyderabad,Afternoon,Weekday,Desserts,Breakfast,Budget,715,Yes,55,5,5,No,Lazy,Low,Partner,No
47927,2656,39,Hyderabad,Night,Weekend,Chinese,Breakfast,Mid-range,875,Yes,27,13,2,Yes,Stressed,Medium,Family,No
47928,4953,19,Mumbai,Afternoon,Weekend,South Indian,Dinner,Mid-range,584,No,59,11,5,No,Happy,Low,Friends,No
47929,1418,42,Bangalore,Afternoon,Weekend,Desserts,Dinner,Budget,923,No,83,11,2,Yes,Lazy,Medium,Friends,Yes
47930,4703,41,Mumbai,Evening,Weekend,Fast Food,Dinner,Mid-range,699,Yes,96,14,5,Yes,Lazy,Low,Partner,No
47931,1388,19,Chandigarh,Afternoon,Weekday,Chinese,Dinner,Premium,581,Yes,95,7,5,Yes,Stressed,Low,Alone,No
47932,2864,29,Hyderabad,Night,Weekend,Chinese,Breakfast,Mid-range,358,No,97,5,3,No,Stressed,High,Partner,Yes
47933,1445,39,Mumbai,Evening,Weekend,Fast Food,Dinner,Budget,209,No,69,5,5,No,Happy,High,Partner,Yes
47934,3987,19,Hyderabad,Morning,Weekday,South Indian,Breakfast,Premium,251,No,49,4,2,No,Lazy,High,Alone,Yes
47935,2702,43,Mumbai,Morning,Weekend,South Indian,Snacks,Mid-range,820,No,56,1,5,No,Stressed,High,Family,No
47936,3532,42,Pune,Morning,Weekend,North Indian,Breakfast,Premium,523,No,94,2,4,Yes,Happy,High,Friends,No
47937,3642,19,Chandigarh,Night,Weekend,South Indian,Lunch,Premium,810,Yes,71,7,2,Yes,Lazy,High,Partner,No
47938,4336,34,Pune,Morning,Weekday,Desserts,Lunch,Mid-range,514,Yes,33,8,5,No,Celebrating,Medium,Family,Yes
47939,3287,27,Mumbai,Morning,Weekday,Desserts,Lunch,Premium,978,No,46,10,2,No,Lazy,Medium,Alone,Yes
47940,2172,44,Chandigarh,Night,Weekday,South Indian,Snacks,Mid-range,665,Yes,34,12,3,Yes,Lazy,Low,Family,No
47941,1955,18,Bangalore,Evening,Weekday,South Indian,Breakfast,Budget,277,Yes,27,7,4,No,Lazy,Medium,Friends,Yes
47942,4060,44,Mumbai,Evening,Weekday,Fast Food,Breakfast,Mid-range,321,No,69,2,4,No,Celebrating,Low,Partner,Yes
47943,1799,30,Bangalore,Afternoon,Weekday,Fast Food,Breakfast,Budget,324,Yes,34,5,5,No,Stressed,High,Partner,Yes
47944,3059,23,Pune,Night,Weekday,North Indian,Dinner,Premium,257,No,65,12,5,Yes,Stressed,Low,Friends,No
47945,2134,28,Delhi,Night,Weekday,South Indian,Snacks,Premium,191,Yes,31,4,2,Yes,Stressed,High,Family,No
47946,2646,21,Bangalore,Night,Weekend,Desserts,Snacks,Mid-range,975,No,45,5,5,No,Happy,Medium,Alone,No
47947,1763,27,Bangalore,Afternoon,Weekend,Fast Food,Breakfast,Mid-range,760,Yes,52,11,3,Yes,Lazy,Medium,Partner,No
47948,3252,27,Mumbai,Evening,Weekday,Biryani,Snacks,Premium,177,Yes,30,11,4,Yes,Celebrating,High,Alone,No
47949,3623,18,Delhi,Afternoon,Weekend,North Indian,Lunch,Mid-range,304,Yes,96,7,2,Yes,Happy,High,Partner,Yes
47950,4366,35,Chandigarh,Night,Weekend,Desserts,Lunch,Premium,298,Yes,24,9,3,Yes,Lazy,Low,Partner,Yes
47951,2153,21,Pune,Morning,Weekday,South Indian,Dinner,Premium,521,Yes,33,3,2,Yes,Lazy,Low,Partner,Yes
47952,4132,43,Delhi,Afternoon,Weekend,Desserts,Lunch,Premium,498,No,63,3,1,Yes,Happy,High,Partner,No
47953,2044,23,Hyderabad,Afternoon,Weekday,Chinese,Snacks,Premium,985,Yes,30,6,4,Yes,Happy,High,Family,No
47954,3785,43,Bangalore,Morning,Weekday,Desserts,Breakfast,Premium,209,No,93,8,4,No,Lazy,High,Partner,No
47955,3494,18,Delhi,Morning,Weekday,Desserts,Lunch,Mid-range,533,No,54,12,1,No,Lazy,High,Partner,No
47956,2314,30,Chandigarh,Morning,Weekend,Chinese,Dinner,Premium,561,Yes,25,2,2,Yes,Happy,Low,Family,Yes
47957,4445,41,Pune,Night,Weekend,Fast Food,Dinner,Mid-range,632,Yes,55,12,3,No,Stressed,Medium,Partner,Yes
47958,1405,25,Delhi,Evening,Weekday,North Indian,Lunch,Mid-range,286,Yes,59,13,5,Yes,Celebrating,High,Partner,Yes
47959,2679,33,Mumbai,Evening,Weekend,Desserts,Breakfast,Budget,875,No,57,11,4,No,Celebrating,Medium,Partner,Yes
47960,2353,34,Hyderabad,Afternoon,Weekend,Fast Food,Dinner,Premium,454,Yes,71,14,1,No,Lazy,Low,Alone,Yes
47961,2922,19,Pune,Evening,Weekday,South Indian,Lunch,Budget,639,No,88,9,3,No,Lazy,High,Family,No
47962,2736,27,Pune,Afternoon,Weekday,South Indian,Dinner,Premium,272,Yes,73,5,3,Yes,Celebrating,Medium,Partner,No
47963,3264,18,Hyderabad,Afternoon,Weekend,Biryani,Lunch,Premium,478,No,68,7,5,No,Stressed,Low,Alone,Yes
47964,4963,27,Pune,Afternoon,Weekday,Fast Food,Dinner,Premium,235,No,93,10,2,No,Stressed,Medium,Friends,No
47965,4930,32,Chandigarh,Evening,Weekend,Desserts,Snacks,Budget,806,Yes,75,13,5,Yes,Stressed,High,Partner,Yes
47966,4291,28,Pune,Evening,Weekend,Chinese,Snacks,Mid-range,198,Yes,77,1,5,No,Celebrating,High,Partner,Yes
47967,4860,31,Mumbai,Evening,Weekend,Desserts,Dinner,Mid-range,262,No,86,9,4,Yes,Lazy,Low,Alone,No
47968,4723,28,Chandigarh,Morning,Weekday,South Indian,Snacks,Mid-range,174,No,75,6,4,No,Celebrating,Low,Family,No
47969,4310,38,Bangalore,Evening,Weekend,Fast Food,Lunch,Budget,137,Yes,56,14,4,No,Stressed,Medium,Family,Yes
47970,2592,44,Chandigarh,Morning,Weekend,North Indian,Lunch,Premium,690,Yes,99,8,4,Yes,Happy,Low,Friends,No
47971,4368,23,Hyderabad,Morning,Weekday,South Indian,Snacks,Budget,875,No,47,6,4,Yes,Happy,Low,Alone,Yes
47972,2947,32,Mumbai,Evening,Weekday,Chinese,Lunch,Mid-range,296,No,67,14,4,No,Celebrating,Low,Friends,No
47973,3470,43,Hyderabad,Night,Weekday,South Indian,Lunch,Premium,314,Yes,69,2,4,No,Lazy,Medium,Family,Yes
47974,3643,44,Mumbai,Morning,Weekend,Biryani,Snacks,Mid-range,519,No,65,14,5,No,Happy,Medium,Friends,Yes
47975,1413,32,Chandigarh,Afternoon,Weekday,South Indian,Dinner,Premium,162,No,50,12,5,Yes,Celebrating,Medium,Family,Yes
47976,2569,42,Mumbai,Afternoon,Weekend,Chinese,Lunch,Premium,517,Yes,43,3,3,Yes,Stressed,Medium,Partner,Yes
47977,3013,37,Hyderabad,Evening,Weekend,Desserts,Breakfast,Budget,488,Yes,91,13,4,Yes,Happy,High,Partner,No
47978,4331,28,Delhi,Evening,Weekday,North Indian,Dinner,Budget,289,No,89,11,1,No,Celebrating,Low,Alone,Yes
47979,1058,35,Mumbai,Evening,Weekday,Desserts,Breakfast,Premium,418,Yes,47,12,5,No,Lazy,Medium,Partner,No
47980,2370,44,Chandigarh,Night,Weekend,Desserts,Breakfast,Mid-range,243,Yes,98,2,5,Yes,Stressed,Medium,Alone,Yes
47981,1063,37,Pune,Morning,Weekday,Biryani,Dinner,Mid-range,495,Yes,42,4,4,No,Happy,Low,Family,Yes
47982,1063,39,Mumbai,Morning,Weekday,North Indian,Snacks,Premium,172,No,46,3,4,Yes,Celebrating,Medium,Friends,Yes
47983,2706,30,Mumbai,Afternoon,Weekday,Biryani,Snacks,Budget,588,Yes,97,2,2,Yes,Stressed,Low,Alone,Yes
47984,1453,31,Mumbai,Night,Weekday,North Indian,Lunch,Mid-range,491,No,55,1,5,Yes,Lazy,High,Partner,Yes
47985,2099,44,Bangalore,Afternoon,Weekday,Chinese,Dinner,Budget,391,No,54,7,5,Yes,Stressed,Low,Family,No
47986,2600,27,Chandigarh,Evening,Weekday,North Indian,Breakfast,Budget,451,No,27,4,4,Yes,Lazy,Low,Partner,No
47987,3691,34,Chandigarh,Afternoon,Weekend,Desserts,Breakfast,Mid-range,366,No,85,11,3,Yes,Lazy,Low,Partner,No
47988,1728,40,Bangalore,Night,Weekend,Chinese,Dinner,Mid-range,173,No,64,5,4,Yes,Celebrating,High,Partner,Yes
47989,3068,21,Mumbai,Morning,Weekend,South Indian,Breakfast,Premium,137,Yes,45,1,5,No,Lazy,Medium,Friends,No
47990,4518,29,Delhi,Night,Weekend,South Indian,Snacks,Budget,453,Yes,70,10,2,No,Stressed,Medium,Partner,No
47991,2144,44,Delhi,Morning,Weekend,North Indian,Snacks,Mid-range,250,Yes,87,8,4,Yes,Happy,High,Alone,Yes
47992,2033,36,Pune,Night,Weekday,Chinese,Snacks,Mid-range,937,Yes,88,5,3,No,Stressed,Low,Partner,Yes
47993,2019,38,Hyderabad,Morning,Weekday,Biryani,Lunch,Mid-range,120,No,65,14,2,Yes,Lazy,Medium,Partner,No
47994,4062,43,Pune,Morning,Weekday,Biryani,Snacks,Budget,732,Yes,22,7,1,Yes,Lazy,Medium,Family,Yes
47995,4363,40,Pune,Night,Weekday,Desserts,Lunch,Premium,486,Yes,51,1,1,Yes,Stressed,Medium,Family,Yes
47996,1771,33,Bangalore,Afternoon,Weekend,Chinese,Breakfast,Mid-range,222,No,68,9,2,No,Lazy,Medium,Partner,Yes
47997,2450,44,Delhi,Afternoon,Weekend,Chinese,Dinner,Budget,852,No,28,2,3,Yes,Lazy,Medium,Friends,No
47998,3940,25,Hyderabad,Night,Weekday,South Indian,Dinner,Budget,872,Yes,97,13,2,Yes,Celebrating,Low,Alone,Yes
47999,3706,36,Chandigarh,Night,Weekday,South Indian,Dinner,Premium,580,Yes,47,11,5,Yes,Lazy,Medium,Alone,No
48000,4062,44,Pune,Afternoon,Weekday,North Indian,Lunch,Premium,973,No,55,10,1,No,Celebrating,Low,Partner,Yes
48001,2536,27,Chandigarh,Evening,Weekday,Desserts,Lunch,Mid-range,138,Yes,89,8,5,No,Lazy,Low,Family,No
48002,4296,43,Hyderabad,Evening,Weekend,Desserts,Breakfast,Budget,688,Yes,28,9,5,No,Celebrating,High,Friends,Yes
48003,3671,37,Hyderabad,Night,Weekend,Desserts,Snacks,Budget,407,Yes,73,2,2,No,Celebrating,High,Family,No
48004,3009,24,Pune,Morning,Weekend,Biryani,Lunch,Mid-range,544,Yes,92,12,3,Yes,Celebrating,Low,Partner,No
48005,3959,29,Delhi,Night,Weekday,Biryani,Dinner,Budget,972,No,30,3,4,No,Stressed,High,Alone,Yes
48006,3612,33,Bangalore,Afternoon,Weekend,Chinese,Snacks,Mid-range,309,No,25,10,4,No,Stressed,High,Friends,No
48007,1965,19,Hyderabad,Night,Weekend,Biryani,Dinner,Budget,123,No,58,12,4,Yes,Celebrating,Medium,Alone,Yes
48008,2879,24,Bangalore,Afternoon,Weekday,Chinese,Lunch,Budget,636,Yes,43,3,2,Yes,Happy,Medium,Friends,Yes
48009,3929,27,Delhi,Evening,Weekday,Chinese,Breakfast,Mid-range,144,Yes,90,5,4,Yes,Celebrating,Low,Alone,No
48010,1609,33,Bangalore,Night,Weekend,North Indian,Lunch,Mid-range,249,Yes,58,1,3,Yes,Stressed,Low,Partner,Yes
48011,3242,24,Hyderabad,Morning,Weekday,South Indian,Dinner,Mid-range,144,No,31,9,3,No,Celebrating,Low,Friends,No
48012,1213,21,Chandigarh,Evening,Weekend,Chinese,Lunch,Mid-range,395,Yes,66,12,5,Yes,Happy,Low,Friends,Yes
48013,2800,43,Delhi,Afternoon,Weekday,South Indian,Snacks,Premium,980,Yes,75,11,3,No,Stressed,Medium,Partner,Yes
48014,3976,41,Pune,Afternoon,Weekend,Biryani,Dinner,Mid-range,499,Yes,33,13,5,No,Happy,Medium,Friends,No
48015,3308,40,Chandigarh,Night,Weekday,South Indian,Snacks,Premium,258,Yes,42,4,1,Yes,Lazy,High,Family,No
48016,3172,20,Hyderabad,Evening,Weekday,Fast Food,Dinner,Mid-range,595,No,96,3,5,Yes,Stressed,High,Friends,Yes
48017,1254,28,Pune,Morning,Weekend,Chinese,Lunch,Mid-range,800,No,97,5,4,Yes,Celebrating,Low,Friends,No
48018,1441,33,Chandigarh,Night,Weekday,Chinese,Breakfast,Mid-range,259,Yes,77,7,5,No,Celebrating,Low,Partner,No
48019,1441,25,Chandigarh,Night,Weekend,North Indian,Dinner,Premium,303,No,34,14,5,Yes,Happy,Medium,Alone,No
48020,3716,36,Bangalore,Night,Weekend,Fast Food,Dinner,Premium,373,Yes,24,7,3,Yes,Stressed,Medium,Partner,No
48021,1333,34,Delhi,Evening,Weekday,Biryani,Dinner,Mid-range,281,No,31,10,4,Yes,Happy,Medium,Family,No
48022,4230,22,Mumbai,Afternoon,Weekend,Chinese,Dinner,Premium,384,No,86,1,5,Yes,Celebrating,High,Family,Yes
48023,2111,44,Chandigarh,Afternoon,Weekday,Chinese,Lunch,Mid-range,423,No,97,6,1,No,Happy,Low,Partner,Yes
48024,3564,41,Pune,Evening,Weekend,North Indian,Dinner,Premium,923,No,37,5,3,No,Celebrating,Low,Alone,Yes
48025,2791,28,Chandigarh,Evening,Weekday,Chinese,Snacks,Budget,362,Yes,40,14,3,No,Celebrating,High,Partner,No
48026,1580,37,Mumbai,Morning,Weekend,North Indian,Dinner,Mid-range,105,Yes,23,6,3,No,Celebrating,High,Friends,No
48027,1105,24,Mumbai,Afternoon,Weekday,Chinese,Breakfast,Mid-range,253,Yes,88,3,2,Yes,Celebrating,High,Partner,Yes
48028,4690,32,Pune,Night,Weekend,North Indian,Lunch,Budget,476,No,91,7,2,Yes,Stressed,High,Alone,Yes
48029,1085,34,Pune,Morning,Weekend,Chinese,Lunch,Premium,962,Yes,69,7,2,No,Lazy,Medium,Partner,No
48030,2922,42,Mumbai,Afternoon,Weekend,North Indian,Snacks,Budget,316,No,61,4,3,No,Lazy,High,Friends,Yes
48031,1309,33,Pune,Afternoon,Weekday,Fast Food,Dinner,Premium,835,Yes,29,7,2,Yes,Happy,Low,Alone,No
48032,1083,28,Pune,Evening,Weekday,North Indian,Lunch,Mid-range,500,No,84,1,2,No,Stressed,Medium,Friends,No
48033,4590,42,Hyderabad,Morning,Weekday,Desserts,Lunch,Mid-range,668,Yes,23,2,4,Yes,Happy,Low,Partner,Yes
48034,3848,21,Delhi,Morning,Weekday,Desserts,Breakfast,Mid-range,827,No,76,4,1,Yes,Celebrating,Medium,Alone,No
48035,2335,43,Mumbai,Night,Weekday,Desserts,Snacks,Mid-range,928,No,38,4,5,No,Celebrating,Medium,Alone,No
48036,4294,37,Bangalore,Evening,Weekday,South Indian,Dinner,Premium,414,Yes,84,2,1,Yes,Lazy,High,Family,No
48037,3811,40,Mumbai,Morning,Weekend,South Indian,Breakfast,Mid-range,501,Yes,88,10,1,No,Happy,Low,Family,Yes
48038,2585,41,Pune,Evening,Weekday,North Indian,Breakfast,Mid-range,840,Yes,44,10,1,No,Happy,Low,Partner,Yes
48039,2954,33,Mumbai,Evening,Weekday,Biryani,Breakfast,Premium,807,Yes,55,13,5,No,Happy,Low,Friends,Yes
48040,1946,19,Hyderabad,Afternoon,Weekend,Biryani,Dinner,Budget,129,No,29,8,5,Yes,Lazy,Low,Partner,Yes
48041,3618,44,Bangalore,Morning,Weekday,Desserts,Dinner,Mid-range,950,No,53,2,2,Yes,Happy,Medium,Family,No
48042,3792,32,Mumbai,Afternoon,Weekend,Desserts,Dinner,Mid-range,595,Yes,62,13,2,No,Lazy,High,Partner,No
48043,3622,38,Bangalore,Evening,Weekday,Chinese,Dinner,Premium,791,No,66,6,1,No,Happy,Low,Friends,Yes
48044,4595,24,Hyderabad,Afternoon,Weekday,Chinese,Breakfast,Budget,248,No,82,2,2,No,Celebrating,Low,Alone,Yes
48045,4734,29,Bangalore,Night,Weekend,Desserts,Lunch,Premium,896,Yes,36,7,4,Yes,Stressed,Low,Partner,No
48046,1492,38,Pune,Afternoon,Weekday,Chinese,Snacks,Premium,219,Yes,94,2,5,No,Stressed,High,Partner,Yes
48047,2782,25,Bangalore,Evening,Weekday,Desserts,Breakfast,Mid-range,402,No,44,7,4,No,Celebrating,High,Alone,Yes
48048,3821,41,Chandigarh,Night,Weekend,Desserts,Breakfast,Premium,740,No,23,1,3,Yes,Lazy,Medium,Friends,Yes
48049,1568,26,Hyderabad,Morning,Weekend,South Indian,Snacks,Mid-range,798,Yes,88,11,4,No,Happy,Low,Alone,Yes
48050,2208,18,Hyderabad,Night,Weekday,Desserts,Lunch,Budget,623,Yes,86,12,1,Yes,Happy,Low,Alone,Yes
48051,2426,29,Bangalore,Night,Weekday,Fast Food,Dinner,Budget,761,No,49,2,5,No,Celebrating,High,Alone,No
48052,3986,23,Mumbai,Night,Weekend,Biryani,Snacks,Budget,995,No,84,6,2,No,Lazy,High,Family,No
48053,4580,19,Mumbai,Morning,Weekday,Chinese,Dinner,Budget,338,Yes,92,6,1,Yes,Happy,High,Alone,Yes
48054,3493,28,Mumbai,Night,Weekday,Desserts,Dinner,Premium,883,Yes,98,8,5,Yes,Celebrating,Low,Alone,No
48055,3078,39,Bangalore,Night,Weekend,Chinese,Snacks,Mid-range,332,Yes,85,5,5,Yes,Celebrating,High,Friends,Yes
48056,3704,39,Mumbai,Night,Weekday,Desserts,Breakfast,Mid-range,515,Yes,89,3,2,No,Stressed,High,Partner,Yes
48057,3935,33,Bangalore,Afternoon,Weekend,South Indian,Lunch,Budget,740,No,65,6,4,No,Celebrating,Medium,Alone,No
48058,3292,27,Hyderabad,Night,Weekend,Biryani,Breakfast,Premium,796,Yes,21,5,5,Yes,Stressed,Medium,Partner,Yes
48059,3128,18,Bangalore,Night,Weekday,Chinese,Lunch,Mid-range,303,Yes,30,1,5,Yes,Stressed,High,Alone,No
48060,3952,34,Chandigarh,Morning,Weekday,Biryani,Lunch,Premium,770,No,37,12,5,No,Celebrating,Low,Friends,Yes
48061,4948,25,Chandigarh,Evening,Weekend,Biryani,Breakfast,Mid-range,734,Yes,92,4,4,No,Happy,Low,Friends,Yes
48062,4823,34,Pune,Afternoon,Weekend,Biryani,Dinner,Mid-range,898,Yes,63,12,3,No,Stressed,Low,Partner,No
48063,2507,31,Pune,Afternoon,Weekend,South Indian,Breakfast,Mid-range,646,No,37,3,1,No,Stressed,High,Friends,No
48064,4245,38,Mumbai,Morning,Weekday,South Indian,Dinner,Premium,747,No,31,12,5,No,Lazy,Low,Alone,No
48065,3056,31,Hyderabad,Night,Weekday,North Indian,Lunch,Mid-range,510,Yes,59,1,1,Yes,Lazy,Low,Partner,Yes
48066,2041,34,Hyderabad,Evening,Weekday,Desserts,Dinner,Budget,707,No,51,2,1,No,Celebrating,Medium,Friends,Yes
48067,1880,35,Bangalore,Evening,Weekend,Fast Food,Lunch,Mid-range,781,Yes,76,8,2,No,Stressed,Medium,Alone,Yes
48068,2460,35,Chandigarh,Afternoon,Weekend,Biryani,Lunch,Premium,612,Yes,72,2,3,No,Happy,High,Friends,Yes
48069,2231,31,Chandigarh,Afternoon,Weekend,Fast Food,Snacks,Budget,237,No,46,6,1,Yes,Stressed,High,Friends,No
48070,3749,32,Chandigarh,Night,Weekend,South Indian,Dinner,Mid-range,628,No,56,12,1,Yes,Stressed,High,Partner,No
48071,3432,39,Pune,Evening,Weekend,South Indian,Breakfast,Mid-range,304,No,59,6,2,Yes,Celebrating,Low,Alone,No
48072,2220,43,Pune,Night,Weekend,Desserts,Breakfast,Mid-range,259,Yes,56,4,2,No,Stressed,Medium,Partner,Yes
48073,1252,40,Mumbai,Morning,Weekday,North Indian,Dinner,Budget,921,Yes,73,8,2,No,Stressed,Medium,Partner,No
48074,2860,37,Delhi,Morning,Weekday,Fast Food,Lunch,Premium,664,Yes,33,8,2,Yes,Lazy,Medium,Friends,Yes
48075,3882,29,Delhi,Morning,Weekend,South Indian,Snacks,Premium,115,No,21,14,4,No,Celebrating,Low,Family,No
48076,1837,33,Bangalore,Night,Weekday,Desserts,Dinner,Premium,945,No,58,2,4,No,Celebrating,Medium,Family,No
48077,2229,31,Hyderabad,Evening,Weekend,Biryani,Breakfast,Mid-range,961,No,29,14,2,Yes,Happy,High,Partner,No
48078,1760,43,Hyderabad,Morning,Weekday,South Indian,Breakfast,Premium,348,Yes,59,5,2,Yes,Happy,Medium,Friends,No
48079,3804,40,Pune,Evening,Weekday,Fast Food,Snacks,Mid-range,311,Yes,71,9,2,No,Stressed,Medium,Friends,No
48080,3734,28,Chandigarh,Evening,Weekend,Chinese,Breakfast,Mid-range,418,No,63,12,2,No,Lazy,Medium,Friends,No
48081,1837,22,Pune,Afternoon,Weekend,North Indian,Breakfast,Budget,125,Yes,83,13,4,No,Happy,High,Alone,No
48082,1350,39,Delhi,Morning,Weekday,South Indian,Breakfast,Budget,965,No,56,3,4,No,Stressed,High,Alone,No
48083,1715,42,Chandigarh,Night,Weekday,Fast Food,Breakfast,Mid-range,197,No,43,6,5,Yes,Celebrating,High,Friends,Yes
48084,4283,25,Chandigarh,Afternoon,Weekend,South Indian,Dinner,Budget,186,No,55,11,3,Yes,Celebrating,Low,Family,Yes
48085,4825,20,Hyderabad,Morning,Weekend,Fast Food,Dinner,Premium,533,Yes,67,6,2,No,Lazy,High,Alone,Yes
48086,1884,39,Bangalore,Night,Weekday,Biryani,Breakfast,Premium,961,No,23,8,1,No,Stressed,High,Family,Yes
48087,4380,23,Pune,Morning,Weekend,Biryani,Breakfast,Budget,653,No,33,14,1,No,Happy,High,Partner,Yes
48088,2625,26,Bangalore,Morning,Weekday,Chinese,Dinner,Mid-range,587,Yes,36,6,5,Yes,Happy,Low,Family,Yes
48089,1810,43,Hyderabad,Night,Weekday,Desserts,Lunch,Premium,915,Yes,60,3,5,Yes,Happy,Medium,Friends,No
48090,4269,30,Mumbai,Afternoon,Weekend,North Indian,Dinner,Premium,712,Yes,29,8,5,Yes,Lazy,High,Family,No
48091,3466,36,Hyderabad,Morning,Weekday,Desserts,Snacks,Mid-range,466,Yes,89,6,3,Yes,Happy,High,Alone,Yes
48092,4838,26,Hyderabad,Morning,Weekend,Desserts,Dinner,Mid-range,495,No,64,1,1,No,Lazy,Medium,Friends,Yes
48093,1693,41,Pune,Afternoon,Weekday,Biryani,Dinner,Mid-range,468,No,93,2,3,No,Lazy,Medium,Partner,No
48094,2957,22,Bangalore,Afternoon,Weekend,North Indian,Snacks,Budget,836,Yes,44,11,4,No,Happy,Medium,Family,No
48095,3026,21,Chandigarh,Evening,Weekend,Fast Food,Lunch,Budget,810,Yes,70,2,2,Yes,Celebrating,High,Partner,No
48096,4247,26,Bangalore,Night,Weekend,North Indian,Dinner,Mid-range,291,No,31,4,2,Yes,Happy,Medium,Friends,No
48097,2441,19,Chandigarh,Afternoon,Weekend,South Indian,Lunch,Mid-range,172,No,76,8,5,Yes,Happy,Low,Friends,Yes
48098,2235,18,Delhi,Morning,Weekday,Fast Food,Dinner,Mid-range,904,No,79,14,3,No,Lazy,High,Partner,No
48099,3621,18,Mumbai,Morning,Weekday,South Indian,Lunch,Budget,640,Yes,74,5,5,No,Stressed,Medium,Partner,No
48100,3917,21,Pune,Morning,Weekend,Chinese,Breakfast,Mid-range,731,Yes,81,12,2,No,Stressed,Medium,Alone,Yes
48101,2316,24,Hyderabad,Night,Weekend,Chinese,Lunch,Mid-range,120,Yes,37,11,3,No,Lazy,Low,Partner,No
48102,3660,43,Delhi,Afternoon,Weekday,Fast Food,Lunch,Budget,685,No,44,1,4,No,Stressed,Medium,Friends,Yes
48103,4471,21,Pune,Morning,Weekday,Biryani,Lunch,Premium,463,No,98,8,3,Yes,Lazy,Low,Friends,Yes
48104,2905,39,Pune,Afternoon,Weekday,Chinese,Lunch,Mid-range,379,No,98,13,2,No,Happy,Low,Friends,Yes
48105,2511,37,Delhi,Morning,Weekend,Desserts,Dinner,Premium,133,No,88,14,2,No,Happy,Low,Friends,No
48106,3652,44,Delhi,Evening,Weekday,Desserts,Dinner,Premium,863,No,33,14,1,No,Stressed,Medium,Partner,No
48107,3539,41,Chandigarh,Afternoon,Weekday,North Indian,Lunch,Budget,617,No,58,7,4,Yes,Happy,Low,Partner,Yes
48108,3830,29,Chandigarh,Evening,Weekday,South Indian,Lunch,Premium,236,Yes,38,9,3,No,Stressed,High,Partner,Yes
48109,1544,25,Pune,Evening,Weekday,Fast Food,Lunch,Mid-range,332,Yes,94,6,2,Yes,Celebrating,High,Friends,No
48110,3642,30,Chandigarh,Evening,Weekend,Desserts,Dinner,Budget,629,No,62,9,3,No,Stressed,Medium,Alone,Yes
48111,1785,31,Bangalore,Afternoon,Weekday,Desserts,Breakfast,Premium,261,Yes,22,1,1,No,Happy,High,Partner,No
48112,3575,29,Delhi,Night,Weekend,Biryani,Lunch,Budget,398,No,68,8,4,Yes,Stressed,Low,Family,No
48113,2143,22,Chandigarh,Afternoon,Weekend,North Indian,Breakfast,Budget,643,Yes,33,10,4,No,Happy,High,Family,No
48114,2521,43,Chandigarh,Night,Weekday,Biryani,Dinner,Premium,204,No,69,11,1,Yes,Celebrating,High,Friends,Yes
48115,3340,21,Delhi,Afternoon,Weekend,Chinese,Snacks,Budget,390,Yes,81,6,3,No,Happy,Medium,Friends,Yes
48116,3216,27,Mumbai,Morning,Weekend,Chinese,Snacks,Mid-range,625,No,29,14,3,No,Celebrating,Low,Alone,Yes
48117,3317,37,Delhi,Night,Weekday,Desserts,Breakfast,Mid-range,999,Yes,49,3,5,No,Happy,Medium,Family,No
48118,3516,18,Bangalore,Night,Weekend,Biryani,Lunch,Premium,448,No,64,11,1,Yes,Celebrating,Medium,Family,No
48119,3330,27,Mumbai,Night,Weekend,South Indian,Snacks,Mid-range,185,No,24,3,5,Yes,Celebrating,High,Alone,No
48120,4752,26,Hyderabad,Morning,Weekend,Desserts,Dinner,Budget,761,Yes,90,3,4,No,Happy,Medium,Friends,Yes
48121,1441,29,Delhi,Evening,Weekday,South Indian,Breakfast,Budget,667,Yes,61,7,4,Yes,Stressed,Medium,Family,Yes
48122,2691,37,Pune,Evening,Weekday,Desserts,Snacks,Mid-range,138,Yes,73,9,5,No,Celebrating,Medium,Alone,Yes
48123,1740,42,Bangalore,Afternoon,Weekday,Fast Food,Dinner,Mid-range,817,Yes,43,9,4,No,Stressed,Medium,Partner,No
48124,3827,36,Pune,Night,Weekday,Desserts,Breakfast,Budget,731,Yes,51,2,2,No,Lazy,Low,Alone,No
48125,2950,26,Mumbai,Evening,Weekday,Fast Food,Breakfast,Premium,770,No,88,2,3,No,Stressed,High,Family,Yes
48126,1881,25,Mumbai,Morning,Weekday,Desserts,Dinner,Premium,320,No,35,3,3,No,Celebrating,Medium,Friends,Yes
48127,1814,43,Mumbai,Afternoon,Weekday,Desserts,Lunch,Mid-range,505,No,65,9,5,No,Lazy,Low,Friends,No
48128,1381,44,Pune,Afternoon,Weekend,Chinese,Snacks,Premium,407,Yes,23,7,3,No,Stressed,Medium,Alone,No
48129,2610,37,Hyderabad,Morning,Weekday,North Indian,Dinner,Mid-range,795,Yes,97,6,5,No,Celebrating,Low,Friends,No
48130,4792,31,Bangalore,Morning,Weekend,Desserts,Dinner,Premium,779,Yes,39,11,3,Yes,Stressed,High,Family,Yes
48131,2887,42,Chandigarh,Afternoon,Weekday,Desserts,Snacks,Budget,374,Yes,33,5,5,Yes,Stressed,Low,Family,Yes
48132,4976,18,Chandigarh,Morning,Weekday,Fast Food,Dinner,Premium,861,No,95,11,4,No,Celebrating,Low,Family,Yes
48133,2659,44,Pune,Morning,Weekend,Fast Food,Snacks,Mid-range,609,Yes,28,2,3,No,Stressed,Medium,Alone,No
48134,4749,42,Chandigarh,Morning,Weekday,Chinese,Snacks,Budget,258,Yes,30,12,2,No,Stressed,High,Friends,Yes
48135,4937,44,Hyderabad,Afternoon,Weekend,Fast Food,Breakfast,Mid-range,840,Yes,45,14,5,No,Stressed,High,Alone,Yes
48136,1628,36,Mumbai,Afternoon,Weekend,Desserts,Breakfast,Budget,854,No,93,1,4,No,Stressed,Medium,Partner,Yes
48137,1001,42,Bangalore,Morning,Weekend,Chinese,Dinner,Mid-range,730,No,90,1,1,No,Celebrating,High,Partner,Yes
48138,1362,35,Mumbai,Morning,Weekend,Desserts,Lunch,Budget,384,No,58,11,5,Yes,Lazy,Medium,Friends,No
48139,2979,22,Delhi,Morning,Weekday,North Indian,Lunch,Premium,560,No,73,14,4,Yes,Stressed,Medium,Alone,No
48140,4788,29,Pune,Evening,Weekend,Desserts,Lunch,Premium,179,No,63,14,1,Yes,Happy,High,Family,No
48141,3952,37,Delhi,Night,Weekend,North Indian,Snacks,Mid-range,475,Yes,76,6,1,Yes,Stressed,High,Friends,Yes
48142,2831,35,Chandigarh,Evening,Weekend,Desserts,Snacks,Mid-range,457,Yes,65,11,2,No,Celebrating,Low,Partner,Yes
48143,3251,26,Delhi,Night,Weekend,South Indian,Dinner,Mid-range,687,No,50,6,4,No,Lazy,Medium,Friends,No
48144,2628,41,Mumbai,Evening,Weekend,Biryani,Lunch,Premium,857,Yes,80,8,4,No,Lazy,Low,Family,Yes
48145,1526,31,Chandigarh,Evening,Weekend,North Indian,Lunch,Budget,672,No,40,14,2,No,Stressed,High,Alone,No
48146,2269,35,Chandigarh,Morning,Weekday,Chinese,Lunch,Budget,195,No,74,3,5,Yes,Lazy,Low,Alone,Yes
48147,3759,40,Delhi,Morning,Weekend,Biryani,Dinner,Premium,611,Yes,65,1,1,No,Happy,Low,Alone,No
48148,2734,41,Hyderabad,Afternoon,Weekday,Fast Food,Snacks,Mid-range,848,No,25,7,4,No,Lazy,High,Alone,Yes
48149,3551,40,Delhi,Afternoon,Weekday,Fast Food,Dinner,Budget,889,Yes,89,3,1,No,Lazy,High,Friends,No
48150,3829,32,Hyderabad,Afternoon,Weekday,Desserts,Dinner,Premium,164,Yes,25,14,3,No,Celebrating,High,Friends,No
48151,3392,21,Mumbai,Morning,Weekday,South Indian,Breakfast,Premium,206,Yes,61,1,3,No,Happy,High,Partner,Yes
48152,4695,39,Pune,Afternoon,Weekend,Biryani,Lunch,Mid-range,554,Yes,94,2,1,Yes,Stressed,Low,Family,Yes
48153,4427,40,Pune,Evening,Weekday,Desserts,Breakfast,Mid-range,501,Yes,65,7,3,No,Lazy,High,Friends,Yes
48154,2264,38,Bangalore,Evening,Weekend,South Indian,Dinner,Budget,759,Yes,73,5,4,No,Happy,Low,Partner,Yes
48155,3220,31,Mumbai,Night,Weekend,North Indian,Lunch,Mid-range,882,No,68,6,5,No,Stressed,High,Friends,No
48156,2206,19,Chandigarh,Afternoon,Weekend,Fast Food,Dinner,Mid-range,170,Yes,59,11,5,No,Lazy,Low,Partner,Yes
48157,2300,32,Bangalore,Evening,Weekday,Chinese,Breakfast,Mid-range,545,No,74,6,2,No,Lazy,Low,Family,Yes
48158,3455,35,Bangalore,Night,Weekday,Biryani,Breakfast,Premium,144,No,80,12,3,No,Stressed,High,Family,No
48159,2996,34,Delhi,Evening,Weekday,Fast Food,Breakfast,Budget,690,No,49,3,3,No,Lazy,Low,Alone,No
48160,2163,29,Pune,Morning,Weekday,North Indian,Breakfast,Budget,577,No,53,1,5,No,Lazy,Low,Friends,No
48161,4112,37,Mumbai,Morning,Weekday,Chinese,Snacks,Mid-range,156,Yes,44,3,1,Yes,Lazy,High,Partner,No
48162,3876,40,Hyderabad,Morning,Weekend,Fast Food,Snacks,Premium,170,No,94,10,5,No,Happy,Low,Alone,No
48163,4511,26,Delhi,Afternoon,Weekend,Biryani,Breakfast,Budget,638,No,24,13,5,Yes,Stressed,Low,Friends,Yes
48164,4221,21,Pune,Afternoon,Weekday,North Indian,Lunch,Budget,807,Yes,79,9,5,Yes,Happy,High,Partner,Yes
48165,4481,34,Bangalore,Afternoon,Weekday,North Indian,Dinner,Budget,504,Yes,65,10,5,Yes,Stressed,Medium,Partner,No
48166,3016,21,Chandigarh,Afternoon,Weekend,Biryani,Snacks,Budget,259,No,68,4,4,Yes,Stressed,Low,Partner,Yes
48167,1871,37,Pune,Morning,Weekday,Biryani,Dinner,Budget,778,No,59,3,1,Yes,Stressed,High,Friends,No
48168,1452,26,Delhi,Afternoon,Weekend,Desserts,Lunch,Mid-range,468,Yes,65,9,2,Yes,Happy,Low,Friends,No
48169,1228,44,Chandigarh,Night,Weekend,Chinese,Lunch,Budget,897,Yes,76,1,5,Yes,Celebrating,High,Alone,No
48170,1661,34,Bangalore,Morning,Weekend,Fast Food,Snacks,Budget,342,No,70,8,3,Yes,Happy,High,Friends,Yes
48171,1447,18,Mumbai,Morning,Weekend,Desserts,Snacks,Mid-range,986,No,31,12,5,No,Celebrating,Low,Family,No
48172,3288,27,Delhi,Morning,Weekend,Fast Food,Lunch,Budget,122,No,64,8,3,Yes,Happy,High,Friends,No
48173,1100,34,Chandigarh,Night,Weekday,North Indian,Breakfast,Mid-range,588,Yes,47,10,3,No,Lazy,Low,Friends,Yes
48174,1078,44,Chandigarh,Morning,Weekday,Desserts,Snacks,Premium,314,No,35,6,2,No,Stressed,High,Alone,No
48175,4087,24,Pune,Morning,Weekend,North Indian,Snacks,Premium,942,Yes,60,12,1,Yes,Celebrating,Low,Friends,No
48176,3646,26,Bangalore,Evening,Weekend,Biryani,Snacks,Premium,465,Yes,90,2,5,No,Stressed,High,Friends,No
48177,2787,37,Chandigarh,Morning,Weekend,Chinese,Lunch,Budget,397,No,58,5,1,No,Stressed,High,Family,Yes
48178,1448,26,Mumbai,Evening,Weekend,North Indian,Snacks,Premium,719,Yes,98,8,2,No,Happy,Low,Friends,No
48179,3849,21,Chandigarh,Morning,Weekend,Fast Food,Snacks,Mid-range,770,No,26,4,3,Yes,Lazy,Low,Alone,No
48180,3555,35,Pune,Morning,Weekend,Chinese,Breakfast,Mid-range,355,Yes,28,12,3,No,Stressed,Low,Family,Yes
48181,1300,32,Bangalore,Morning,Weekend,Chinese,Lunch,Mid-range,234,Yes,47,9,4,No,Happy,Low,Partner,No
48182,2624,20,Bangalore,Afternoon,Weekday,Fast Food,Breakfast,Premium,176,No,45,9,1,Yes,Stressed,Medium,Partner,Yes
48183,4014,32,Delhi,Afternoon,Weekend,Desserts,Snacks,Premium,853,Yes,91,12,2,No,Lazy,Medium,Family,Yes
48184,2583,42,Chandigarh,Night,Weekend,Chinese,Lunch,Mid-range,743,No,66,2,5,Yes,Stressed,Low,Friends,Yes
48185,2615,33,Hyderabad,Night,Weekend,Chinese,Snacks,Mid-range,596,Yes,75,6,1,No,Stressed,High,Friends,No
48186,2672,24,Chandigarh,Night,Weekday,Desserts,Breakfast,Mid-range,291,No,23,4,3,Yes,Happy,Low,Family,Yes
48187,2255,31,Hyderabad,Afternoon,Weekend,North Indian,Breakfast,Budget,684,Yes,58,14,2,Yes,Lazy,Low,Friends,Yes
48188,1042,23,Hyderabad,Evening,Weekday,North Indian,Lunch,Budget,725,Yes,48,14,1,No,Lazy,High,Friends,Yes
48189,4627,28,Bangalore,Night,Weekday,South Indian,Dinner,Mid-range,609,Yes,80,12,1,No,Happy,Medium,Family,No
48190,3413,26,Hyderabad,Night,Weekend,Desserts,Breakfast,Mid-range,100,Yes,73,1,2,No,Lazy,Medium,Friends,Yes
48191,4472,33,Bangalore,Evening,Weekend,Fast Food,Lunch,Premium,237,No,60,14,5,Yes,Stressed,Medium,Alone,No
48192,4133,41,Bangalore,Morning,Weekend,Desserts,Dinner,Mid-range,746,No,76,4,4,No,Stressed,High,Alone,No
48193,3517,28,Pune,Night,Weekday,Fast Food,Snacks,Mid-range,718,Yes,47,4,3,Yes,Celebrating,High,Alone,No
48194,1459,23,Pune,Morning,Weekday,South Indian,Snacks,Premium,731,Yes,35,13,2,Yes,Celebrating,Low,Partner,Yes
48195,3090,24,Bangalore,Night,Weekday,Desserts,Snacks,Mid-range,866,No,80,10,3,Yes,Celebrating,Medium,Alone,Yes
48196,1605,35,Bangalore,Morning,Weekend,South Indian,Lunch,Premium,944,No,95,2,5,No,Celebrating,High,Partner,Yes
48197,2439,20,Delhi,Morning,Weekend,Desserts,Dinner,Budget,443,No,44,8,3,Yes,Celebrating,Medium,Friends,No
48198,4153,43,Chandigarh,Morning,Weekday,South Indian,Snacks,Premium,515,Yes,64,4,2,No,Lazy,Low,Alone,Yes
48199,3499,26,Hyderabad,Evening,Weekday,Biryani,Snacks,Budget,488,Yes,76,8,5,No,Lazy,Medium,Family,No
48200,4779,33,Hyderabad,Evening,Weekday,North Indian,Dinner,Budget,106,Yes,81,9,1,No,Celebrating,Medium,Partner,Yes
48201,3427,33,Hyderabad,Evening,Weekday,Biryani,Dinner,Premium,420,No,51,14,1,No,Lazy,Low,Alone,No
48202,3898,21,Mumbai,Morning,Weekend,Fast Food,Breakfast,Premium,913,No,66,3,4,Yes,Lazy,Medium,Friends,Yes
48203,3172,21,Pune,Morning,Weekend,Chinese,Breakfast,Budget,780,Yes,31,10,5,Yes,Stressed,Low,Alone,No
48204,4535,34,Chandigarh,Evening,Weekend,Chinese,Lunch,Premium,893,No,83,10,1,No,Stressed,Medium,Friends,No
48205,3221,23,Chandigarh,Afternoon,Weekend,Biryani,Lunch,Premium,854,No,32,14,2,Yes,Stressed,High,Alone,Yes
48206,3730,29,Chandigarh,Evening,Weekday,Biryani,Breakfast,Mid-range,103,No,39,3,5,No,Celebrating,High,Partner,No
48207,1459,34,Delhi,Evening,Weekday,North Indian,Dinner,Premium,972,No,64,3,3,Yes,Happy,Low,Friends,Yes
48208,3268,26,Pune,Afternoon,Weekday,Desserts,Breakfast,Budget,924,No,28,9,1,No,Celebrating,High,Friends,Yes
48209,4965,32,Hyderabad,Morning,Weekday,North Indian,Dinner,Mid-range,942,No,21,13,5,Yes,Stressed,Low,Family,Yes
48210,3859,37,Mumbai,Afternoon,Weekday,Chinese,Lunch,Budget,373,Yes,45,14,5,No,Celebrating,High,Family,Yes
48211,2026,23,Bangalore,Night,Weekend,South Indian,Dinner,Budget,799,No,26,4,2,Yes,Stressed,High,Family,Yes
48212,2050,24,Hyderabad,Afternoon,Weekend,South Indian,Lunch,Premium,467,Yes,71,9,4,No,Lazy,Medium,Partner,No
48213,3640,38,Chandigarh,Night,Weekend,South Indian,Lunch,Premium,733,Yes,60,11,4,Yes,Lazy,High,Family,No
48214,1541,41,Mumbai,Night,Weekday,Chinese,Breakfast,Budget,637,Yes,85,3,4,Yes,Lazy,Low,Alone,Yes
48215,3150,22,Pune,Morning,Weekday,North Indian,Lunch,Mid-range,927,No,85,13,1,No,Stressed,Medium,Alone,Yes
48216,4028,27,Mumbai,Morning,Weekday,South Indian,Lunch,Mid-range,184,Yes,52,4,3,No,Stressed,Medium,Partner,Yes
48217,4370,32,Delhi,Evening,Weekend,North Indian,Dinner,Mid-range,724,No,82,4,2,Yes,Lazy,Medium,Family,No
48218,2768,30,Mumbai,Evening,Weekend,South Indian,Breakfast,Mid-range,127,No,98,14,4,Yes,Celebrating,High,Partner,Yes
48219,1884,28,Pune,Evening,Weekend,Biryani,Snacks,Budget,975,No,46,3,2,No,Celebrating,Low,Alone,Yes
48220,3049,23,Bangalore,Morning,Weekend,South Indian,Snacks,Budget,142,Yes,49,14,5,Yes,Stressed,High,Partner,Yes
48221,3522,21,Bangalore,Evening,Weekday,Chinese,Lunch,Mid-range,197,Yes,89,1,3,No,Celebrating,Low,Family,Yes
48222,1741,28,Hyderabad,Morning,Weekend,Fast Food,Breakfast,Premium,758,Yes,73,13,4,Yes,Celebrating,Low,Partner,Yes
48223,4413,24,Mumbai,Evening,Weekend,Fast Food,Snacks,Premium,408,No,38,2,2,No,Stressed,Low,Friends,Yes
48224,2324,22,Chandigarh,Night,Weekday,South Indian,Dinner,Budget,893,No,72,6,4,No,Lazy,High,Family,Yes
48225,1076,39,Bangalore,Morning,Weekday,Fast Food,Dinner,Budget,156,Yes,78,3,5,No,Stressed,High,Alone,Yes
48226,3045,41,Delhi,Afternoon,Weekend,Biryani,Breakfast,Budget,241,Yes,27,10,4,No,Stressed,Low,Friends,No
48227,4875,25,Pune,Night,Weekend,Fast Food,Dinner,Premium,499,Yes,80,9,2,Yes,Happy,Low,Family,No
48228,1280,20,Pune,Morning,Weekday,North Indian,Breakfast,Budget,823,No,85,9,4,Yes,Stressed,Low,Partner,Yes
48229,4187,25,Pune,Morning,Weekday,Chinese,Snacks,Premium,773,Yes,48,7,2,No,Celebrating,Low,Friends,No
48230,3615,37,Chandigarh,Morning,Weekend,Chinese,Dinner,Budget,481,No,39,12,2,Yes,Stressed,High,Family,No
48231,3961,33,Hyderabad,Afternoon,Weekend,Biryani,Breakfast,Mid-range,753,Yes,63,4,3,No,Happy,High,Partner,No
48232,2404,36,Delhi,Night,Weekend,Biryani,Breakfast,Mid-range,241,No,72,4,5,No,Stressed,High,Partner,Yes
48233,3476,33,Delhi,Evening,Weekday,Biryani,Lunch,Premium,316,No,53,5,4,Yes,Celebrating,High,Family,Yes
48234,4761,23,Mumbai,Evening,Weekend,North Indian,Dinner,Budget,237,Yes,25,7,2,Yes,Stressed,Medium,Alone,No
48235,3307,35,Mumbai,Evening,Weekend,Desserts,Snacks,Budget,297,No,83,4,1,No,Stressed,Low,Friends,Yes
48236,1356,27,Mumbai,Afternoon,Weekend,Chinese,Lunch,Budget,300,No,99,11,4,No,Celebrating,High,Alone,Yes
48237,4786,42,Pune,Evening,Weekend,Chinese,Dinner,Mid-range,750,No,27,8,2,No,Lazy,Low,Partner,Yes
48238,1059,39,Pune,Night,Weekend,Biryani,Breakfast,Mid-range,736,Yes,44,3,3,Yes,Happy,Medium,Alone,Yes
48239,4567,44,Chandigarh,Afternoon,Weekend,Fast Food,Snacks,Mid-range,257,Yes,33,8,5,Yes,Happy,Low,Friends,Yes
48240,2053,42,Mumbai,Afternoon,Weekend,Chinese,Lunch,Premium,670,Yes,92,11,1,Yes,Stressed,Low,Alone,No
48241,3744,37,Pune,Evening,Weekday,Desserts,Snacks,Mid-range,480,Yes,29,2,1,No,Celebrating,Low,Friends,No
48242,4179,34,Hyderabad,Morning,Weekend,Fast Food,Breakfast,Mid-range,461,No,86,7,2,Yes,Lazy,Medium,Friends,Yes
48243,3899,20,Chandigarh,Evening,Weekend,Fast Food,Snacks,Premium,293,No,81,6,3,Yes,Celebrating,Medium,Friends,Yes
48244,4357,21,Bangalore,Night,Weekday,South Indian,Dinner,Premium,929,Yes,25,4,1,Yes,Celebrating,High,Friends,Yes
48245,2567,29,Pune,Night,Weekday,Fast Food,Lunch,Premium,394,Yes,89,11,2,Yes,Celebrating,High,Friends,No
48246,3973,32,Pune,Night,Weekday,North Indian,Breakfast,Budget,237,Yes,81,5,4,No,Celebrating,High,Alone,Yes
48247,1576,30,Chandigarh,Evening,Weekend,North Indian,Dinner,Mid-range,328,Yes,65,12,2,No,Stressed,Low,Alone,No
48248,4726,33,Hyderabad,Afternoon,Weekday,South Indian,Breakfast,Premium,319,No,91,9,4,No,Happy,High,Friends,Yes
48249,1510,18,Mumbai,Morning,Weekday,Desserts,Snacks,Premium,888,No,46,8,3,No,Happy,Low,Family,Yes
48250,4925,26,Bangalore,Morning,Weekend,Biryani,Snacks,Premium,702,No,21,12,4,Yes,Happy,High,Family,Yes
48251,2885,25,Hyderabad,Night,Weekend,Chinese,Snacks,Premium,444,Yes,41,6,3,Yes,Lazy,High,Friends,No
48252,3142,22,Bangalore,Morning,Weekend,Desserts,Breakfast,Budget,839,No,31,12,3,Yes,Lazy,High,Family,No
48253,4028,18,Pune,Afternoon,Weekend,South Indian,Breakfast,Budget,440,No,79,11,3,Yes,Celebrating,Low,Alone,No
48254,1309,29,Hyderabad,Night,Weekday,Desserts,Breakfast,Budget,460,No,63,2,4,No,Happy,High,Alone,No
48255,2133,19,Bangalore,Morning,Weekend,Fast Food,Dinner,Mid-range,868,No,28,2,4,No,Lazy,Low,Alone,Yes
48256,3077,43,Chandigarh,Evening,Weekday,South Indian,Dinner,Budget,489,No,33,14,1,Yes,Celebrating,High,Friends,Yes
48257,2496,27,Mumbai,Night,Weekday,North Indian,Lunch,Budget,715,Yes,91,13,3,Yes,Happy,Low,Alone,Yes
48258,2704,26,Bangalore,Night,Weekend,South Indian,Lunch,Budget,561,Yes,57,3,5,No,Stressed,High,Friends,No
48259,4234,30,Mumbai,Morning,Weekend,Chinese,Dinner,Budget,599,Yes,73,1,2,No,Stressed,Medium,Friends,Yes
48260,1544,20,Bangalore,Evening,Weekday,Biryani,Dinner,Mid-range,747,Yes,54,14,4,No,Stressed,Low,Friends,Yes
48261,2744,21,Pune,Morning,Weekday,Desserts,Dinner,Mid-range,416,No,32,12,3,Yes,Celebrating,Medium,Friends,Yes
48262,1033,30,Hyderabad,Evening,Weekend,North Indian,Dinner,Budget,613,No,78,7,3,Yes,Stressed,Low,Alone,No
48263,3514,38,Bangalore,Evening,Weekday,Biryani,Snacks,Premium,230,Yes,42,8,4,No,Celebrating,High,Family,No
48264,3335,21,Delhi,Morning,Weekday,Biryani,Dinner,Premium,383,No,49,12,2,No,Stressed,Medium,Alone,Yes
48265,4941,37,Mumbai,Morning,Weekend,Desserts,Breakfast,Mid-range,537,Yes,67,6,5,Yes,Happy,Medium,Family,Yes
48266,1529,42,Delhi,Afternoon,Weekday,South Indian,Snacks,Mid-range,238,Yes,30,14,2,No,Celebrating,Medium,Alone,Yes
48267,3583,43,Mumbai,Night,Weekend,South Indian,Snacks,Budget,789,No,91,13,5,No,Celebrating,Low,Partner,No
48268,4017,31,Bangalore,Morning,Weekend,North Indian,Breakfast,Premium,641,No,58,6,3,Yes,Celebrating,Low,Alone,Yes
48269,3419,24,Pune,Afternoon,Weekend,Desserts,Dinner,Mid-range,807,No,43,13,2,No,Stressed,Medium,Family,No
48270,1170,33,Pune,Evening,Weekend,South Indian,Snacks,Budget,807,Yes,88,12,1,No,Celebrating,High,Partner,No
48271,4315,39,Pune,Evening,Weekend,Desserts,Breakfast,Budget,574,Yes,24,10,2,Yes,Celebrating,Medium,Alone,No
48272,3345,18,Chandigarh,Night,Weekday,North Indian,Breakfast,Mid-range,422,Yes,76,12,3,Yes,Stressed,Low,Alone,No
48273,2672,20,Bangalore,Evening,Weekday,Fast Food,Snacks,Premium,779,Yes,77,7,2,Yes,Lazy,High,Alone,No
48274,3955,29,Delhi,Evening,Weekday,South Indian,Dinner,Budget,796,No,76,11,5,No,Stressed,High,Friends,No
48275,3505,36,Mumbai,Night,Weekday,North Indian,Dinner,Budget,903,No,20,8,2,Yes,Lazy,High,Family,Yes
48276,2046,27,Hyderabad,Night,Weekend,Biryani,Breakfast,Mid-range,819,Yes,60,7,1,No,Lazy,Medium,Partner,No
48277,4698,30,Bangalore,Night,Weekend,South Indian,Breakfast,Budget,567,Yes,80,12,3,No,Happy,Medium,Friends,Yes
48278,2089,40,Chandigarh,Morning,Weekend,Desserts,Breakfast,Premium,353,No,69,14,1,No,Lazy,High,Family,Yes
48279,2992,24,Delhi,Afternoon,Weekend,South Indian,Dinner,Mid-range,732,Yes,83,5,5,Yes,Lazy,Medium,Alone,Yes
48280,4237,37,Chandigarh,Evening,Weekday,South Indian,Snacks,Premium,656,Yes,84,2,3,Yes,Lazy,Low,Partner,No
48281,2371,30,Chandigarh,Morning,Weekday,Chinese,Snacks,Budget,132,No,78,3,5,Yes,Lazy,Low,Friends,No
48282,2400,38,Chandigarh,Night,Weekday,Desserts,Dinner,Mid-range,707,Yes,33,14,4,No,Stressed,Low,Family,Yes
48283,1833,34,Mumbai,Night,Weekend,South Indian,Dinner,Premium,222,No,77,12,1,Yes,Celebrating,High,Friends,Yes
48284,3425,23,Chandigarh,Morning,Weekday,Fast Food,Dinner,Mid-range,517,No,38,9,1,Yes,Happy,Medium,Partner,Yes
48285,1000,35,Bangalore,Afternoon,Weekday,North Indian,Dinner,Premium,444,Yes,49,7,5,No,Lazy,High,Family,No
48286,2165,34,Mumbai,Night,Weekday,Biryani,Lunch,Mid-range,542,Yes,62,9,2,No,Lazy,Low,Partner,No
48287,1119,44,Bangalore,Afternoon,Weekday,North Indian,Snacks,Mid-range,487,No,84,5,2,Yes,Happy,High,Friends,No
48288,1995,21,Pune,Morning,Weekend,Chinese,Breakfast,Premium,982,No,82,11,4,Yes,Celebrating,Low,Family,No
48289,2608,33,Bangalore,Evening,Weekend,South Indian,Lunch,Budget,242,No,30,5,1,No,Lazy,Medium,Family,No
48290,2170,37,Mumbai,Evening,Weekend,Fast Food,Lunch,Premium,222,No,58,8,4,Yes,Celebrating,High,Friends,No
48291,3098,34,Hyderabad,Morning,Weekday,Chinese,Snacks,Premium,790,No,64,2,2,No,Celebrating,Medium,Alone,No
48292,3025,21,Chandigarh,Morning,Weekend,South Indian,Breakfast,Budget,111,Yes,68,11,1,No,Happy,Medium,Alone,No
48293,1696,23,Bangalore,Night,Weekend,Desserts,Lunch,Budget,270,Yes,35,13,3,Yes,Happy,Low,Partner,Yes
48294,3599,38,Pune,Night,Weekday,South Indian,Lunch,Premium,470,Yes,35,14,5,Yes,Stressed,Low,Alone,No
48295,3294,44,Delhi,Afternoon,Weekend,Desserts,Snacks,Mid-range,805,Yes,71,4,2,Yes,Celebrating,Low,Family,No
48296,2430,20,Hyderabad,Evening,Weekday,North Indian,Lunch,Mid-range,605,Yes,74,3,2,Yes,Lazy,Low,Friends,Yes
48297,3442,34,Chandigarh,Night,Weekend,North Indian,Dinner,Budget,689,No,89,4,5,No,Lazy,Medium,Alone,Yes
48298,2484,42,Bangalore,Morning,Weekday,Desserts,Breakfast,Mid-range,142,Yes,54,6,4,No,Celebrating,Medium,Friends,Yes
48299,4998,26,Bangalore,Morning,Weekend,Chinese,Lunch,Premium,755,Yes,77,13,4,No,Celebrating,High,Alone,Yes
48300,4585,18,Hyderabad,Morning,Weekday,Desserts,Lunch,Premium,225,Yes,64,14,4,No,Happy,High,Family,Yes
48301,1097,27,Chandigarh,Afternoon,Weekend,Chinese,Lunch,Mid-range,173,Yes,81,2,3,No,Stressed,Medium,Family,Yes
48302,3614,42,Chandigarh,Evening,Weekday,South Indian,Dinner,Premium,484,Yes,49,6,2,Yes,Happy,Medium,Alone,Yes
48303,2056,36,Mumbai,Afternoon,Weekday,Fast Food,Dinner,Premium,753,No,21,1,1,No,Stressed,Low,Partner,No
48304,2190,25,Hyderabad,Morning,Weekend,Fast Food,Dinner,Premium,775,No,65,10,5,Yes,Stressed,Medium,Family,Yes
48305,3409,43,Chandigarh,Evening,Weekend,Desserts,Breakfast,Budget,649,Yes,43,14,3,Yes,Lazy,High,Partner,Yes
48306,1034,30,Delhi,Evening,Weekday,Chinese,Snacks,Premium,179,Yes,97,12,4,No,Lazy,High,Family,Yes
48307,4379,34,Hyderabad,Afternoon,Weekend,North Indian,Lunch,Budget,922,No,50,8,4,Yes,Celebrating,Low,Friends,No
48308,1356,38,Chandigarh,Night,Weekend,Desserts,Breakfast,Mid-range,518,No,59,10,1,No,Stressed,Medium,Friends,No
48309,1380,33,Bangalore,Night,Weekend,South Indian,Dinner,Mid-range,680,Yes,66,14,2,Yes,Stressed,Medium,Friends,Yes
48310,3189,20,Pune,Morning,Weekday,North Indian,Lunch,Premium,185,Yes,85,14,2,Yes,Lazy,Medium,Family,Yes
48311,4533,21,Delhi,Afternoon,Weekend,Chinese,Dinner,Mid-range,581,Yes,96,4,5,Yes,Stressed,Medium,Partner,No
48312,3025,25,Chandigarh,Morning,Weekend,Biryani,Snacks,Budget,729,Yes,50,8,4,No,Lazy,Low,Friends,No
48313,3177,23,Bangalore,Morning,Weekday,Fast Food,Breakfast,Budget,796,Yes,28,6,2,Yes,Lazy,Medium,Friends,Yes
48314,3318,34,Bangalore,Evening,Weekday,North Indian,Snacks,Budget,801,No,62,5,1,Yes,Lazy,Low,Alone,No
48315,4278,43,Delhi,Afternoon,Weekday,North Indian,Dinner,Budget,123,No,79,13,1,Yes,Celebrating,Low,Alone,No
48316,3845,39,Pune,Morning,Weekday,Chinese,Snacks,Mid-range,682,No,81,3,3,No,Happy,High,Partner,No
48317,1948,25,Hyderabad,Afternoon,Weekday,Fast Food,Dinner,Mid-range,527,No,84,6,4,Yes,Celebrating,High,Partner,No
48318,4049,28,Mumbai,Evening,Weekend,Desserts,Lunch,Premium,722,No,41,11,2,No,Stressed,Medium,Family,Yes
48319,1069,44,Hyderabad,Morning,Weekend,North Indian,Dinner,Mid-range,391,No,61,4,2,Yes,Stressed,Low,Family,No
48320,1162,26,Delhi,Night,Weekend,Fast Food,Snacks,Budget,796,No,31,9,5,No,Happy,High,Family,No
48321,1101,27,Chandigarh,Afternoon,Weekday,North Indian,Snacks,Mid-range,870,Yes,88,12,3,No,Lazy,Low,Friends,Yes
48322,4084,27,Mumbai,Morning,Weekend,Biryani,Dinner,Premium,332,No,52,8,3,No,Lazy,Medium,Friends,Yes
48323,3947,38,Mumbai,Afternoon,Weekday,Desserts,Snacks,Mid-range,770,No,32,3,5,Yes,Lazy,Medium,Partner,No
48324,4414,29,Chandigarh,Morning,Weekend,South Indian,Breakfast,Budget,457,Yes,35,4,1,No,Celebrating,Medium,Partner,Yes
48325,1080,26,Bangalore,Night,Weekend,Chinese,Dinner,Premium,928,No,87,4,1,Yes,Happy,Low,Alone,Yes
48326,3636,18,Bangalore,Night,Weekend,Fast Food,Lunch,Budget,953,No,62,5,1,Yes,Happy,Low,Family,No
48327,2968,43,Mumbai,Night,Weekday,Fast Food,Dinner,Budget,594,Yes,76,2,4,Yes,Happy,High,Alone,No
48328,1715,36,Delhi,Evening,Weekday,Fast Food,Breakfast,Budget,962,No,96,9,5,No,Celebrating,Low,Alone,Yes
48329,4735,21,Bangalore,Afternoon,Weekend,Fast Food,Lunch,Premium,653,No,49,12,3,No,Stressed,Low,Alone,No
48330,3794,36,Chandigarh,Evening,Weekend,South Indian,Lunch,Mid-range,997,No,49,8,5,No,Stressed,Medium,Alone,Yes
48331,3776,38,Delhi,Evening,Weekday,South Indian,Breakfast,Mid-range,707,No,21,7,5,Yes,Happy,Medium,Friends,Yes
48332,2049,40,Delhi,Evening,Weekday,Biryani,Breakfast,Premium,139,No,53,3,1,Yes,Stressed,Low,Partner,No
48333,3529,24,Pune,Morning,Weekend,North Indian,Dinner,Premium,692,Yes,88,12,5,No,Happy,High,Partner,No
48334,2061,39,Hyderabad,Evening,Weekday,North Indian,Breakfast,Mid-range,349,No,59,8,1,Yes,Happy,Low,Partner,Yes
48335,4495,20,Delhi,Evening,Weekend,South Indian,Breakfast,Budget,979,Yes,63,13,3,Yes,Celebrating,Medium,Friends,Yes
48336,3211,39,Mumbai,Morning,Weekday,Desserts,Lunch,Premium,277,Yes,87,4,3,No,Happy,High,Friends,No
48337,2809,38,Mumbai,Afternoon,Weekend,Biryani,Dinner,Budget,657,Yes,41,6,5,No,Lazy,Medium,Family,Yes
48338,2786,20,Pune,Morning,Weekday,North Indian,Lunch,Mid-range,774,No,81,8,4,No,Celebrating,Low,Friends,Yes
48339,2138,21,Delhi,Morning,Weekday,Fast Food,Dinner,Budget,666,No,88,13,5,Yes,Lazy,Medium,Friends,No
48340,4237,30,Pune,Afternoon,Weekend,Fast Food,Snacks,Premium,842,No,33,3,4,Yes,Stressed,Medium,Friends,No
48341,1349,38,Chandigarh,Afternoon,Weekday,North Indian,Snacks,Premium,440,Yes,89,5,1,No,Celebrating,Low,Partner,No
48342,2971,44,Mumbai,Afternoon,Weekend,South Indian,Breakfast,Premium,850,No,71,2,4,Yes,Lazy,Medium,Friends,No
48343,1549,37,Pune,Night,Weekday,Fast Food,Snacks,Mid-range,208,No,77,12,5,No,Happy,Low,Family,Yes
48344,2850,40,Delhi,Morning,Weekday,Desserts,Dinner,Budget,633,Yes,74,3,3,No,Happy,High,Family,No
48345,2983,29,Chandigarh,Night,Weekend,Biryani,Breakfast,Budget,887,No,59,8,3,Yes,Lazy,Medium,Partner,No
48346,4731,23,Delhi,Morning,Weekday,North Indian,Breakfast,Budget,480,No,72,3,1,No,Lazy,High,Partner,Yes
48347,4052,22,Chandigarh,Morning,Weekday,North Indian,Breakfast,Mid-range,360,No,49,5,4,No,Celebrating,Medium,Alone,No
48348,3717,44,Mumbai,Morning,Weekday,South Indian,Snacks,Premium,358,No,80,1,5,No,Celebrating,Low,Partner,Yes
48349,2585,41,Pune,Morning,Weekday,South Indian,Dinner,Premium,813,No,43,5,2,No,Happy,Medium,Family,Yes
48350,2372,19,Bangalore,Morning,Weekday,Desserts,Dinner,Budget,527,Yes,63,12,2,No,Lazy,High,Family,Yes
48351,3397,44,Mumbai,Afternoon,Weekend,Fast Food,Snacks,Mid-range,435,No,26,10,1,No,Happy,Medium,Friends,Yes
48352,4109,37,Chandigarh,Night,Weekday,South Indian,Lunch,Premium,292,Yes,20,13,2,No,Celebrating,High,Friends,No
48353,4092,24,Chandigarh,Morning,Weekend,Desserts,Breakfast,Budget,495,Yes,58,1,1,No,Celebrating,Low,Alone,Yes
48354,4687,38,Bangalore,Evening,Weekend,Desserts,Breakfast,Mid-range,450,No,55,8,4,Yes,Stressed,Medium,Partner,Yes
48355,2281,23,Bangalore,Afternoon,Weekend,North Indian,Snacks,Premium,473,Yes,38,2,1,Yes,Stressed,High,Alone,Yes
48356,2364,29,Delhi,Afternoon,Weekday,Fast Food,Lunch,Mid-range,383,Yes,66,10,5,Yes,Celebrating,High,Partner,No
48357,2430,39,Bangalore,Evening,Weekend,Desserts,Snacks,Premium,142,Yes,38,5,3,Yes,Lazy,Low,Family,No
48358,3698,44,Bangalore,Morning,Weekday,North Indian,Dinner,Budget,745,No,96,1,1,Yes,Celebrating,Medium,Friends,No
48359,4850,34,Mumbai,Evening,Weekend,Biryani,Breakfast,Premium,662,Yes,53,4,5,No,Stressed,Medium,Friends,No
48360,4965,23,Delhi,Evening,Weekend,Fast Food,Breakfast,Mid-range,298,No,40,3,1,No,Happy,High,Alone,No
48361,4801,36,Hyderabad,Afternoon,Weekend,North Indian,Snacks,Mid-range,890,Yes,40,4,4,No,Stressed,High,Partner,Yes
48362,3280,21,Bangalore,Night,Weekday,Biryani,Snacks,Mid-range,656,No,70,6,2,No,Happy,Medium,Alone,No
48363,2635,28,Bangalore,Evening,Weekend,South Indian,Dinner,Premium,524,Yes,96,10,3,Yes,Happy,Medium,Alone,Yes
48364,3354,35,Mumbai,Morning,Weekend,Desserts,Breakfast,Premium,531,Yes,78,13,4,Yes,Happy,Low,Friends,Yes
48365,2312,28,Pune,Evening,Weekday,Fast Food,Lunch,Premium,638,No,67,11,4,Yes,Happy,Medium,Friends,Yes
48366,1034,18,Delhi,Night,Weekday,Chinese,Snacks,Premium,363,No,61,3,3,Yes,Happy,Medium,Partner,Yes
48367,2597,39,Bangalore,Afternoon,Weekday,North Indian,Dinner,Budget,513,Yes,96,12,2,No,Celebrating,Medium,Partner,Yes
48368,1595,23,Mumbai,Evening,Weekday,North Indian,Breakfast,Mid-range,299,Yes,36,8,5,Yes,Happy,High,Family,No
48369,2901,21,Chandigarh,Afternoon,Weekend,North Indian,Dinner,Mid-range,746,Yes,33,1,3,Yes,Lazy,High,Alone,Yes
48370,4440,18,Mumbai,Afternoon,Weekend,Desserts,Dinner,Mid-range,814,Yes,24,2,5,Yes,Happy,Low,Partner,Yes
48371,4528,24,Delhi,Evening,Weekend,Chinese,Dinner,Mid-range,545,Yes,28,14,3,Yes,Stressed,High,Friends,Yes
48372,4998,37,Mumbai,Morning,Weekday,Chinese,Snacks,Mid-range,891,Yes,35,6,3,No,Happy,Medium,Family,Yes
48373,2086,31,Hyderabad,Morning,Weekend,Desserts,Breakfast,Premium,540,No,42,9,1,No,Celebrating,High,Alone,No
48374,2961,37,Bangalore,Evening,Weekday,Chinese,Snacks,Premium,926,No,85,12,5,No,Happy,Medium,Family,Yes
48375,3374,36,Hyderabad,Night,Weekday,Fast Food,Dinner,Premium,200,No,84,3,1,Yes,Celebrating,Low,Family,No
48376,2235,31,Mumbai,Evening,Weekday,South Indian,Breakfast,Premium,819,No,91,12,4,No,Lazy,High,Friends,Yes
48377,1609,35,Mumbai,Afternoon,Weekend,Desserts,Lunch,Budget,968,No,26,7,3,Yes,Happy,Low,Partner,Yes
48378,2555,34,Hyderabad,Evening,Weekend,Biryani,Dinner,Mid-range,500,No,20,11,5,Yes,Happy,Low,Alone,Yes
48379,1680,31,Mumbai,Morning,Weekday,Fast Food,Lunch,Mid-range,626,No,37,10,5,Yes,Happy,Low,Partner,Yes
48380,2569,19,Mumbai,Morning,Weekend,North Indian,Breakfast,Mid-range,667,Yes,34,11,5,No,Celebrating,Medium,Family,No
48381,4836,34,Bangalore,Afternoon,Weekend,Biryani,Dinner,Budget,131,Yes,88,5,2,Yes,Lazy,Low,Partner,No
48382,3746,41,Chandigarh,Morning,Weekend,Fast Food,Snacks,Premium,647,No,64,8,5,No,Lazy,Low,Alone,Yes
48383,3194,37,Bangalore,Evening,Weekday,Biryani,Snacks,Budget,850,No,55,13,2,No,Celebrating,Low,Family,Yes
48384,1860,23,Hyderabad,Morning,Weekend,Desserts,Lunch,Mid-range,289,No,98,1,3,No,Happy,Medium,Friends,No
48385,3268,27,Pune,Morning,Weekday,Chinese,Breakfast,Premium,212,No,22,6,3,No,Stressed,High,Alone,Yes
48386,2238,35,Pune,Night,Weekday,North Indian,Breakfast,Mid-range,172,Yes,33,6,5,Yes,Stressed,High,Friends,Yes
48387,4485,42,Bangalore,Afternoon,Weekday,Desserts,Breakfast,Premium,807,No,20,13,4,Yes,Happy,High,Friends,Yes
48388,1415,34,Mumbai,Morning,Weekend,South Indian,Snacks,Budget,399,No,84,9,4,No,Stressed,Medium,Alone,Yes
48389,4982,32,Delhi,Evening,Weekday,South Indian,Lunch,Mid-range,426,Yes,75,8,2,No,Stressed,Medium,Partner,No
48390,2772,32,Hyderabad,Night,Weekend,Desserts,Breakfast,Budget,500,No,83,12,1,Yes,Stressed,Low,Partner,Yes
48391,2275,44,Pune,Night,Weekend,Fast Food,Dinner,Budget,460,Yes,50,14,5,No,Lazy,Medium,Partner,Yes
48392,2888,39,Chandigarh,Afternoon,Weekend,Fast Food,Snacks,Budget,854,Yes,74,3,3,Yes,Celebrating,Low,Alone,Yes
48393,3506,40,Pune,Afternoon,Weekday,South Indian,Snacks,Premium,794,No,30,12,1,Yes,Lazy,Medium,Partner,No
48394,1637,32,Delhi,Morning,Weekday,South Indian,Dinner,Mid-range,674,No,83,14,4,No,Lazy,Low,Friends,Yes
48395,3512,23,Chandigarh,Night,Weekday,South Indian,Dinner,Mid-range,364,No,23,7,3,Yes,Lazy,High,Friends,Yes
48396,4013,40,Delhi,Morning,Weekday,Chinese,Breakfast,Mid-range,217,No,29,6,4,No,Stressed,High,Alone,No
48397,3201,29,Pune,Afternoon,Weekday,South Indian,Snacks,Mid-range,721,No,92,7,3,No,Happy,High,Alone,No
48398,4183,24,Bangalore,Evening,Weekend,Desserts,Lunch,Budget,351,Yes,57,14,3,No,Happy,Medium,Family,Yes
48399,4976,18,Chandigarh,Morning,Weekday,Chinese,Snacks,Budget,441,No,56,2,1,Yes,Celebrating,Low,Partner,Yes
48400,1514,39,Delhi,Morning,Weekday,Desserts,Snacks,Premium,737,Yes,41,12,2,Yes,Celebrating,High,Friends,No
48401,4028,35,Pune,Night,Weekday,South Indian,Breakfast,Mid-range,244,No,46,14,5,Yes,Happy,High,Friends,Yes
48402,2791,29,Mumbai,Night,Weekend,Biryani,Breakfast,Premium,726,Yes,87,5,1,Yes,Happy,Low,Family,Yes
48403,3710,44,Pune,Morning,Weekend,Biryani,Lunch,Premium,775,No,93,8,2,Yes,Stressed,High,Friends,Yes
48404,2109,20,Mumbai,Evening,Weekend,Fast Food,Lunch,Mid-range,486,No,24,8,4,No,Celebrating,Medium,Family,Yes
48405,3506,23,Bangalore,Evening,Weekend,Desserts,Lunch,Premium,825,No,39,8,3,Yes,Celebrating,Medium,Friends,Yes
48406,2146,34,Hyderabad,Morning,Weekday,North Indian,Dinner,Premium,701,Yes,53,6,3,No,Celebrating,Low,Alone,Yes
48407,1120,37,Delhi,Evening,Weekday,South Indian,Lunch,Budget,465,No,80,14,3,Yes,Stressed,Low,Partner,Yes
48408,1312,33,Mumbai,Afternoon,Weekday,North Indian,Snacks,Budget,408,No,75,13,2,No,Celebrating,High,Partner,Yes
48409,2493,38,Bangalore,Afternoon,Weekend,Chinese,Dinner,Premium,678,Yes,23,10,1,No,Celebrating,High,Partner,No
48410,2059,43,Bangalore,Morning,Weekend,Chinese,Lunch,Mid-range,842,No,61,10,2,No,Lazy,Low,Partner,Yes
48411,2130,25,Delhi,Night,Weekend,Fast Food,Breakfast,Mid-range,469,Yes,44,12,5,No,Lazy,High,Alone,Yes
48412,1391,19,Delhi,Night,Weekend,Biryani,Breakfast,Premium,483,Yes,62,8,5,No,Stressed,High,Friends,No
48413,3999,37,Hyderabad,Morning,Weekday,Chinese,Breakfast,Budget,406,Yes,97,13,3,Yes,Lazy,Medium,Alone,No
48414,1441,29,Chandigarh,Morning,Weekday,South Indian,Dinner,Mid-range,428,Yes,40,13,1,No,Lazy,High,Family,No
48415,3458,20,Mumbai,Morning,Weekday,Biryani,Dinner,Mid-range,876,No,71,4,2,No,Celebrating,High,Partner,Yes
48416,3340,33,Hyderabad,Night,Weekend,Fast Food,Breakfast,Mid-range,562,Yes,50,5,5,No,Celebrating,Medium,Partner,Yes
48417,4016,44,Delhi,Morning,Weekday,Chinese,Breakfast,Premium,697,No,40,13,5,No,Lazy,High,Partner,Yes
48418,2377,32,Mumbai,Morning,Weekend,Desserts,Breakfast,Budget,928,Yes,46,11,2,No,Stressed,Medium,Partner,No
48419,2881,34,Bangalore,Morning,Weekday,South Indian,Snacks,Budget,783,No,97,12,2,Yes,Stressed,Low,Partner,Yes
48420,2932,30,Pune,Night,Weekday,Biryani,Dinner,Mid-range,875,Yes,90,3,3,No,Celebrating,High,Family,Yes
48421,1277,30,Hyderabad,Afternoon,Weekday,Desserts,Lunch,Premium,240,Yes,95,11,4,Yes,Happy,Low,Family,No
48422,4329,37,Pune,Evening,Weekend,South Indian,Breakfast,Budget,797,Yes,40,5,5,No,Happy,Medium,Friends,No
48423,1846,26,Hyderabad,Evening,Weekend,North Indian,Breakfast,Premium,228,Yes,27,14,4,Yes,Celebrating,High,Friends,No
48424,3701,32,Bangalore,Night,Weekend,Biryani,Dinner,Mid-range,267,Yes,83,8,1,No,Stressed,Low,Family,Yes
48425,2531,32,Hyderabad,Evening,Weekend,Fast Food,Lunch,Budget,584,Yes,72,6,4,No,Stressed,Low,Family,Yes
48426,4054,43,Hyderabad,Evening,Weekday,Desserts,Lunch,Budget,957,No,28,8,2,No,Lazy,Low,Partner,Yes
48427,1990,34,Bangalore,Morning,Weekday,North Indian,Dinner,Mid-range,887,Yes,72,12,3,No,Celebrating,Low,Friends,Yes
48428,3608,27,Hyderabad,Evening,Weekday,North Indian,Snacks,Premium,512,Yes,43,12,5,Yes,Celebrating,High,Alone,Yes
48429,4143,36,Chandigarh,Afternoon,Weekend,Fast Food,Lunch,Premium,907,Yes,45,7,2,No,Stressed,High,Family,Yes
48430,3061,21,Delhi,Evening,Weekday,Desserts,Breakfast,Budget,968,Yes,54,10,2,Yes,Celebrating,Low,Partner,No
48431,1391,22,Mumbai,Night,Weekday,North Indian,Dinner,Budget,462,Yes,46,8,4,Yes,Happy,Low,Family,Yes
48432,1590,24,Pune,Morning,Weekend,Fast Food,Breakfast,Premium,516,No,27,13,2,No,Happy,High,Alone,No
48433,1685,31,Bangalore,Night,Weekend,South Indian,Lunch,Premium,313,Yes,85,1,1,No,Happy,Low,Family,No
48434,2906,31,Delhi,Morning,Weekend,Biryani,Breakfast,Budget,427,Yes,33,7,3,Yes,Lazy,High,Friends,Yes
48435,1863,42,Chandigarh,Night,Weekend,Desserts,Snacks,Budget,707,Yes,24,6,3,Yes,Celebrating,Medium,Alone,No
48436,4722,31,Pune,Night,Weekday,Chinese,Breakfast,Budget,257,No,50,6,1,Yes,Stressed,Medium,Friends,Yes
48437,1651,31,Mumbai,Afternoon,Weekend,Desserts,Lunch,Premium,295,Yes,38,5,5,Yes,Happy,Low,Friends,No
48438,4386,43,Chandigarh,Night,Weekday,Desserts,Dinner,Premium,380,Yes,86,9,2,No,Celebrating,Low,Friends,Yes
48439,1838,24,Chandigarh,Afternoon,Weekend,Chinese,Lunch,Budget,546,No,58,2,2,Yes,Celebrating,Medium,Alone,No
48440,2728,40,Hyderabad,Night,Weekend,Desserts,Breakfast,Mid-range,303,No,73,13,5,No,Celebrating,High,Friends,No
48441,2363,41,Mumbai,Evening,Weekend,Desserts,Dinner,Premium,569,No,98,6,4,No,Celebrating,Low,Friends,No
48442,3148,23,Delhi,Night,Weekend,South Indian,Breakfast,Premium,549,Yes,78,10,2,Yes,Happy,Low,Partner,No
48443,1740,39,Bangalore,Evening,Weekend,Fast Food,Dinner,Budget,428,Yes,99,8,2,Yes,Celebrating,Medium,Family,No
48444,4419,36,Bangalore,Evening,Weekday,Fast Food,Dinner,Budget,791,No,48,13,5,No,Stressed,Low,Family,Yes
48445,1103,36,Bangalore,Morning,Weekend,Desserts,Breakfast,Mid-range,326,No,72,13,3,Yes,Lazy,Medium,Alone,No
48446,4464,27,Pune,Evening,Weekday,Desserts,Breakfast,Mid-range,148,No,45,8,4,No,Happy,Low,Alone,No
48447,1727,30,Mumbai,Evening,Weekday,Fast Food,Snacks,Premium,798,No,68,11,1,Yes,Stressed,Low,Partner,No
48448,4678,18,Pune,Evening,Weekday,Biryani,Lunch,Premium,740,Yes,36,14,1,No,Celebrating,Medium,Alone,No
48449,2728,23,Mumbai,Night,Weekday,North Indian,Lunch,Mid-range,975,Yes,73,4,1,Yes,Celebrating,Medium,Friends,Yes
48450,3114,36,Hyderabad,Afternoon,Weekend,North Indian,Lunch,Premium,522,Yes,75,9,3,Yes,Celebrating,Medium,Alone,No
48451,3015,25,Hyderabad,Morning,Weekday,Biryani,Dinner,Budget,801,No,22,12,1,Yes,Stressed,Medium,Alone,Yes
48452,3460,33,Mumbai,Morning,Weekend,Biryani,Snacks,Mid-range,589,Yes,82,2,2,No,Happy,Low,Partner,No
48453,4438,38,Pune,Evening,Weekend,South Indian,Snacks,Mid-range,360,No,63,7,4,No,Lazy,Low,Partner,Yes
48454,4512,25,Bangalore,Night,Weekday,Chinese,Lunch,Mid-range,897,No,80,9,3,No,Happy,High,Family,Yes
48455,3761,22,Delhi,Morning,Weekday,Chinese,Snacks,Premium,201,Yes,62,6,3,No,Celebrating,Low,Partner,No
48456,1137,25,Pune,Evening,Weekend,Desserts,Dinner,Mid-range,613,No,91,5,5,No,Happy,Medium,Alone,No
48457,2716,18,Pune,Evening,Weekday,Chinese,Lunch,Mid-range,724,No,36,12,3,Yes,Celebrating,High,Family,No
48458,3277,36,Bangalore,Afternoon,Weekend,Desserts,Dinner,Mid-range,159,No,39,10,4,No,Lazy,Medium,Partner,No
48459,1316,21,Bangalore,Morning,Weekday,Chinese,Lunch,Mid-range,458,Yes,56,12,4,No,Stressed,Low,Family,No
48460,2616,26,Delhi,Night,Weekend,Fast Food,Breakfast,Budget,803,No,47,11,2,Yes,Stressed,Medium,Alone,No
48461,1324,18,Bangalore,Evening,Weekend,North Indian,Lunch,Mid-range,805,No,37,12,4,No,Happy,Medium,Friends,No
48462,3513,23,Delhi,Evening,Weekday,Chinese,Snacks,Mid-range,142,No,45,4,3,Yes,Happy,Medium,Friends,Yes
48463,3180,40,Delhi,Morning,Weekend,North Indian,Dinner,Premium,238,No,69,2,4,Yes,Stressed,High,Friends,No
48464,3109,26,Hyderabad,Afternoon,Weekend,Desserts,Lunch,Mid-range,749,No,41,1,2,Yes,Happy,Low,Friends,Yes
48465,1948,26,Chandigarh,Afternoon,Weekend,Desserts,Dinner,Premium,560,Yes,93,7,4,No,Celebrating,Medium,Family,No
48466,3503,32,Chandigarh,Evening,Weekend,Chinese,Snacks,Premium,905,No,99,1,1,No,Stressed,Medium,Partner,Yes
48467,1147,38,Hyderabad,Evening,Weekend,Desserts,Snacks,Budget,986,Yes,65,8,4,Yes,Stressed,High,Family,Yes
48468,4455,23,Delhi,Morning,Weekend,Biryani,Lunch,Premium,358,Yes,26,12,2,Yes,Celebrating,High,Partner,No
48469,1622,21,Delhi,Evening,Weekday,Desserts,Snacks,Budget,217,No,37,9,3,No,Lazy,High,Family,Yes
48470,3365,33,Bangalore,Morning,Weekend,North Indian,Lunch,Mid-range,156,Yes,90,1,4,Yes,Celebrating,Medium,Family,No
48471,1083,33,Hyderabad,Morning,Weekend,Biryani,Snacks,Budget,861,No,57,11,2,Yes,Stressed,Medium,Alone,No
48472,3272,40,Hyderabad,Evening,Weekday,Chinese,Snacks,Premium,902,No,77,14,4,Yes,Stressed,High,Family,Yes
48473,2591,33,Pune,Evening,Weekday,Biryani,Snacks,Premium,458,No,67,2,2,Yes,Lazy,Medium,Partner,Yes
48474,3900,23,Delhi,Afternoon,Weekend,Fast Food,Lunch,Budget,235,No,53,11,5,No,Stressed,Low,Alone,Yes
48475,1900,24,Bangalore,Night,Weekday,Fast Food,Breakfast,Premium,246,No,58,12,3,Yes,Stressed,Low,Friends,Yes
48476,2074,39,Pune,Afternoon,Weekend,Desserts,Dinner,Mid-range,427,No,65,9,4,No,Stressed,Low,Family,Yes
48477,3398,34,Bangalore,Afternoon,Weekend,Desserts,Breakfast,Mid-range,817,Yes,29,1,4,Yes,Stressed,Low,Partner,No
48478,2283,22,Mumbai,Evening,Weekend,Biryani,Snacks,Premium,277,Yes,22,8,3,No,Happy,Low,Alone,Yes
48479,2106,20,Bangalore,Evening,Weekday,South Indian,Breakfast,Premium,854,Yes,76,2,3,No,Happy,High,Family,No
48480,4896,21,Delhi,Evening,Weekday,Chinese,Dinner,Mid-range,340,Yes,88,4,5,No,Happy,Low,Partner,No
48481,1845,28,Mumbai,Evening,Weekday,Desserts,Dinner,Premium,783,No,60,4,1,Yes,Celebrating,High,Partner,Yes
48482,1947,34,Chandigarh,Evening,Weekday,Desserts,Breakfast,Premium,446,Yes,99,3,2,Yes,Celebrating,High,Friends,No
48483,4328,32,Hyderabad,Night,Weekday,Biryani,Lunch,Mid-range,157,Yes,40,6,3,No,Lazy,Low,Partner,No
48484,1057,25,Bangalore,Morning,Weekday,North Indian,Breakfast,Budget,419,Yes,32,5,1,Yes,Celebrating,Medium,Friends,No
48485,2072,41,Delhi,Evening,Weekday,North Indian,Lunch,Mid-range,534,No,44,14,1,No,Lazy,Low,Family,No
48486,4957,36,Delhi,Afternoon,Weekday,North Indian,Snacks,Budget,616,Yes,86,10,1,Yes,Happy,Low,Alone,Yes
48487,4835,26,Mumbai,Night,Weekday,North Indian,Snacks,Premium,142,Yes,40,5,2,No,Lazy,High,Family,Yes
48488,1632,22,Mumbai,Afternoon,Weekend,Biryani,Snacks,Budget,673,No,47,2,5,No,Stressed,Medium,Friends,No
48489,1471,18,Bangalore,Afternoon,Weekday,Biryani,Breakfast,Premium,183,No,47,1,1,No,Celebrating,Low,Family,No
48490,3221,22,Mumbai,Afternoon,Weekend,Desserts,Snacks,Budget,933,Yes,51,12,2,No,Happy,Medium,Family,No
48491,2800,37,Chandigarh,Night,Weekday,Chinese,Lunch,Mid-range,221,Yes,94,14,2,Yes,Lazy,Medium,Friends,No
48492,2454,35,Mumbai,Afternoon,Weekday,South Indian,Lunch,Budget,371,No,58,6,4,Yes,Happy,Medium,Partner,Yes
48493,3313,19,Delhi,Afternoon,Weekday,Biryani,Lunch,Mid-range,581,No,49,11,4,Yes,Celebrating,Medium,Partner,No
48494,2235,38,Delhi,Evening,Weekend,South Indian,Breakfast,Budget,598,No,58,9,4,No,Celebrating,Low,Friends,No
48495,3818,21,Delhi,Morning,Weekday,North Indian,Breakfast,Mid-range,335,Yes,58,7,4,Yes,Celebrating,High,Partner,Yes
48496,4966,34,Mumbai,Afternoon,Weekday,Biryani,Dinner,Budget,181,Yes,50,12,2,Yes,Stressed,Low,Family,Yes
48497,1483,26,Hyderabad,Morning,Weekday,Biryani,Lunch,Premium,802,Yes,75,10,4,No,Lazy,Low,Alone,Yes
48498,4501,43,Mumbai,Morning,Weekend,Fast Food,Lunch,Premium,147,No,80,13,1,No,Happy,Low,Family,Yes
48499,2246,38,Bangalore,Night,Weekend,Desserts,Lunch,Mid-range,938,Yes,74,10,2,No,Happy,Low,Alone,No
48500,1913,43,Bangalore,Afternoon,Weekend,North Indian,Dinner,Premium,778,Yes,69,6,4,No,Lazy,Low,Alone,No
48501,1963,40,Bangalore,Morning,Weekday,Desserts,Dinner,Mid-range,604,No,93,2,2,Yes,Happy,Low,Friends,No
48502,3368,41,Pune,Afternoon,Weekend,Desserts,Snacks,Mid-range,580,No,38,2,5,Yes,Lazy,Low,Friends,Yes
48503,3981,37,Chandigarh,Night,Weekend,Chinese,Breakfast,Premium,840,Yes,76,4,1,Yes,Happy,Medium,Friends,No
48504,3589,32,Mumbai,Morning,Weekday,Desserts,Snacks,Premium,584,Yes,67,10,2,Yes,Lazy,Medium,Partner,Yes
48505,1261,31,Hyderabad,Evening,Weekday,Fast Food,Snacks,Premium,477,No,61,7,4,Yes,Celebrating,Medium,Alone,Yes
48506,4431,36,Hyderabad,Afternoon,Weekday,Biryani,Lunch,Premium,280,No,50,9,1,Yes,Happy,Medium,Friends,No
48507,2296,29,Delhi,Night,Weekday,Desserts,Breakfast,Budget,449,No,36,13,4,Yes,Celebrating,Low,Partner,Yes
48508,1226,32,Pune,Evening,Weekday,Fast Food,Snacks,Mid-range,955,No,34,1,5,No,Celebrating,Low,Partner,Yes
48509,4960,32,Mumbai,Evening,Weekday,North Indian,Breakfast,Budget,582,Yes,54,1,1,Yes,Happy,High,Family,No
48510,3353,39,Delhi,Night,Weekend,South Indian,Breakfast,Mid-range,804,No,37,7,1,No,Celebrating,Low,Family,No
48511,3478,34,Bangalore,Afternoon,Weekday,Chinese,Snacks,Premium,346,Yes,53,7,4,No,Lazy,Low,Family,No
48512,1696,32,Bangalore,Evening,Weekend,Chinese,Lunch,Budget,530,Yes,63,6,4,No,Lazy,Medium,Family,Yes
48513,4617,32,Pune,Afternoon,Weekday,Fast Food,Snacks,Budget,890,Yes,88,7,3,No,Lazy,High,Partner,Yes
48514,3222,36,Mumbai,Morning,Weekday,Chinese,Snacks,Premium,572,Yes,93,9,2,No,Stressed,High,Alone,No
48515,1051,20,Chandigarh,Night,Weekday,Chinese,Snacks,Premium,893,Yes,50,8,2,Yes,Lazy,High,Friends,No
48516,4952,18,Bangalore,Night,Weekday,Fast Food,Breakfast,Premium,653,No,32,2,3,No,Stressed,Low,Alone,Yes
48517,1573,35,Bangalore,Evening,Weekend,Biryani,Breakfast,Mid-range,967,No,38,11,1,No,Happy,Medium,Friends,Yes
48518,1122,44,Bangalore,Evening,Weekend,Chinese,Dinner,Budget,149,No,43,8,2,No,Stressed,Medium,Family,Yes
48519,2742,37,Bangalore,Afternoon,Weekend,South Indian,Lunch,Mid-range,327,No,36,13,3,No,Lazy,Low,Alone,No
48520,1248,27,Bangalore,Afternoon,Weekday,Biryani,Dinner,Budget,724,Yes,26,6,5,No,Stressed,High,Friends,No
48521,1323,40,Mumbai,Evening,Weekend,North Indian,Lunch,Mid-range,454,Yes,70,14,3,Yes,Happy,Low,Family,No
48522,3111,43,Chandigarh,Morning,Weekday,Chinese,Lunch,Premium,503,No,42,13,4,No,Celebrating,Low,Friends,Yes
48523,4847,41,Chandigarh,Evening,Weekend,Fast Food,Snacks,Mid-range,743,Yes,55,1,2,Yes,Celebrating,Medium,Alone,Yes
48524,2332,23,Hyderabad,Night,Weekend,North Indian,Snacks,Budget,657,No,48,10,2,No,Celebrating,High,Family,No
48525,1191,24,Hyderabad,Morning,Weekday,Chinese,Breakfast,Mid-range,399,Yes,79,13,4,No,Lazy,High,Friends,Yes
48526,3066,25,Chandigarh,Morning,Weekday,Fast Food,Breakfast,Mid-range,839,Yes,73,4,1,Yes,Happy,Low,Family,No
48527,3544,40,Mumbai,Night,Weekend,Fast Food,Snacks,Mid-range,790,Yes,52,4,5,No,Lazy,High,Alone,Yes
48528,1183,18,Chandigarh,Afternoon,Weekday,Chinese,Snacks,Mid-range,535,No,75,2,3,No,Happy,High,Alone,No
48529,2949,33,Mumbai,Afternoon,Weekday,Desserts,Breakfast,Premium,736,No,21,2,1,Yes,Lazy,High,Friends,No
48530,2876,32,Mumbai,Morning,Weekend,South Indian,Lunch,Premium,549,No,98,13,5,Yes,Happy,High,Friends,Yes
48531,4481,40,Bangalore,Afternoon,Weekday,North Indian,Snacks,Budget,107,Yes,29,7,2,No,Happy,Medium,Family,No
48532,4806,36,Bangalore,Afternoon,Weekday,Desserts,Dinner,Mid-range,346,Yes,29,12,3,No,Stressed,High,Family,Yes
48533,1662,25,Delhi,Night,Weekday,North Indian,Dinner,Mid-range,423,Yes,57,8,1,Yes,Lazy,High,Alone,No
48534,4937,26,Delhi,Afternoon,Weekday,Fast Food,Dinner,Premium,734,No,72,13,1,No,Lazy,Low,Friends,No
48535,1761,33,Bangalore,Night,Weekend,South Indian,Snacks,Budget,702,Yes,62,6,2,Yes,Happy,High,Friends,Yes
48536,4024,26,Mumbai,Morning,Weekday,Desserts,Snacks,Premium,356,No,61,11,5,No,Celebrating,Medium,Alone,No
48537,1287,20,Mumbai,Afternoon,Weekend,Desserts,Lunch,Mid-range,808,Yes,83,5,1,Yes,Happy,Medium,Alone,No
48538,3631,26,Delhi,Night,Weekend,South Indian,Dinner,Mid-range,980,Yes,29,6,2,Yes,Happy,High,Alone,Yes
48539,1887,26,Chandigarh,Afternoon,Weekday,Fast Food,Lunch,Mid-range,239,Yes,24,13,3,Yes,Happy,Medium,Friends,No
48540,2013,40,Hyderabad,Afternoon,Weekday,South Indian,Dinner,Mid-range,614,Yes,42,7,4,Yes,Happy,Low,Friends,No
48541,4275,38,Pune,Evening,Weekend,Chinese,Breakfast,Mid-range,430,Yes,74,1,1,Yes,Happy,Medium,Family,No
48542,1025,31,Mumbai,Morning,Weekday,Desserts,Dinner,Mid-range,463,Yes,71,6,2,Yes,Stressed,High,Partner,Yes
48543,4758,31,Chandigarh,Morning,Weekend,Desserts,Snacks,Mid-range,380,Yes,57,5,4,Yes,Lazy,Medium,Friends,No
48544,1459,43,Delhi,Night,Weekend,Desserts,Lunch,Mid-range,720,No,23,9,4,Yes,Lazy,Low,Friends,No
48545,2145,30,Mumbai,Evening,Weekend,Chinese,Lunch,Budget,304,Yes,20,2,3,No,Happy,High,Family,Yes
48546,4550,42,Mumbai,Afternoon,Weekday,South Indian,Snacks,Premium,598,Yes,61,9,3,Yes,Stressed,High,Family,No
48547,3748,30,Chandigarh,Night,Weekday,Chinese,Breakfast,Premium,602,No,78,13,4,Yes,Celebrating,Low,Alone,No
48548,4415,31,Bangalore,Afternoon,Weekend,North Indian,Breakfast,Budget,161,Yes,33,6,2,No,Stressed,Medium,Friends,No
48549,2069,41,Mumbai,Morning,Weekday,Biryani,Dinner,Premium,620,Yes,73,9,4,No,Stressed,Medium,Alone,No
48550,4318,21,Bangalore,Morning,Weekend,North Indian,Dinner,Budget,856,Yes,20,8,1,No,Lazy,Medium,Partner,No
48551,3749,32,Pune,Night,Weekend,South Indian,Snacks,Budget,868,No,98,2,2,No,Stressed,Low,Family,No
48552,1045,37,Chandigarh,Evening,Weekend,Desserts,Lunch,Budget,988,No,76,7,5,Yes,Stressed,Medium,Alone,No
48553,3708,28,Mumbai,Evening,Weekend,Desserts,Lunch,Mid-range,632,No,74,5,5,Yes,Lazy,High,Partner,Yes
48554,2279,27,Pune,Evening,Weekday,North Indian,Lunch,Premium,291,Yes,31,8,4,Yes,Happy,Medium,Partner,No
48555,1660,21,Mumbai,Afternoon,Weekend,Biryani,Snacks,Budget,984,No,55,12,2,No,Happy,High,Alone,Yes
48556,4727,44,Pune,Night,Weekday,Desserts,Breakfast,Mid-range,973,Yes,99,3,5,Yes,Happy,High,Family,No
48557,4951,30,Delhi,Morning,Weekend,Biryani,Snacks,Budget,552,No,64,3,5,No,Happy,Medium,Friends,Yes
48558,2881,19,Mumbai,Morning,Weekend,Chinese,Lunch,Premium,111,No,47,1,4,No,Happy,High,Alone,No
48559,3204,39,Mumbai,Morning,Weekday,Fast Food,Breakfast,Mid-range,221,No,59,3,5,Yes,Happy,Low,Partner,No
48560,3208,35,Chandigarh,Evening,Weekday,Fast Food,Snacks,Budget,185,No,49,4,1,No,Celebrating,Low,Friends,Yes
48561,2119,24,Pune,Night,Weekend,South Indian,Breakfast,Budget,153,Yes,57,10,2,No,Stressed,High,Family,Yes
48562,3396,37,Mumbai,Morning,Weekday,Fast Food,Breakfast,Premium,391,Yes,37,11,5,Yes,Celebrating,High,Family,No
48563,4855,26,Hyderabad,Morning,Weekday,Desserts,Lunch,Premium,416,Yes,81,5,4,Yes,Happy,Low,Alone,Yes
48564,4330,37,Pune,Afternoon,Weekday,Desserts,Snacks,Premium,759,Yes,56,10,3,Yes,Happy,Medium,Family,Yes
48565,2990,39,Mumbai,Morning,Weekend,North Indian,Breakfast,Premium,866,No,71,2,1,Yes,Lazy,High,Friends,Yes
48566,1397,23,Chandigarh,Morning,Weekday,Desserts,Breakfast,Budget,685,Yes,27,11,1,No,Stressed,High,Friends,Yes
48567,4016,27,Bangalore,Morning,Weekend,South Indian,Snacks,Premium,201,No,32,10,4,No,Stressed,Low,Alone,No
48568,3686,18,Delhi,Afternoon,Weekend,Fast Food,Lunch,Mid-range,411,Yes,90,8,4,No,Lazy,Low,Family,No
48569,4670,20,Mumbai,Afternoon,Weekend,North Indian,Dinner,Mid-range,228,Yes,50,13,5,No,Lazy,Low,Partner,Yes
48570,3228,26,Mumbai,Evening,Weekend,Fast Food,Dinner,Mid-range,621,Yes,94,7,1,Yes,Happy,Medium,Alone,Yes
48571,1491,25,Chandigarh,Night,Weekday,North Indian,Dinner,Budget,777,No,67,10,1,No,Happy,Low,Alone,No
48572,2996,44,Delhi,Night,Weekday,Biryani,Dinner,Budget,189,Yes,46,9,5,No,Stressed,High,Alone,No
48573,2179,28,Hyderabad,Evening,Weekday,South Indian,Dinner,Premium,719,No,71,2,4,Yes,Stressed,Low,Friends,Yes
48574,4036,34,Chandigarh,Evening,Weekday,North Indian,Dinner,Budget,596,No,91,9,3,No,Lazy,High,Friends,Yes
48575,3551,28,Mumbai,Afternoon,Weekend,Biryani,Lunch,Budget,544,Yes,76,4,5,No,Happy,Medium,Family,No
48576,1209,21,Pune,Afternoon,Weekend,Desserts,Snacks,Mid-range,415,Yes,93,12,2,Yes,Stressed,Low,Partner,Yes
48577,2363,22,Delhi,Morning,Weekend,North Indian,Snacks,Budget,247,No,93,7,4,Yes,Happy,Medium,Partner,Yes
48578,4799,34,Pune,Night,Weekend,South Indian,Snacks,Premium,477,No,92,10,1,No,Celebrating,Medium,Family,No
48579,3773,20,Delhi,Night,Weekend,South Indian,Lunch,Budget,174,No,62,4,2,No,Happy,High,Family,Yes
48580,1608,26,Chandigarh,Evening,Weekend,Biryani,Snacks,Budget,243,Yes,82,9,5,No,Celebrating,High,Friends,No
48581,4472,23,Bangalore,Evening,Weekend,South Indian,Dinner,Premium,750,No,63,2,4,Yes,Happy,Medium,Alone,Yes
48582,3015,41,Chandigarh,Afternoon,Weekend,Biryani,Lunch,Premium,546,No,84,2,5,Yes,Happy,Low,Alone,No
48583,1901,31,Mumbai,Afternoon,Weekday,South Indian,Dinner,Premium,435,Yes,93,5,1,Yes,Celebrating,Medium,Friends,Yes
48584,4592,37,Chandigarh,Morning,Weekday,Biryani,Dinner,Budget,367,Yes,99,5,1,Yes,Happy,Low,Friends,No
48585,4425,37,Mumbai,Evening,Weekend,Chinese,Snacks,Premium,633,Yes,80,14,1,No,Celebrating,High,Friends,Yes
48586,1985,36,Pune,Night,Weekend,Fast Food,Lunch,Budget,265,No,87,8,5,No,Happy,Medium,Partner,No
48587,3493,27,Bangalore,Morning,Weekday,Biryani,Snacks,Premium,959,No,49,1,2,No,Lazy,High,Alone,No
48588,1117,22,Pune,Night,Weekend,Fast Food,Lunch,Premium,342,Yes,47,13,3,Yes,Stressed,High,Alone,Yes
48589,4192,22,Pune,Night,Weekend,Fast Food,Dinner,Budget,800,Yes,27,12,3,No,Lazy,High,Friends,No
48590,1014,40,Bangalore,Night,Weekday,South Indian,Lunch,Premium,386,Yes,98,9,5,Yes,Stressed,Low,Friends,No
48591,4932,18,Chandigarh,Morning,Weekday,Desserts,Snacks,Budget,580,Yes,91,2,3,No,Stressed,Medium,Friends,No
48592,4065,23,Delhi,Afternoon,Weekday,Chinese,Breakfast,Budget,468,Yes,49,10,1,No,Lazy,High,Family,No
48593,4041,25,Mumbai,Afternoon,Weekend,Desserts,Breakfast,Budget,209,No,37,4,5,No,Lazy,Low,Partner,No
48594,4406,37,Pune,Afternoon,Weekend,Biryani,Dinner,Mid-range,927,Yes,45,3,2,No,Stressed,High,Friends,Yes
48595,2159,31,Pune,Afternoon,Weekend,South Indian,Dinner,Premium,628,Yes,35,2,1,No,Stressed,High,Alone,Yes
48596,2169,30,Bangalore,Night,Weekday,North Indian,Breakfast,Premium,641,Yes,55,1,5,No,Celebrating,Medium,Family,Yes
48597,1436,39,Mumbai,Afternoon,Weekend,Desserts,Lunch,Budget,177,No,56,4,2,No,Lazy,Low,Partner,No
48598,2307,23,Chandigarh,Evening,Weekday,South Indian,Snacks,Mid-range,634,No,76,2,2,No,Stressed,Medium,Family,Yes
48599,3950,39,Mumbai,Morning,Weekday,Chinese,Dinner,Budget,207,No,84,2,2,No,Stressed,Low,Partner,No
48600,1899,25,Hyderabad,Afternoon,Weekday,Chinese,Snacks,Premium,880,No,37,5,2,No,Happy,High,Alone,No
48601,4049,20,Chandigarh,Evening,Weekend,Desserts,Dinner,Premium,640,Yes,80,2,4,No,Lazy,Medium,Family,No
48602,3152,38,Hyderabad,Morning,Weekend,South Indian,Dinner,Premium,579,No,40,9,5,No,Stressed,Medium,Family,No
48603,2660,36,Chandigarh,Morning,Weekday,South Indian,Dinner,Budget,748,Yes,73,14,4,No,Celebrating,Medium,Partner,Yes
48604,3739,42,Chandigarh,Afternoon,Weekend,Chinese,Snacks,Budget,696,Yes,76,6,3,No,Celebrating,Medium,Family,Yes
48605,4177,42,Pune,Night,Weekend,Chinese,Snacks,Budget,193,Yes,79,3,1,Yes,Celebrating,Low,Family,Yes
48606,3085,30,Hyderabad,Evening,Weekday,Fast Food,Lunch,Premium,684,Yes,82,14,2,Yes,Happy,Low,Friends,Yes
48607,4407,32,Delhi,Morning,Weekday,South Indian,Lunch,Budget,688,No,29,6,5,No,Lazy,High,Alone,No
48608,3449,40,Delhi,Night,Weekend,Biryani,Breakfast,Premium,806,No,40,1,2,No,Lazy,Medium,Friends,No
48609,4698,39,Chandigarh,Morning,Weekday,Desserts,Lunch,Premium,327,No,86,10,4,No,Stressed,Low,Friends,Yes
48610,2149,40,Bangalore,Morning,Weekend,Chinese,Snacks,Budget,194,Yes,81,1,1,No,Lazy,Medium,Partner,No
48611,3331,24,Delhi,Night,Weekend,South Indian,Breakfast,Mid-range,552,Yes,92,1,5,Yes,Celebrating,Medium,Alone,Yes
48612,1399,25,Bangalore,Evening,Weekday,Fast Food,Dinner,Budget,475,No,60,1,2,Yes,Lazy,Low,Alone,Yes
48613,1354,27,Chandigarh,Night,Weekend,North Indian,Dinner,Premium,321,Yes,77,9,4,Yes,Celebrating,High,Family,No
48614,3289,25,Chandigarh,Afternoon,Weekday,Chinese,Snacks,Premium,882,Yes,63,4,4,Yes,Happy,Low,Family,Yes
48615,4744,21,Pune,Morning,Weekend,Chinese,Dinner,Budget,299,No,51,6,5,No,Happy,High,Family,No
48616,3821,42,Bangalore,Morning,Weekday,North Indian,Lunch,Budget,184,No,76,6,4,No,Celebrating,High,Alone,Yes
48617,4382,18,Chandigarh,Night,Weekday,Fast Food,Lunch,Mid-range,202,Yes,90,11,5,No,Stressed,Low,Alone,No
48618,1052,23,Pune,Night,Weekday,Chinese,Snacks,Mid-range,619,Yes,84,12,3,Yes,Stressed,Medium,Friends,No
48619,1561,31,Bangalore,Morning,Weekend,Fast Food,Snacks,Mid-range,946,Yes,41,13,4,No,Stressed,Low,Partner,No
48620,4710,21,Delhi,Afternoon,Weekend,Chinese,Lunch,Budget,320,No,26,3,1,No,Stressed,Medium,Family,Yes
48621,4783,19,Delhi,Night,Weekend,Biryani,Snacks,Mid-range,941,Yes,27,6,5,No,Happy,High,Family,Yes
48622,3521,43,Bangalore,Morning,Weekend,Biryani,Lunch,Mid-range,231,No,91,6,1,No,Celebrating,High,Partner,No
48623,2693,42,Delhi,Evening,Weekend,Fast Food,Snacks,Premium,763,No,89,13,1,No,Celebrating,Low,Alone,Yes
48624,2403,33,Hyderabad,Afternoon,Weekend,South Indian,Dinner,Budget,727,Yes,94,10,1,Yes,Happy,Low,Partner,No
48625,1984,39,Bangalore,Evening,Weekday,Biryani,Snacks,Mid-range,599,No,88,6,4,No,Lazy,Low,Partner,Yes
48626,2607,28,Bangalore,Morning,Weekend,Biryani,Lunch,Budget,342,Yes,85,13,5,No,Lazy,High,Friends,No
48627,2607,41,Bangalore,Evening,Weekday,Fast Food,Snacks,Mid-range,305,No,24,7,5,No,Stressed,Low,Friends,No
48628,3603,23,Chandigarh,Evening,Weekday,South Indian,Breakfast,Premium,143,No,62,3,5,Yes,Stressed,Low,Alone,No
48629,4025,20,Delhi,Morning,Weekday,Fast Food,Breakfast,Mid-range,299,No,85,9,1,No,Stressed,High,Partner,No
48630,1326,41,Chandigarh,Evening,Weekday,Desserts,Snacks,Budget,466,Yes,59,2,4,Yes,Celebrating,High,Partner,Yes
48631,1417,33,Chandigarh,Morning,Weekday,Biryani,Dinner,Premium,635,No,41,1,2,No,Lazy,High,Alone,Yes
48632,2913,38,Pune,Morning,Weekend,North Indian,Breakfast,Premium,330,No,69,3,3,No,Lazy,Medium,Friends,No
48633,1036,42,Bangalore,Morning,Weekend,Biryani,Lunch,Budget,893,No,48,13,5,No,Stressed,High,Friends,No
48634,1526,25,Hyderabad,Morning,Weekday,North Indian,Breakfast,Mid-range,140,No,76,5,3,Yes,Celebrating,Low,Alone,Yes
48635,3855,43,Pune,Afternoon,Weekday,Desserts,Dinner,Budget,313,Yes,60,13,3,Yes,Celebrating,High,Family,No
48636,1255,28,Chandigarh,Afternoon,Weekend,Desserts,Breakfast,Mid-range,655,No,53,4,2,Yes,Lazy,Low,Partner,No
48637,1648,24,Pune,Afternoon,Weekend,Biryani,Dinner,Premium,591,Yes,39,6,5,No,Stressed,Medium,Alone,No
48638,4936,35,Chandigarh,Evening,Weekend,Desserts,Snacks,Premium,935,Yes,49,11,1,No,Celebrating,Medium,Partner,Yes
48639,2021,35,Chandigarh,Morning,Weekday,Biryani,Breakfast,Premium,497,No,83,6,4,Yes,Happy,Medium,Partner,Yes
48640,2194,29,Hyderabad,Morning,Weekday,Chinese,Lunch,Budget,797,No,53,10,4,No,Celebrating,High,Friends,Yes
48641,1365,20,Hyderabad,Evening,Weekday,North Indian,Snacks,Budget,204,No,48,4,2,Yes,Lazy,High,Alone,No
48642,2447,29,Mumbai,Night,Weekday,Fast Food,Breakfast,Mid-range,239,No,59,10,2,No,Happy,High,Alone,Yes
48643,3777,37,Delhi,Evening,Weekday,North Indian,Snacks,Budget,318,Yes,86,12,3,Yes,Stressed,High,Partner,Yes
48644,2962,18,Mumbai,Morning,Weekday,Desserts,Dinner,Budget,198,No,22,4,3,Yes,Happy,Medium,Partner,No
48645,2907,18,Delhi,Afternoon,Weekday,North Indian,Snacks,Mid-range,276,No,41,3,4,No,Stressed,High,Friends,No
48646,3427,30,Delhi,Morning,Weekday,Biryani,Breakfast,Budget,129,No,51,11,4,No,Happy,High,Family,No
48647,3121,39,Bangalore,Evening,Weekday,North Indian,Breakfast,Budget,398,Yes,33,3,5,No,Celebrating,Medium,Partner,No
48648,1557,24,Bangalore,Evening,Weekday,North Indian,Breakfast,Premium,524,Yes,56,5,3,No,Lazy,High,Partner,Yes
48649,1807,41,Hyderabad,Afternoon,Weekend,South Indian,Breakfast,Budget,160,No,27,9,3,No,Celebrating,Low,Partner,No
48650,2375,42,Delhi,Night,Weekday,North Indian,Snacks,Premium,650,No,91,14,1,No,Lazy,High,Alone,No
48651,2685,33,Delhi,Evening,Weekend,Desserts,Dinner,Mid-range,831,Yes,40,11,3,No,Happy,Low,Family,No
48652,4055,33,Bangalore,Morning,Weekend,Chinese,Breakfast,Mid-range,958,Yes,90,11,3,Yes,Celebrating,High,Family,No
48653,4931,42,Pune,Morning,Weekday,Desserts,Dinner,Budget,953,No,57,5,1,Yes,Lazy,Low,Alone,No
48654,3279,39,Mumbai,Evening,Weekday,South Indian,Lunch,Premium,247,Yes,26,2,3,Yes,Celebrating,High,Alone,Yes
48655,4519,29,Bangalore,Afternoon,Weekday,South Indian,Dinner,Budget,545,No,40,3,1,Yes,Stressed,Low,Family,No
48656,2895,41,Delhi,Morning,Weekday,Biryani,Breakfast,Premium,310,Yes,44,7,4,Yes,Happy,Medium,Partner,Yes
48657,2502,22,Pune,Morning,Weekend,Desserts,Dinner,Premium,792,No,71,10,5,Yes,Celebrating,High,Family,No
48658,4419,32,Chandigarh,Morning,Weekend,North Indian,Breakfast,Premium,615,No,25,8,4,Yes,Stressed,Medium,Alone,Yes
48659,3841,24,Bangalore,Afternoon,Weekday,Fast Food,Snacks,Budget,710,No,57,7,5,No,Stressed,High,Friends,No
48660,3178,33,Hyderabad,Evening,Weekday,South Indian,Breakfast,Premium,186,No,76,2,4,Yes,Celebrating,Medium,Partner,No
48661,2180,37,Delhi,Afternoon,Weekend,Biryani,Snacks,Mid-range,454,No,27,5,2,No,Celebrating,Low,Friends,Yes
48662,2812,24,Delhi,Afternoon,Weekday,South Indian,Lunch,Mid-range,133,No,73,11,3,Yes,Happy,High,Family,No
48663,3645,21,Bangalore,Night,Weekend,Desserts,Dinner,Budget,258,No,27,1,5,No,Happy,Low,Friends,Yes
48664,1441,31,Bangalore,Night,Weekday,Desserts,Snacks,Mid-range,509,No,43,12,4,Yes,Lazy,Low,Friends,No
48665,4616,30,Bangalore,Morning,Weekend,Fast Food,Snacks,Premium,924,No,82,13,4,No,Celebrating,High,Friends,Yes
48666,2722,39,Pune,Night,Weekday,South Indian,Dinner,Premium,926,Yes,83,14,2,No,Lazy,Medium,Friends,Yes
48667,1733,25,Delhi,Afternoon,Weekday,Desserts,Lunch,Budget,959,No,66,8,1,No,Celebrating,Medium,Family,Yes
48668,4894,40,Delhi,Night,Weekday,Fast Food,Lunch,Premium,269,No,60,4,1,Yes,Happy,High,Partner,Yes
48669,2604,24,Pune,Morning,Weekend,Fast Food,Snacks,Mid-range,595,No,59,4,3,No,Stressed,High,Friends,Yes
48670,3551,23,Pune,Night,Weekend,North Indian,Breakfast,Budget,146,No,85,2,1,No,Happy,Low,Family,No
48671,2037,39,Pune,Morning,Weekend,Chinese,Dinner,Mid-range,539,Yes,28,11,4,Yes,Lazy,Low,Alone,Yes
48672,2371,36,Delhi,Afternoon,Weekday,Desserts,Lunch,Budget,772,Yes,81,1,1,No,Celebrating,Low,Friends,No
48673,3140,24,Pune,Afternoon,Weekend,Fast Food,Snacks,Budget,769,Yes,67,4,1,Yes,Stressed,Low,Family,Yes
48674,3145,22,Mumbai,Afternoon,Weekday,Biryani,Lunch,Mid-range,437,No,35,8,5,Yes,Stressed,Low,Friends,No
48675,2455,27,Delhi,Night,Weekend,Biryani,Dinner,Mid-range,440,Yes,92,11,1,No,Celebrating,Medium,Friends,No
48676,4100,41,Bangalore,Evening,Weekday,South Indian,Dinner,Premium,469,Yes,93,8,3,Yes,Lazy,Low,Partner,Yes
48677,3020,38,Chandigarh,Night,Weekday,Biryani,Lunch,Budget,981,Yes,67,1,5,Yes,Stressed,Low,Family,No
48678,2985,42,Chandigarh,Evening,Weekend,South Indian,Dinner,Budget,864,No,60,14,3,No,Celebrating,High,Alone,No
48679,2826,37,Mumbai,Night,Weekend,Chinese,Dinner,Budget,229,Yes,38,1,5,Yes,Celebrating,Medium,Alone,Yes
48680,1183,41,Mumbai,Afternoon,Weekend,Chinese,Lunch,Premium,824,Yes,33,2,1,No,Lazy,High,Friends,No
48681,4969,41,Hyderabad,Afternoon,Weekend,Biryani,Lunch,Budget,768,No,23,14,1,No,Happy,High,Partner,Yes
48682,2170,36,Bangalore,Night,Weekend,Biryani,Snacks,Mid-range,901,Yes,85,5,4,Yes,Celebrating,Medium,Friends,No
48683,2204,29,Chandigarh,Evening,Weekend,North Indian,Dinner,Mid-range,500,No,64,3,5,No,Stressed,Medium,Alone,No
48684,3786,27,Delhi,Evening,Weekday,Chinese,Dinner,Budget,924,Yes,52,11,4,No,Happy,High,Partner,No
48685,2101,38,Chandigarh,Night,Weekend,North Indian,Breakfast,Premium,715,Yes,82,14,4,No,Celebrating,Low,Alone,No
48686,4771,19,Delhi,Morning,Weekend,Desserts,Snacks,Premium,560,No,24,9,5,Yes,Stressed,High,Family,No
48687,2307,35,Hyderabad,Evening,Weekday,Desserts,Lunch,Premium,604,Yes,74,13,1,Yes,Happy,Low,Partner,Yes
48688,1102,20,Pune,Evening,Weekday,Chinese,Lunch,Budget,560,Yes,43,8,1,No,Lazy,High,Partner,Yes
48689,3319,25,Mumbai,Night,Weekend,South Indian,Lunch,Mid-range,951,Yes,70,1,4,Yes,Lazy,Low,Family,Yes
48690,1302,25,Hyderabad,Night,Weekend,Desserts,Lunch,Premium,522,Yes,26,14,4,No,Celebrating,Low,Partner,Yes
48691,4979,41,Bangalore,Night,Weekday,North Indian,Dinner,Premium,258,No,93,4,2,No,Happy,Medium,Alone,Yes
48692,3559,29,Chandigarh,Evening,Weekday,Biryani,Dinner,Premium,185,Yes,52,7,3,Yes,Lazy,High,Family,Yes
48693,3445,30,Chandigarh,Evening,Weekend,Fast Food,Breakfast,Premium,735,Yes,52,13,1,No,Stressed,Medium,Partner,Yes
48694,3228,23,Delhi,Evening,Weekday,Desserts,Dinner,Budget,549,No,88,11,2,No,Celebrating,Medium,Family,No
48695,2852,39,Hyderabad,Night,Weekend,Chinese,Breakfast,Premium,194,No,48,13,5,No,Celebrating,Low,Partner,Yes
48696,4766,44,Bangalore,Afternoon,Weekend,Biryani,Dinner,Mid-range,371,Yes,97,3,1,No,Stressed,High,Friends,No
48697,2734,32,Pune,Evening,Weekend,South Indian,Lunch,Premium,686,No,77,4,5,Yes,Stressed,Medium,Friends,Yes
48698,4970,43,Delhi,Evening,Weekday,Fast Food,Dinner,Mid-range,932,No,58,6,5,No,Stressed,High,Family,No
48699,2190,31,Mumbai,Morning,Weekend,North Indian,Snacks,Premium,150,Yes,38,12,4,No,Lazy,Medium,Partner,No
48700,1231,41,Pune,Afternoon,Weekday,South Indian,Dinner,Budget,503,Yes,98,4,3,No,Stressed,High,Alone,No
48701,2108,41,Bangalore,Evening,Weekday,Fast Food,Lunch,Budget,724,No,24,9,1,No,Happy,Low,Alone,No
48702,4206,44,Pune,Afternoon,Weekend,Desserts,Dinner,Budget,646,No,87,1,3,No,Stressed,Low,Alone,Yes
48703,2201,32,Chandigarh,Evening,Weekday,Chinese,Breakfast,Budget,527,Yes,85,12,3,No,Celebrating,High,Friends,No
48704,4401,37,Mumbai,Morning,Weekday,Biryani,Breakfast,Mid-range,522,No,31,3,2,Yes,Celebrating,Medium,Partner,Yes
48705,1636,24,Chandigarh,Night,Weekday,Biryani,Snacks,Mid-range,223,Yes,41,5,1,No,Celebrating,Low,Alone,No
48706,4055,35,Chandigarh,Night,Weekend,Desserts,Breakfast,Premium,367,No,25,11,2,No,Celebrating,Low,Friends,Yes
48707,2076,25,Mumbai,Night,Weekend,South Indian,Dinner,Premium,952,No,99,8,4,Yes,Celebrating,Low,Friends,No
48708,3095,18,Bangalore,Evening,Weekday,Desserts,Dinner,Budget,157,Yes,33,1,1,No,Lazy,Medium,Friends,Yes
48709,1252,21,Delhi,Afternoon,Weekend,North Indian,Lunch,Mid-range,506,Yes,71,9,4,Yes,Lazy,Low,Partner,Yes
48710,2519,23,Delhi,Afternoon,Weekend,Desserts,Snacks,Budget,502,Yes,27,12,4,No,Lazy,High,Family,Yes
48711,1120,30,Hyderabad,Evening,Weekend,Biryani,Breakfast,Premium,895,No,67,10,2,No,Lazy,High,Partner,Yes
48712,4329,26,Hyderabad,Evening,Weekend,Biryani,Breakfast,Premium,634,Yes,50,1,5,No,Celebrating,High,Family,Yes
48713,3461,24,Pune,Night,Weekday,Biryani,Breakfast,Premium,501,No,97,6,1,Yes,Lazy,Medium,Partner,No
48714,4255,27,Hyderabad,Night,Weekend,Desserts,Snacks,Mid-range,512,No,93,6,3,No,Celebrating,Low,Friends,No
48715,2936,31,Pune,Night,Weekend,South Indian,Snacks,Budget,980,No,38,8,4,Yes,Lazy,High,Partner,No
48716,4391,25,Hyderabad,Evening,Weekend,Biryani,Snacks,Budget,880,Yes,31,8,4,Yes,Lazy,Medium,Alone,No
48717,4302,34,Pune,Night,Weekday,South Indian,Dinner,Premium,793,Yes,63,7,3,No,Celebrating,Medium,Family,No
48718,1391,42,Delhi,Morning,Weekend,Fast Food,Breakfast,Mid-range,609,Yes,30,12,5,Yes,Lazy,Low,Family,No
48719,1681,19,Mumbai,Afternoon,Weekend,Biryani,Lunch,Mid-range,274,Yes,78,3,4,Yes,Stressed,Medium,Friends,No
48720,3983,42,Hyderabad,Afternoon,Weekday,Biryani,Snacks,Premium,883,No,56,5,1,No,Lazy,Low,Family,No
48721,2026,40,Chandigarh,Afternoon,Weekday,North Indian,Breakfast,Budget,996,No,91,11,1,No,Stressed,Low,Partner,Yes
48722,2227,18,Pune,Night,Weekday,North Indian,Snacks,Mid-range,653,No,65,5,3,Yes,Lazy,Medium,Friends,Yes
48723,4112,21,Pune,Afternoon,Weekday,Chinese,Dinner,Premium,711,No,78,12,1,Yes,Stressed,Low,Alone,Yes
48724,1097,39,Delhi,Morning,Weekend,Desserts,Lunch,Budget,274,No,45,4,3,Yes,Happy,Medium,Family,Yes
48725,1358,41,Delhi,Afternoon,Weekend,Biryani,Dinner,Budget,343,Yes,41,1,5,Yes,Stressed,Low,Partner,No
48726,4699,41,Hyderabad,Morning,Weekday,Desserts,Lunch,Budget,954,Yes,74,5,2,Yes,Happy,High,Friends,Yes
48727,3914,31,Hyderabad,Night,Weekend,Fast Food,Dinner,Budget,931,No,57,14,2,No,Lazy,Medium,Partner,No
48728,2941,39,Pune,Morning,Weekday,South Indian,Dinner,Premium,363,No,90,14,5,No,Happy,High,Partner,Yes
48729,4130,42,Chandigarh,Afternoon,Weekend,Fast Food,Snacks,Mid-range,277,No,73,1,3,Yes,Celebrating,High,Family,Yes
48730,3640,25,Bangalore,Night,Weekend,Fast Food,Lunch,Mid-range,442,No,51,14,3,Yes,Lazy,High,Family,Yes
48731,4786,21,Pune,Morning,Weekend,North Indian,Dinner,Budget,655,No,37,8,1,No,Stressed,High,Alone,No
48732,2318,23,Chandigarh,Evening,Weekend,Chinese,Snacks,Mid-range,240,No,99,2,1,Yes,Lazy,High,Family,No
48733,3350,26,Pune,Night,Weekday,North Indian,Snacks,Mid-range,197,Yes,77,8,4,No,Happy,Low,Family,No
48734,4535,44,Mumbai,Afternoon,Weekend,Chinese,Lunch,Mid-range,424,Yes,93,13,2,Yes,Celebrating,Low,Friends,Yes
48735,2227,30,Chandigarh,Night,Weekend,South Indian,Breakfast,Budget,229,Yes,97,11,5,Yes,Celebrating,High,Family,No
48736,4830,42,Chandigarh,Evening,Weekend,Desserts,Snacks,Premium,187,No,89,11,5,Yes,Celebrating,Low,Partner,No
48737,3049,43,Delhi,Morning,Weekday,North Indian,Dinner,Premium,821,No,65,4,4,No,Lazy,Medium,Partner,Yes
48738,2425,31,Pune,Evening,Weekend,South Indian,Dinner,Mid-range,565,Yes,92,12,1,Yes,Lazy,Low,Partner,Yes
48739,3731,21,Delhi,Night,Weekday,Fast Food,Snacks,Budget,160,Yes,24,5,1,No,Celebrating,Low,Family,Yes
48740,1335,18,Chandigarh,Morning,Weekend,North Indian,Dinner,Budget,815,Yes,31,14,1,No,Happy,Low,Friends,No
48741,4970,42,Pune,Evening,Weekday,South Indian,Lunch,Premium,462,No,58,10,5,Yes,Stressed,Low,Alone,Yes
48742,2954,21,Delhi,Night,Weekend,Chinese,Dinner,Mid-range,742,No,56,10,4,Yes,Lazy,Low,Alone,Yes
48743,4900,23,Delhi,Morning,Weekend,Biryani,Snacks,Budget,632,Yes,44,13,2,No,Stressed,Medium,Alone,No
48744,4804,43,Mumbai,Morning,Weekend,Desserts,Snacks,Mid-range,703,No,45,3,4,Yes,Celebrating,High,Friends,No
48745,3696,19,Hyderabad,Morning,Weekend,North Indian,Snacks,Mid-range,872,Yes,28,11,4,No,Happy,Medium,Alone,Yes
48746,3816,20,Hyderabad,Evening,Weekend,Biryani,Breakfast,Budget,144,Yes,73,14,1,No,Lazy,High,Alone,No
48747,1610,19,Hyderabad,Evening,Weekend,North Indian,Lunch,Premium,335,Yes,69,2,2,Yes,Celebrating,High,Family,Yes
48748,2774,21,Pune,Evening,Weekend,Desserts,Lunch,Budget,340,No,26,8,3,Yes,Lazy,Low,Family,No
48749,4759,41,Chandigarh,Night,Weekday,North Indian,Lunch,Budget,868,No,43,3,3,Yes,Celebrating,Low,Friends,Yes
48750,4838,23,Delhi,Evening,Weekend,Fast Food,Breakfast,Premium,405,No,99,11,3,No,Celebrating,Low,Family,Yes
48751,1731,27,Chandigarh,Morning,Weekday,North Indian,Dinner,Budget,263,Yes,50,3,1,Yes,Celebrating,Medium,Partner,No
48752,3120,32,Delhi,Afternoon,Weekday,Desserts,Lunch,Mid-range,690,No,72,6,5,Yes,Happy,Medium,Friends,Yes
48753,4805,27,Pune,Night,Weekday,Chinese,Dinner,Budget,494,Yes,26,1,5,Yes,Stressed,High,Alone,Yes
48754,1108,33,Hyderabad,Evening,Weekday,Desserts,Snacks,Mid-range,839,Yes,78,7,4,Yes,Celebrating,Medium,Partner,Yes
48755,1678,36,Chandigarh,Night,Weekday,South Indian,Snacks,Budget,378,Yes,80,1,3,No,Celebrating,Medium,Friends,Yes
48756,3108,24,Mumbai,Night,Weekday,Fast Food,Lunch,Mid-range,212,Yes,52,1,2,No,Stressed,Low,Alone,No
48757,2452,41,Pune,Afternoon,Weekday,South Indian,Lunch,Premium,497,No,99,14,2,Yes,Celebrating,Medium,Partner,Yes
48758,1494,18,Pune,Evening,Weekend,South Indian,Dinner,Budget,890,Yes,34,11,5,Yes,Stressed,Low,Alone,No
48759,4061,44,Mumbai,Night,Weekend,Biryani,Breakfast,Budget,931,Yes,49,8,3,Yes,Stressed,Medium,Friends,No
48760,1369,28,Mumbai,Afternoon,Weekend,North Indian,Lunch,Premium,736,Yes,29,9,1,No,Stressed,Low,Friends,No
48761,3535,33,Bangalore,Evening,Weekend,Fast Food,Breakfast,Mid-range,647,Yes,83,8,3,No,Celebrating,High,Alone,No
48762,4047,29,Mumbai,Morning,Weekday,North Indian,Dinner,Budget,841,Yes,75,6,1,No,Stressed,Medium,Friends,No
48763,2429,25,Chandigarh,Morning,Weekend,Desserts,Breakfast,Budget,128,No,41,9,5,Yes,Stressed,High,Family,Yes
48764,3405,21,Bangalore,Afternoon,Weekend,Fast Food,Dinner,Budget,300,No,30,3,2,No,Celebrating,Medium,Family,Yes
48765,3640,30,Delhi,Morning,Weekend,Chinese,Snacks,Premium,480,No,72,6,1,Yes,Celebrating,Medium,Family,No
48766,1471,39,Delhi,Evening,Weekend,Fast Food,Lunch,Mid-range,845,No,99,6,4,No,Happy,High,Alone,Yes
48767,1034,37,Hyderabad,Evening,Weekend,Biryani,Lunch,Budget,364,Yes,52,8,1,Yes,Happy,High,Alone,No
48768,1624,43,Pune,Afternoon,Weekend,Fast Food,Lunch,Budget,795,No,28,9,2,Yes,Celebrating,Medium,Friends,Yes
48769,4423,24,Hyderabad,Night,Weekend,Biryani,Lunch,Premium,892,Yes,26,10,1,Yes,Happy,Medium,Family,Yes
48770,3095,20,Hyderabad,Morning,Weekday,Desserts,Lunch,Mid-range,634,Yes,89,14,3,Yes,Lazy,Low,Family,Yes
48771,2227,20,Chandigarh,Night,Weekend,South Indian,Lunch,Premium,751,No,25,10,1,Yes,Celebrating,Low,Friends,No
48772,1685,25,Bangalore,Morning,Weekday,Desserts,Snacks,Mid-range,201,No,78,13,2,Yes,Celebrating,High,Friends,No
48773,4243,38,Chandigarh,Evening,Weekend,South Indian,Snacks,Mid-range,774,No,60,1,1,Yes,Celebrating,Medium,Family,No
48774,4230,22,Bangalore,Afternoon,Weekday,North Indian,Snacks,Budget,579,No,84,11,4,No,Lazy,High,Family,Yes
48775,3321,25,Bangalore,Morning,Weekend,North Indian,Dinner,Premium,985,No,48,4,2,Yes,Lazy,High,Partner,No
48776,1533,37,Delhi,Night,Weekday,South Indian,Breakfast,Budget,762,Yes,50,1,1,No,Happy,High,Family,Yes
48777,2287,36,Pune,Evening,Weekday,Desserts,Snacks,Mid-range,244,Yes,22,4,2,No,Lazy,Low,Alone,No
48778,4925,21,Bangalore,Morning,Weekend,Biryani,Breakfast,Budget,545,Yes,75,1,5,Yes,Lazy,High,Friends,Yes
48779,1427,35,Chandigarh,Afternoon,Weekday,South Indian,Snacks,Premium,284,No,89,14,5,No,Lazy,High,Friends,No
48780,1558,29,Mumbai,Evening,Weekend,North Indian,Snacks,Mid-range,151,No,75,5,3,Yes,Lazy,Low,Family,No
48781,4507,27,Bangalore,Night,Weekday,Biryani,Dinner,Mid-range,209,Yes,66,11,2,No,Stressed,Medium,Friends,No
48782,1002,43,Bangalore,Night,Weekend,Chinese,Lunch,Budget,925,No,24,12,3,No,Lazy,Medium,Alone,No
48783,4717,39,Delhi,Evening,Weekday,Biryani,Lunch,Premium,764,Yes,49,4,2,No,Stressed,High,Friends,Yes
48784,1947,41,Pune,Morning,Weekend,Chinese,Breakfast,Mid-range,278,Yes,42,12,1,No,Lazy,Medium,Partner,Yes
48785,1121,37,Delhi,Afternoon,Weekday,Biryani,Breakfast,Budget,690,Yes,20,10,5,No,Celebrating,Low,Partner,Yes
48786,4116,26,Hyderabad,Afternoon,Weekend,Biryani,Dinner,Premium,353,Yes,51,7,4,Yes,Lazy,Medium,Family,Yes
48787,1198,35,Bangalore,Night,Weekday,Desserts,Snacks,Premium,590,Yes,22,5,3,Yes,Happy,High,Alone,No
48788,4797,21,Chandigarh,Night,Weekend,North Indian,Breakfast,Budget,345,Yes,48,13,3,No,Celebrating,High,Partner,Yes
48789,4002,36,Hyderabad,Afternoon,Weekday,Desserts,Snacks,Premium,655,Yes,58,12,2,No,Stressed,Medium,Friends,No
48790,4878,21,Hyderabad,Evening,Weekday,North Indian,Dinner,Mid-range,301,No,26,13,4,No,Stressed,High,Family,Yes
48791,4768,31,Mumbai,Night,Weekday,Chinese,Breakfast,Budget,440,Yes,47,5,2,Yes,Lazy,Medium,Family,Yes
48792,2945,36,Chandigarh,Morning,Weekday,Desserts,Lunch,Premium,633,Yes,95,8,2,Yes,Stressed,High,Alone,No
48793,4069,34,Chandigarh,Morning,Weekend,Desserts,Lunch,Mid-range,719,Yes,54,8,1,No,Stressed,Medium,Partner,Yes
48794,2151,20,Hyderabad,Afternoon,Weekday,Fast Food,Lunch,Premium,889,No,52,10,2,No,Stressed,Medium,Alone,Yes
48795,2569,24,Bangalore,Evening,Weekday,Desserts,Breakfast,Mid-range,952,No,38,9,1,No,Stressed,Low,Friends,Yes
48796,2654,32,Mumbai,Morning,Weekend,North Indian,Snacks,Budget,781,No,85,10,1,Yes,Celebrating,Medium,Family,No
48797,3305,28,Bangalore,Night,Weekday,Biryani,Breakfast,Premium,371,No,53,11,5,No,Stressed,Medium,Family,Yes
48798,1536,33,Hyderabad,Night,Weekend,North Indian,Breakfast,Mid-range,170,No,44,1,5,No,Happy,High,Alone,Yes
48799,4009,20,Chandigarh,Night,Weekday,Fast Food,Breakfast,Mid-range,447,No,83,8,4,Yes,Lazy,High,Friends,No
48800,2055,44,Chandigarh,Afternoon,Weekday,North Indian,Lunch,Budget,879,No,61,13,3,Yes,Celebrating,High,Alone,No
48801,4448,22,Bangalore,Afternoon,Weekday,North Indian,Lunch,Mid-range,101,No,56,10,5,No,Celebrating,Medium,Family,Yes
48802,2268,33,Delhi,Morning,Weekday,Fast Food,Lunch,Mid-range,104,Yes,66,10,2,No,Happy,Medium,Family,Yes
48803,2169,35,Chandigarh,Afternoon,Weekday,Biryani,Lunch,Mid-range,992,Yes,78,3,2,Yes,Happy,Low,Alone,Yes
48804,1798,32,Delhi,Morning,Weekday,Biryani,Snacks,Mid-range,351,No,64,6,2,Yes,Happy,Low,Alone,No
48805,2903,28,Mumbai,Night,Weekend,Biryani,Snacks,Premium,393,No,72,13,2,No,Lazy,Medium,Friends,No
48806,2759,19,Delhi,Morning,Weekend,Desserts,Lunch,Mid-range,533,Yes,93,1,1,Yes,Celebrating,Medium,Alone,Yes
48807,1969,23,Bangalore,Evening,Weekday,Chinese,Breakfast,Premium,437,No,77,5,1,Yes,Happy,Medium,Alone,No
48808,3767,44,Pune,Night,Weekend,South Indian,Lunch,Budget,630,Yes,81,11,1,No,Stressed,Low,Partner,Yes
48809,2412,26,Delhi,Morning,Weekday,Biryani,Breakfast,Premium,810,Yes,85,11,4,No,Celebrating,High,Alone,Yes
48810,1145,24,Delhi,Afternoon,Weekend,North Indian,Snacks,Premium,502,No,70,14,2,Yes,Lazy,Low,Friends,No
48811,3307,23,Chandigarh,Morning,Weekday,Chinese,Breakfast,Budget,779,No,48,13,1,No,Happy,Low,Alone,No
48812,4029,23,Hyderabad,Morning,Weekday,North Indian,Snacks,Premium,281,Yes,88,11,4,Yes,Happy,Medium,Family,Yes
48813,1786,25,Pune,Afternoon,Weekend,Biryani,Snacks,Mid-range,820,Yes,35,14,1,No,Happy,Low,Friends,No
48814,3536,36,Hyderabad,Afternoon,Weekday,Fast Food,Snacks,Budget,811,No,51,10,4,Yes,Happy,High,Partner,Yes
48815,4645,35,Bangalore,Night,Weekday,Desserts,Dinner,Mid-range,927,Yes,50,6,4,Yes,Happy,Low,Alone,Yes
48816,2803,39,Hyderabad,Night,Weekday,Desserts,Snacks,Premium,827,No,83,4,1,Yes,Lazy,Low,Alone,No
48817,2182,34,Chandigarh,Afternoon,Weekend,South Indian,Breakfast,Premium,500,No,87,12,5,Yes,Happy,Low,Partner,Yes
48818,4219,29,Bangalore,Morning,Weekend,Fast Food,Lunch,Mid-range,482,Yes,76,2,2,Yes,Happy,Low,Partner,No
48819,1960,22,Delhi,Afternoon,Weekday,Biryani,Dinner,Premium,299,Yes,50,12,5,Yes,Happy,High,Partner,No
48820,1455,33,Bangalore,Evening,Weekday,Biryani,Dinner,Premium,788,Yes,73,10,3,Yes,Lazy,High,Alone,No
48821,3478,38,Chandigarh,Afternoon,Weekday,Fast Food,Breakfast,Budget,834,No,45,2,2,No,Happy,High,Family,No
48822,4383,18,Mumbai,Morning,Weekday,Fast Food,Dinner,Premium,316,Yes,43,9,2,No,Stressed,High,Partner,No
48823,3687,19,Pune,Morning,Weekday,Fast Food,Dinner,Mid-range,713,Yes,64,8,1,No,Lazy,Low,Alone,No
48824,3727,40,Pune,Afternoon,Weekend,Chinese,Breakfast,Mid-range,467,Yes,43,9,3,Yes,Celebrating,High,Partner,Yes
48825,1186,20,Bangalore,Evening,Weekend,Fast Food,Breakfast,Premium,842,Yes,61,7,2,No,Lazy,Low,Alone,No
48826,3814,25,Hyderabad,Evening,Weekend,Desserts,Lunch,Budget,270,No,38,1,5,Yes,Lazy,Low,Friends,No
48827,1170,24,Mumbai,Afternoon,Weekend,North Indian,Lunch,Budget,386,No,75,2,4,Yes,Lazy,Medium,Family,Yes
48828,1872,34,Bangalore,Morning,Weekday,Desserts,Breakfast,Budget,179,Yes,83,9,3,Yes,Celebrating,High,Friends,No
48829,1029,21,Mumbai,Night,Weekend,Biryani,Lunch,Budget,785,No,60,1,2,No,Celebrating,Low,Alone,Yes
48830,3632,41,Hyderabad,Afternoon,Weekend,North Indian,Lunch,Mid-range,453,Yes,60,14,1,Yes,Lazy,Medium,Friends,Yes
48831,4242,19,Hyderabad,Morning,Weekend,Desserts,Breakfast,Budget,155,Yes,71,1,1,No,Celebrating,Medium,Alone,No
48832,4773,32,Hyderabad,Evening,Weekday,Fast Food,Lunch,Premium,389,Yes,60,5,2,Yes,Stressed,Medium,Partner,No
48833,1465,28,Bangalore,Night,Weekday,Chinese,Snacks,Budget,643,Yes,68,3,1,No,Celebrating,High,Family,No
48834,2545,41,Mumbai,Morning,Weekend,Desserts,Snacks,Mid-range,811,Yes,37,2,3,Yes,Celebrating,Low,Alone,Yes
48835,4639,31,Hyderabad,Night,Weekday,South Indian,Snacks,Mid-range,291,Yes,21,2,4,No,Stressed,Medium,Family,No
48836,2355,27,Hyderabad,Evening,Weekday,South Indian,Snacks,Mid-range,661,Yes,87,9,2,Yes,Stressed,High,Friends,No
48837,4608,38,Bangalore,Afternoon,Weekend,Fast Food,Dinner,Mid-range,827,No,31,6,1,Yes,Stressed,High,Partner,No
48838,4039,26,Mumbai,Evening,Weekend,Desserts,Lunch,Premium,857,Yes,67,8,4,No,Celebrating,Low,Friends,Yes
48839,2753,39,Delhi,Afternoon,Weekday,Desserts,Lunch,Budget,864,Yes,74,3,1,No,Celebrating,Low,Partner,No
48840,4750,38,Hyderabad,Afternoon,Weekend,North Indian,Breakfast,Mid-range,844,Yes,83,7,5,No,Stressed,High,Friends,No
48841,3789,35,Chandigarh,Afternoon,Weekday,Desserts,Snacks,Premium,422,No,64,13,1,No,Happy,Medium,Family,Yes
48842,1877,32,Hyderabad,Morning,Weekday,Chinese,Snacks,Mid-range,151,No,43,3,3,Yes,Happy,Low,Family,No
48843,4978,33,Bangalore,Afternoon,Weekend,Chinese,Dinner,Premium,992,No,30,8,2,Yes,Stressed,Medium,Family,Yes
48844,4831,40,Chandigarh,Afternoon,Weekend,North Indian,Snacks,Premium,211,Yes,32,9,3,No,Lazy,Medium,Friends,Yes
48845,4508,21,Mumbai,Night,Weekend,Fast Food,Dinner,Premium,718,No,34,3,5,Yes,Lazy,Medium,Partner,Yes
48846,4934,40,Pune,Night,Weekday,Desserts,Breakfast,Budget,732,Yes,24,9,2,Yes,Celebrating,Low,Family,Yes
48847,1886,43,Delhi,Evening,Weekend,North Indian,Lunch,Premium,420,Yes,92,6,5,Yes,Lazy,High,Friends,No
48848,1855,41,Bangalore,Afternoon,Weekend,Biryani,Snacks,Premium,999,No,99,9,5,No,Lazy,High,Friends,No
48849,3923,23,Mumbai,Afternoon,Weekend,North Indian,Snacks,Budget,539,No,39,3,3,No,Celebrating,Low,Family,No
48850,2199,33,Pune,Morning,Weekday,North Indian,Snacks,Budget,648,Yes,94,2,3,Yes,Lazy,High,Alone,Yes
48851,2917,30,Pune,Evening,Weekend,North Indian,Lunch,Mid-range,868,No,98,11,4,Yes,Stressed,Medium,Family,No
48852,1247,21,Chandigarh,Morning,Weekday,Biryani,Snacks,Budget,701,No,62,3,1,Yes,Stressed,Low,Friends,Yes
48853,2451,41,Pune,Morning,Weekend,South Indian,Dinner,Premium,659,No,94,1,3,Yes,Happy,Medium,Friends,No
48854,4355,36,Pune,Night,Weekend,South Indian,Dinner,Budget,161,No,36,12,2,No,Celebrating,Medium,Partner,No
48855,1132,32,Bangalore,Afternoon,Weekday,Chinese,Breakfast,Premium,249,No,83,12,4,Yes,Happy,High,Family,Yes
48856,4480,28,Chandigarh,Night,Weekday,Fast Food,Breakfast,Premium,271,No,98,6,5,No,Happy,High,Family,No
48857,2937,36,Mumbai,Night,Weekend,Fast Food,Breakfast,Mid-range,239,Yes,98,9,1,No,Lazy,High,Friends,Yes
48858,2598,23,Chandigarh,Night,Weekday,Fast Food,Breakfast,Premium,701,No,70,8,3,Yes,Lazy,Low,Friends,No
48859,4172,41,Bangalore,Afternoon,Weekday,Chinese,Lunch,Budget,573,Yes,27,13,3,No,Celebrating,High,Family,Yes
48860,3533,33,Delhi,Afternoon,Weekend,Chinese,Snacks,Premium,561,No,62,1,1,No,Celebrating,Low,Alone,Yes
48861,4949,40,Hyderabad,Afternoon,Weekend,Fast Food,Lunch,Premium,234,Yes,75,4,5,Yes,Happy,Low,Partner,No
48862,4902,29,Mumbai,Morning,Weekend,Biryani,Lunch,Budget,987,Yes,83,14,5,No,Celebrating,Low,Partner,Yes
48863,4157,33,Bangalore,Night,Weekend,Fast Food,Snacks,Premium,394,No,65,1,3,No,Happy,Medium,Family,No
48864,1797,24,Mumbai,Night,Weekday,North Indian,Breakfast,Budget,971,Yes,80,5,3,No,Happy,Medium,Alone,No
48865,4781,26,Chandigarh,Afternoon,Weekday,South Indian,Breakfast,Mid-range,846,Yes,73,14,4,Yes,Happy,Medium,Alone,Yes
48866,1119,34,Pune,Morning,Weekend,Chinese,Dinner,Budget,789,Yes,34,2,5,Yes,Stressed,Medium,Partner,Yes
48867,4824,21,Bangalore,Evening,Weekday,Biryani,Breakfast,Premium,155,No,40,1,1,Yes,Lazy,High,Friends,No
48868,3810,40,Hyderabad,Morning,Weekday,South Indian,Dinner,Premium,590,No,73,5,2,Yes,Happy,High,Alone,No
48869,1092,41,Bangalore,Afternoon,Weekend,Desserts,Dinner,Premium,919,No,52,3,5,No,Celebrating,High,Partner,Yes
48870,2667,25,Pune,Evening,Weekend,North Indian,Breakfast,Budget,543,Yes,23,9,5,No,Celebrating,High,Family,Yes
48871,1107,39,Delhi,Evening,Weekend,Fast Food,Snacks,Mid-range,216,Yes,57,7,3,No,Lazy,Medium,Friends,Yes
48872,1770,23,Delhi,Morning,Weekday,Fast Food,Lunch,Budget,285,No,43,8,1,No,Happy,Medium,Family,No
48873,4813,18,Pune,Evening,Weekend,North Indian,Dinner,Budget,464,Yes,52,9,4,No,Stressed,Low,Family,No
48874,4898,24,Pune,Evening,Weekend,Fast Food,Lunch,Mid-range,997,No,21,8,3,Yes,Stressed,Medium,Friends,Yes
48875,2345,30,Mumbai,Morning,Weekday,Fast Food,Snacks,Mid-range,482,No,75,1,1,No,Happy,Low,Partner,No
48876,1845,22,Delhi,Morning,Weekend,Desserts,Lunch,Mid-range,980,Yes,98,2,1,Yes,Stressed,Medium,Friends,No
48877,2969,39,Pune,Morning,Weekend,Fast Food,Breakfast,Budget,559,Yes,55,2,3,No,Happy,Medium,Alone,Yes
48878,3761,32,Hyderabad,Night,Weekend,Biryani,Lunch,Premium,508,No,97,7,3,Yes,Stressed,Low,Family,Yes
48879,1007,44,Bangalore,Afternoon,Weekday,North Indian,Breakfast,Budget,268,Yes,46,3,3,No,Happy,Medium,Friends,Yes
48880,2660,39,Pune,Morning,Weekend,North Indian,Snacks,Mid-range,210,No,54,9,4,No,Lazy,High,Family,Yes
48881,1302,29,Mumbai,Morning,Weekend,North Indian,Lunch,Budget,528,No,45,3,5,No,Happy,Low,Family,Yes
48882,1558,39,Chandigarh,Night,Weekday,Desserts,Breakfast,Budget,891,No,51,4,5,Yes,Stressed,High,Alone,No
48883,2826,28,Hyderabad,Afternoon,Weekend,Fast Food,Dinner,Budget,280,Yes,64,14,2,No,Lazy,Low,Friends,No
48884,3570,38,Mumbai,Afternoon,Weekend,Fast Food,Breakfast,Mid-range,120,Yes,80,12,4,Yes,Celebrating,Low,Alone,No
48885,2351,44,Hyderabad,Night,Weekend,South Indian,Dinner,Premium,753,Yes,98,2,5,No,Celebrating,High,Alone,No
48886,4506,34,Bangalore,Night,Weekend,North Indian,Lunch,Mid-range,153,Yes,24,11,4,Yes,Lazy,Medium,Partner,No
48887,4800,41,Mumbai,Night,Weekday,Biryani,Snacks,Mid-range,972,No,92,8,1,Yes,Lazy,Low,Friends,Yes
48888,2724,19,Mumbai,Evening,Weekday,Fast Food,Breakfast,Mid-range,111,No,68,12,4,No,Lazy,Low,Partner,Yes
48889,1057,25,Delhi,Morning,Weekday,Fast Food,Snacks,Mid-range,143,No,62,4,4,No,Lazy,High,Alone,No
48890,3024,30,Mumbai,Morning,Weekday,Desserts,Lunch,Premium,818,No,74,3,1,No,Happy,High,Partner,No
48891,2582,40,Delhi,Night,Weekend,Desserts,Snacks,Budget,885,No,77,11,2,Yes,Stressed,High,Family,Yes
48892,4722,21,Mumbai,Morning,Weekday,South Indian,Lunch,Budget,953,Yes,20,13,1,No,Lazy,Medium,Friends,No
48893,4995,40,Chandigarh,Morning,Weekend,North Indian,Breakfast,Premium,659,No,89,8,5,No,Stressed,Low,Partner,No
48894,2992,33,Delhi,Evening,Weekend,South Indian,Dinner,Mid-range,883,No,39,6,5,Yes,Lazy,Low,Family,Yes
48895,4494,32,Mumbai,Evening,Weekday,North Indian,Lunch,Budget,860,No,78,9,5,No,Stressed,High,Friends,No
48896,3735,22,Bangalore,Night,Weekday,Chinese,Breakfast,Budget,695,Yes,80,3,5,No,Happy,Low,Family,No
48897,4154,18,Chandigarh,Night,Weekend,Chinese,Dinner,Premium,507,No,34,8,3,Yes,Happy,Low,Friends,No
48898,4656,30,Chandigarh,Morning,Weekday,North Indian,Snacks,Budget,905,No,82,11,2,No,Happy,High,Alone,No
48899,4310,19,Bangalore,Morning,Weekday,Biryani,Snacks,Budget,869,Yes,77,1,2,Yes,Celebrating,High,Friends,No
48900,1847,35,Hyderabad,Night,Weekday,Fast Food,Breakfast,Budget,147,No,21,9,4,Yes,Happy,Medium,Friends,No
48901,3578,35,Hyderabad,Evening,Weekday,Chinese,Dinner,Mid-range,665,Yes,98,13,3,Yes,Lazy,Medium,Alone,Yes
48902,2014,18,Bangalore,Morning,Weekend,Desserts,Snacks,Mid-range,819,No,23,4,1,No,Celebrating,Low,Partner,No
48903,2534,41,Bangalore,Afternoon,Weekday,Desserts,Snacks,Premium,409,No,41,8,1,Yes,Happy,Medium,Family,Yes
48904,2585,39,Mumbai,Night,Weekday,Chinese,Dinner,Premium,479,No,91,7,1,Yes,Celebrating,High,Family,No
48905,4612,18,Delhi,Night,Weekend,Chinese,Breakfast,Budget,773,No,86,8,5,No,Happy,Low,Family,Yes
48906,2440,36,Delhi,Afternoon,Weekday,Desserts,Breakfast,Premium,192,Yes,47,13,2,No,Lazy,Low,Family,Yes
48907,2150,23,Chandigarh,Morning,Weekday,Chinese,Dinner,Premium,774,No,49,4,1,No,Stressed,Low,Alone,No
48908,4107,37,Delhi,Morning,Weekday,Biryani,Lunch,Mid-range,169,Yes,26,3,1,No,Celebrating,High,Friends,Yes
48909,3391,20,Hyderabad,Night,Weekend,Desserts,Lunch,Budget,945,No,32,14,1,Yes,Lazy,High,Friends,Yes
48910,3045,18,Delhi,Night,Weekday,Desserts,Lunch,Premium,363,Yes,86,10,1,No,Celebrating,Low,Friends,Yes
48911,2352,43,Chandigarh,Afternoon,Weekend,North Indian,Breakfast,Mid-range,866,Yes,91,6,4,No,Celebrating,High,Friends,Yes
48912,3477,38,Hyderabad,Afternoon,Weekday,South Indian,Lunch,Mid-range,217,Yes,78,9,5,Yes,Stressed,High,Partner,Yes
48913,3993,41,Chandigarh,Morning,Weekday,Chinese,Dinner,Mid-range,912,No,38,1,2,No,Happy,Medium,Partner,No
48914,1315,32,Delhi,Evening,Weekend,Desserts,Lunch,Premium,359,Yes,42,10,2,Yes,Lazy,Low,Family,No
48915,1659,35,Bangalore,Night,Weekend,Chinese,Lunch,Budget,919,Yes,84,13,5,No,Stressed,Medium,Friends,Yes
48916,2882,22,Bangalore,Night,Weekday,Chinese,Snacks,Premium,990,Yes,44,13,3,Yes,Happy,High,Family,No
48917,3691,20,Delhi,Morning,Weekend,Fast Food,Dinner,Premium,296,Yes,24,13,1,Yes,Stressed,High,Family,Yes
48918,2706,32,Mumbai,Night,Weekday,Fast Food,Breakfast,Premium,781,No,59,6,2,Yes,Celebrating,High,Alone,No
48919,2938,36,Mumbai,Evening,Weekday,Chinese,Snacks,Premium,863,Yes,61,1,1,No,Lazy,Low,Partner,No
48920,4148,24,Delhi,Afternoon,Weekend,Biryani,Dinner,Budget,635,No,53,8,3,No,Stressed,Medium,Alone,No
48921,1224,23,Pune,Night,Weekday,Fast Food,Breakfast,Premium,481,No,27,5,2,No,Lazy,High,Family,Yes
48922,4166,39,Pune,Afternoon,Weekend,Desserts,Snacks,Premium,433,No,84,5,1,No,Stressed,Medium,Partner,No
48923,2366,44,Pune,Afternoon,Weekend,Chinese,Snacks,Premium,358,Yes,53,13,3,Yes,Stressed,High,Family,No
48924,2312,21,Mumbai,Afternoon,Weekend,Chinese,Lunch,Budget,624,Yes,86,5,3,No,Celebrating,Medium,Friends,No
48925,4346,29,Bangalore,Afternoon,Weekday,South Indian,Snacks,Mid-range,625,No,73,1,3,No,Celebrating,Low,Alone,Yes
48926,4885,31,Delhi,Afternoon,Weekend,Chinese,Breakfast,Premium,803,Yes,26,9,1,Yes,Lazy,Medium,Partner,No
48927,3978,40,Delhi,Morning,Weekday,North Indian,Lunch,Mid-range,591,No,76,8,3,No,Lazy,Low,Alone,No
48928,2278,21,Chandigarh,Night,Weekend,Desserts,Dinner,Premium,333,No,72,14,4,No,Happy,Low,Family,Yes
48929,1979,25,Pune,Night,Weekday,South Indian,Snacks,Premium,254,No,99,5,3,Yes,Happy,Medium,Alone,No
48930,2482,43,Mumbai,Night,Weekend,Biryani,Breakfast,Premium,226,No,77,7,2,No,Happy,Low,Alone,Yes
48931,3091,39,Mumbai,Afternoon,Weekday,Desserts,Lunch,Mid-range,667,Yes,65,13,1,No,Lazy,Medium,Partner,No
48932,3991,24,Mumbai,Night,Weekend,Biryani,Breakfast,Premium,179,Yes,44,9,2,Yes,Happy,High,Friends,No
48933,4993,20,Chandigarh,Afternoon,Weekday,Fast Food,Lunch,Budget,532,Yes,66,10,1,No,Celebrating,High,Family,No
48934,3158,44,Bangalore,Afternoon,Weekend,Fast Food,Lunch,Premium,513,No,86,12,5,Yes,Lazy,High,Partner,No
48935,2555,26,Chandigarh,Night,Weekend,Desserts,Dinner,Premium,544,No,63,9,4,No,Happy,Low,Friends,Yes
48936,2737,21,Delhi,Afternoon,Weekday,South Indian,Breakfast,Mid-range,699,No,29,14,1,Yes,Happy,High,Friends,No
48937,2791,32,Pune,Afternoon,Weekend,Fast Food,Dinner,Premium,317,No,91,10,1,Yes,Happy,Low,Partner,Yes
48938,1727,33,Pune,Evening,Weekday,Fast Food,Dinner,Premium,439,Yes,47,10,5,No,Celebrating,High,Partner,No
48939,2009,33,Pune,Evening,Weekend,Chinese,Breakfast,Budget,599,No,78,12,4,No,Stressed,Medium,Alone,No
48940,2680,43,Bangalore,Afternoon,Weekday,Biryani,Snacks,Mid-range,338,No,37,10,4,Yes,Stressed,High,Partner,Yes
48941,3753,21,Mumbai,Morning,Weekend,South Indian,Lunch,Budget,475,No,82,9,3,No,Happy,Low,Partner,Yes
48942,2884,29,Hyderabad,Evening,Weekday,Biryani,Snacks,Premium,964,No,58,3,1,Yes,Stressed,Medium,Partner,No
48943,2735,44,Pune,Afternoon,Weekday,Biryani,Breakfast,Mid-range,830,Yes,29,11,2,No,Celebrating,Medium,Friends,Yes
48944,1939,41,Hyderabad,Night,Weekend,Desserts,Dinner,Mid-range,774,No,41,9,5,Yes,Lazy,Low,Partner,Yes
48945,2745,34,Bangalore,Night,Weekend,Desserts,Breakfast,Budget,275,Yes,26,11,5,No,Stressed,Low,Partner,Yes
48946,4399,37,Bangalore,Night,Weekday,Biryani,Breakfast,Mid-range,704,Yes,51,2,2,Yes,Stressed,Medium,Friends,Yes
48947,3166,29,Hyderabad,Evening,Weekend,Fast Food,Dinner,Budget,987,Yes,42,6,1,No,Happy,Low,Partner,Yes
48948,1466,29,Mumbai,Morning,Weekday,Fast Food,Lunch,Mid-range,184,No,24,3,3,Yes,Celebrating,Low,Family,Yes
48949,1440,25,Delhi,Night,Weekend,Chinese,Breakfast,Budget,609,No,70,13,3,Yes,Happy,High,Alone,No
48950,3310,38,Delhi,Evening,Weekend,Biryani,Dinner,Mid-range,553,No,21,12,3,Yes,Stressed,Medium,Alone,No
48951,2824,28,Chandigarh,Evening,Weekend,Desserts,Snacks,Mid-range,418,Yes,84,4,2,No,Stressed,High,Partner,Yes
48952,2054,32,Mumbai,Morning,Weekend,South Indian,Breakfast,Premium,957,Yes,46,6,3,No,Stressed,Medium,Friends,Yes
48953,2048,28,Chandigarh,Afternoon,Weekday,Fast Food,Breakfast,Budget,373,Yes,49,2,3,Yes,Celebrating,Medium,Family,No
48954,2398,33,Pune,Morning,Weekday,South Indian,Breakfast,Mid-range,123,Yes,56,7,1,Yes,Celebrating,Low,Partner,No
48955,2846,32,Bangalore,Evening,Weekday,Fast Food,Snacks,Mid-range,353,Yes,33,14,2,Yes,Stressed,Low,Family,No
48956,2799,27,Mumbai,Morning,Weekend,Desserts,Breakfast,Budget,786,No,55,9,5,Yes,Celebrating,Low,Alone,Yes
48957,3687,30,Bangalore,Morning,Weekday,North Indian,Dinner,Premium,114,No,42,12,3,No,Happy,High,Partner,Yes
48958,2757,31,Mumbai,Afternoon,Weekday,Fast Food,Breakfast,Budget,715,No,89,9,4,Yes,Stressed,Medium,Friends,No
48959,1110,36,Mumbai,Evening,Weekday,South Indian,Lunch,Budget,929,No,55,7,5,Yes,Lazy,Low,Friends,No
48960,1148,23,Hyderabad,Afternoon,Weekday,Biryani,Lunch,Budget,905,No,44,2,2,No,Lazy,Low,Partner,Yes
48961,3037,20,Bangalore,Morning,Weekday,Chinese,Dinner,Mid-range,326,No,51,12,5,Yes,Celebrating,High,Family,Yes
48962,3930,25,Mumbai,Night,Weekend,Chinese,Dinner,Premium,573,No,55,9,5,Yes,Happy,Low,Alone,Yes
48963,4094,23,Bangalore,Morning,Weekday,South Indian,Dinner,Mid-range,345,Yes,84,8,4,Yes,Celebrating,Medium,Partner,No
48964,2595,42,Bangalore,Night,Weekday,Biryani,Lunch,Budget,819,Yes,52,12,2,Yes,Celebrating,Low,Partner,Yes
48965,3505,18,Mumbai,Night,Weekend,Fast Food,Lunch,Mid-range,245,No,56,3,3,No,Celebrating,Medium,Friends,No
48966,3202,31,Mumbai,Morning,Weekday,Chinese,Breakfast,Premium,186,Yes,53,8,5,No,Lazy,High,Partner,Yes
48967,3320,22,Bangalore,Morning,Weekend,Chinese,Lunch,Budget,321,Yes,68,1,4,No,Celebrating,Low,Family,Yes
48968,4094,38,Chandigarh,Afternoon,Weekend,North Indian,Breakfast,Budget,116,Yes,44,14,3,Yes,Happy,High,Friends,Yes
48969,1168,27,Pune,Night,Weekday,Desserts,Breakfast,Budget,942,Yes,93,13,4,Yes,Celebrating,Low,Partner,Yes
48970,4254,38,Pune,Night,Weekend,Biryani,Snacks,Premium,697,Yes,30,9,5,No,Lazy,Medium,Alone,No
48971,2619,34,Bangalore,Night,Weekend,Desserts,Lunch,Premium,499,Yes,84,8,4,No,Celebrating,High,Partner,Yes
48972,3727,27,Bangalore,Evening,Weekend,Fast Food,Dinner,Budget,424,Yes,56,8,4,No,Stressed,Low,Alone,Yes
48973,1997,22,Chandigarh,Afternoon,Weekday,South Indian,Lunch,Budget,969,No,52,11,3,No,Happy,High,Partner,No
48974,2627,36,Pune,Night,Weekend,North Indian,Dinner,Budget,249,Yes,23,1,5,No,Stressed,Low,Family,No
48975,2781,33,Pune,Night,Weekend,South Indian,Dinner,Mid-range,940,No,92,10,1,Yes,Stressed,Low,Family,No
48976,3833,40,Hyderabad,Night,Weekday,Chinese,Lunch,Budget,707,No,44,3,3,No,Happy,High,Family,No
48977,3967,35,Delhi,Morning,Weekday,Chinese,Breakfast,Mid-range,851,Yes,89,4,3,No,Happy,Low,Friends,No
48978,3448,25,Delhi,Night,Weekend,North Indian,Snacks,Mid-range,494,No,27,11,1,No,Lazy,Medium,Family,Yes
48979,2503,28,Chandigarh,Morning,Weekday,South Indian,Breakfast,Budget,708,Yes,46,7,3,Yes,Happy,High,Partner,Yes
48980,4294,18,Chandigarh,Afternoon,Weekday,South Indian,Dinner,Mid-range,560,Yes,88,7,2,Yes,Happy,High,Partner,No
48981,4303,41,Hyderabad,Afternoon,Weekday,North Indian,Lunch,Mid-range,283,No,89,13,3,Yes,Lazy,Low,Alone,Yes
48982,2298,20,Chandigarh,Morning,Weekday,Desserts,Breakfast,Budget,868,Yes,58,6,2,No,Lazy,Low,Family,Yes
48983,4740,23,Mumbai,Morning,Weekday,North Indian,Snacks,Budget,126,No,99,6,4,Yes,Stressed,Low,Friends,No
48984,3396,21,Hyderabad,Afternoon,Weekend,North Indian,Dinner,Mid-range,998,No,31,4,4,No,Stressed,Low,Alone,No
48985,4015,26,Hyderabad,Afternoon,Weekend,Chinese,Breakfast,Budget,209,Yes,62,13,4,Yes,Lazy,High,Friends,No
48986,3509,18,Delhi,Night,Weekend,Chinese,Lunch,Budget,578,Yes,55,7,4,No,Happy,High,Partner,No
48987,4456,23,Mumbai,Morning,Weekday,Biryani,Breakfast,Premium,510,Yes,51,14,1,No,Celebrating,Medium,Family,Yes
48988,1315,22,Hyderabad,Evening,Weekday,Biryani,Dinner,Budget,332,No,44,6,4,No,Lazy,Low,Alone,Yes
48989,4193,19,Delhi,Morning,Weekday,Chinese,Lunch,Premium,990,No,44,2,1,Yes,Happy,Low,Partner,No
48990,1688,25,Pune,Night,Weekday,Desserts,Snacks,Premium,320,Yes,31,10,2,Yes,Happy,Medium,Friends,Yes
48991,2310,27,Delhi,Evening,Weekend,South Indian,Lunch,Budget,894,No,64,14,5,Yes,Lazy,High,Partner,Yes
48992,2749,27,Pune,Afternoon,Weekend,Fast Food,Dinner,Premium,514,Yes,42,4,2,Yes,Celebrating,Low,Alone,No
48993,3989,19,Mumbai,Night,Weekday,Biryani,Snacks,Budget,778,No,59,5,1,Yes,Stressed,Medium,Friends,Yes
48994,2558,32,Bangalore,Night,Weekend,Biryani,Breakfast,Premium,319,Yes,49,6,3,No,Stressed,Medium,Friends,Yes
48995,4253,36,Hyderabad,Evening,Weekend,Chinese,Dinner,Mid-range,440,Yes,60,12,3,Yes,Happy,High,Family,Yes
48996,2905,20,Hyderabad,Night,Weekday,South Indian,Breakfast,Premium,834,No,52,12,4,Yes,Celebrating,High,Friends,No
48997,2888,27,Hyderabad,Afternoon,Weekend,South Indian,Snacks,Premium,384,No,79,3,4,Yes,Stressed,Medium,Friends,No
48998,4854,27,Hyderabad,Night,Weekday,Fast Food,Snacks,Budget,820,No,80,6,1,Yes,Happy,High,Partner,Yes
48999,3108,43,Delhi,Evening,Weekday,Chinese,Dinner,Budget,778,No,82,2,4,Yes,Lazy,Low,Friends,No
49000,3158,43,Chandigarh,Evening,Weekend,Desserts,Dinner,Budget,393,No,72,5,5,No,Celebrating,Medium,Alone,No
49001,1252,43,Delhi,Night,Weekend,Desserts,Lunch,Mid-range,101,Yes,22,8,1,No,Stressed,Low,Alone,Yes
49002,1657,39,Bangalore,Afternoon,Weekend,Chinese,Lunch,Premium,442,Yes,86,12,5,Yes,Stressed,Low,Partner,Yes
49003,3165,22,Bangalore,Morning,Weekend,Desserts,Lunch,Premium,164,Yes,54,9,4,No,Happy,High,Alone,No
49004,2930,35,Bangalore,Evening,Weekday,Chinese,Snacks,Mid-range,544,Yes,54,4,2,No,Stressed,Low,Family,Yes
49005,4984,33,Mumbai,Afternoon,Weekend,North Indian,Breakfast,Budget,836,No,52,6,2,No,Lazy,High,Friends,Yes
49006,4361,24,Hyderabad,Evening,Weekend,Biryani,Lunch,Budget,319,No,34,1,3,No,Stressed,High,Family,Yes
49007,2730,27,Delhi,Night,Weekend,Biryani,Snacks,Mid-range,247,No,47,6,3,No,Stressed,Medium,Friends,No
49008,1537,39,Hyderabad,Evening,Weekend,North Indian,Dinner,Mid-range,169,No,97,7,4,No,Happy,Medium,Friends,Yes
49009,3289,43,Pune,Night,Weekend,South Indian,Lunch,Mid-range,811,No,93,3,4,No,Celebrating,Medium,Partner,Yes
49010,3257,36,Pune,Evening,Weekend,Biryani,Dinner,Mid-range,186,Yes,36,6,1,No,Lazy,Medium,Friends,Yes
49011,3568,26,Mumbai,Night,Weekday,Desserts,Lunch,Premium,518,Yes,88,9,2,Yes,Happy,Medium,Family,Yes
49012,4535,19,Chandigarh,Evening,Weekday,Chinese,Dinner,Budget,879,Yes,24,13,4,Yes,Stressed,High,Alone,Yes
49013,4514,40,Delhi,Evening,Weekday,Fast Food,Lunch,Budget,836,No,20,10,5,Yes,Happy,Low,Friends,Yes
49014,2961,38,Chandigarh,Evening,Weekday,North Indian,Lunch,Budget,783,Yes,69,8,1,No,Stressed,Low,Family,No
49015,3257,42,Delhi,Night,Weekday,Biryani,Breakfast,Budget,545,No,57,11,4,No,Celebrating,Medium,Family,Yes
49016,2364,38,Bangalore,Evening,Weekend,Fast Food,Snacks,Budget,175,Yes,67,1,1,No,Stressed,Medium,Family,No
49017,3924,44,Pune,Evening,Weekday,Fast Food,Breakfast,Mid-range,751,No,41,12,2,Yes,Lazy,Medium,Friends,No
49018,4596,28,Chandigarh,Morning,Weekday,Biryani,Breakfast,Mid-range,439,No,23,4,3,No,Stressed,High,Family,Yes
49019,2598,31,Hyderabad,Morning,Weekend,Fast Food,Dinner,Budget,203,Yes,95,5,2,Yes,Happy,Medium,Friends,Yes
49020,2687,19,Hyderabad,Afternoon,Weekend,Biryani,Snacks,Premium,972,No,25,10,5,No,Celebrating,Medium,Alone,Yes
49021,2014,40,Pune,Night,Weekday,Biryani,Breakfast,Mid-range,250,Yes,62,5,1,Yes,Stressed,High,Partner,No
49022,4258,21,Delhi,Night,Weekend,Fast Food,Snacks,Budget,163,No,22,1,5,Yes,Happy,Low,Partner,No
49023,2008,39,Chandigarh,Night,Weekday,South Indian,Dinner,Mid-range,412,Yes,88,2,2,No,Lazy,Medium,Alone,No
49024,4956,38,Chandigarh,Afternoon,Weekend,Chinese,Snacks,Premium,167,No,58,12,3,Yes,Stressed,High,Friends,No
49025,2168,37,Delhi,Morning,Weekend,Fast Food,Breakfast,Premium,853,No,43,7,4,No,Happy,Low,Friends,No
49026,2630,18,Bangalore,Morning,Weekend,South Indian,Snacks,Budget,801,No,26,7,2,Yes,Celebrating,Low,Alone,Yes
49027,2504,29,Delhi,Evening,Weekend,North Indian,Snacks,Budget,479,No,22,5,4,Yes,Stressed,High,Friends,No
49028,3027,39,Bangalore,Evening,Weekend,South Indian,Dinner,Budget,562,Yes,78,9,3,No,Stressed,Medium,Alone,No
49029,4881,21,Bangalore,Morning,Weekday,Biryani,Snacks,Mid-range,865,No,24,12,2,Yes,Celebrating,Low,Alone,No
49030,4819,44,Pune,Morning,Weekend,South Indian,Breakfast,Budget,391,Yes,88,11,3,Yes,Celebrating,Medium,Alone,Yes
49031,4227,35,Pune,Night,Weekday,South Indian,Breakfast,Budget,106,No,80,2,1,No,Celebrating,Medium,Partner,No
49032,2985,20,Hyderabad,Evening,Weekend,Biryani,Breakfast,Mid-range,818,No,89,8,5,Yes,Stressed,Medium,Family,Yes
49033,2245,25,Hyderabad,Afternoon,Weekday,Desserts,Breakfast,Budget,552,Yes,81,6,1,Yes,Celebrating,Low,Family,Yes
49034,2157,28,Mumbai,Night,Weekend,Desserts,Dinner,Budget,847,Yes,39,14,3,Yes,Stressed,Medium,Friends,No
49035,2866,38,Delhi,Afternoon,Weekend,South Indian,Dinner,Budget,165,No,78,2,4,Yes,Lazy,High,Family,Yes
49036,3262,37,Pune,Evening,Weekday,Desserts,Breakfast,Budget,411,No,34,4,4,Yes,Happy,Medium,Family,No
49037,3681,20,Mumbai,Night,Weekday,North Indian,Lunch,Budget,180,No,97,8,3,Yes,Happy,Medium,Alone,Yes
49038,2432,29,Delhi,Evening,Weekend,Biryani,Dinner,Premium,164,No,74,10,2,No,Celebrating,Medium,Family,Yes
49039,3584,30,Pune,Afternoon,Weekday,Desserts,Breakfast,Budget,349,Yes,52,1,4,Yes,Happy,High,Friends,Yes
49040,3899,18,Bangalore,Morning,Weekend,South Indian,Breakfast,Premium,246,Yes,70,5,2,No,Celebrating,High,Alone,No
49041,4145,35,Bangalore,Morning,Weekday,North Indian,Dinner,Mid-range,705,Yes,50,5,1,No,Lazy,High,Alone,Yes
49042,1478,30,Delhi,Morning,Weekday,Chinese,Snacks,Premium,633,No,53,14,3,No,Happy,High,Alone,No
49043,1321,18,Mumbai,Afternoon,Weekday,Biryani,Dinner,Premium,437,No,43,3,3,Yes,Lazy,Low,Family,No
49044,2002,43,Hyderabad,Evening,Weekend,Desserts,Snacks,Budget,215,Yes,31,4,3,Yes,Happy,Medium,Alone,Yes
49045,1820,19,Pune,Evening,Weekday,South Indian,Breakfast,Mid-range,592,Yes,95,2,3,No,Celebrating,High,Family,Yes
49046,3102,30,Bangalore,Evening,Weekday,Fast Food,Breakfast,Budget,182,Yes,45,12,4,No,Lazy,Low,Family,Yes
49047,2096,43,Bangalore,Evening,Weekday,North Indian,Snacks,Premium,183,Yes,31,3,3,No,Happy,Medium,Family,No
49048,2770,42,Bangalore,Evening,Weekend,Desserts,Lunch,Budget,773,Yes,74,3,4,No,Happy,Low,Alone,Yes
49049,3417,26,Chandigarh,Afternoon,Weekend,North Indian,Lunch,Budget,434,Yes,78,10,4,Yes,Happy,High,Family,No
49050,4883,34,Hyderabad,Morning,Weekday,North Indian,Dinner,Budget,506,Yes,55,3,2,No,Stressed,Low,Friends,Yes
49051,1264,32,Delhi,Night,Weekend,South Indian,Lunch,Mid-range,421,No,20,8,4,No,Happy,Low,Family,Yes
49052,4483,33,Delhi,Afternoon,Weekend,Biryani,Breakfast,Mid-range,622,No,56,5,5,Yes,Lazy,Low,Partner,No
49053,3742,28,Mumbai,Afternoon,Weekend,North Indian,Snacks,Mid-range,338,Yes,50,2,1,Yes,Celebrating,Low,Friends,No
49054,1937,25,Mumbai,Afternoon,Weekday,Biryani,Lunch,Mid-range,452,Yes,61,11,3,No,Stressed,Low,Family,Yes
49055,2639,41,Pune,Evening,Weekday,Fast Food,Dinner,Budget,150,No,34,3,3,No,Happy,Medium,Friends,No
49056,2334,31,Pune,Night,Weekday,Chinese,Lunch,Mid-range,218,Yes,96,14,1,No,Stressed,Medium,Friends,No
49057,2858,38,Pune,Evening,Weekday,North Indian,Lunch,Budget,921,Yes,78,3,3,Yes,Celebrating,Low,Family,Yes
49058,1546,22,Hyderabad,Evening,Weekend,Biryani,Dinner,Premium,412,Yes,45,10,3,Yes,Happy,Low,Alone,No
49059,3153,40,Bangalore,Evening,Weekend,Biryani,Lunch,Mid-range,979,Yes,24,2,1,Yes,Happy,Medium,Friends,Yes
49060,1461,31,Hyderabad,Night,Weekend,Chinese,Lunch,Budget,147,No,45,9,1,No,Stressed,Low,Partner,Yes
49061,1000,37,Delhi,Evening,Weekday,Chinese,Lunch,Premium,747,No,81,2,3,Yes,Happy,Low,Family,Yes
49062,4597,38,Pune,Morning,Weekend,Chinese,Breakfast,Budget,229,No,41,2,4,Yes,Lazy,Low,Friends,No
49063,2716,29,Chandigarh,Night,Weekday,North Indian,Lunch,Budget,955,No,64,10,2,Yes,Celebrating,Low,Partner,Yes
49064,2917,43,Hyderabad,Afternoon,Weekday,Chinese,Snacks,Premium,573,Yes,57,11,2,Yes,Stressed,Low,Partner,Yes
49065,2200,35,Hyderabad,Morning,Weekend,Desserts,Lunch,Budget,345,Yes,80,12,5,No,Lazy,Medium,Friends,Yes
49066,4251,26,Hyderabad,Night,Weekday,South Indian,Breakfast,Premium,135,No,61,10,2,No,Happy,Medium,Friends,Yes
49067,3940,33,Bangalore,Morning,Weekend,North Indian,Dinner,Budget,356,Yes,42,11,5,No,Stressed,High,Friends,Yes
49068,3816,25,Delhi,Afternoon,Weekend,Biryani,Breakfast,Mid-range,473,Yes,85,14,4,Yes,Celebrating,Low,Friends,Yes
49069,1531,33,Chandigarh,Night,Weekend,North Indian,Dinner,Budget,651,No,40,2,1,Yes,Happy,Low,Alone,Yes
49070,1830,31,Mumbai,Night,Weekend,Biryani,Lunch,Premium,552,Yes,91,1,3,Yes,Lazy,Low,Alone,Yes
49071,1526,38,Chandigarh,Night,Weekday,Fast Food,Breakfast,Budget,849,Yes,62,4,5,Yes,Stressed,Medium,Partner,No
49072,4211,34,Mumbai,Night,Weekend,Chinese,Snacks,Premium,100,No,20,13,5,No,Celebrating,Medium,Friends,Yes
49073,3175,32,Delhi,Afternoon,Weekday,Biryani,Lunch,Premium,379,Yes,22,4,5,Yes,Lazy,Low,Alone,No
49074,3076,25,Hyderabad,Afternoon,Weekday,Desserts,Breakfast,Premium,138,Yes,77,3,5,Yes,Happy,Medium,Partner,No
49075,1369,24,Chandigarh,Night,Weekday,Fast Food,Snacks,Mid-range,750,Yes,99,13,1,Yes,Celebrating,High,Partner,Yes
49076,4456,25,Chandigarh,Evening,Weekday,North Indian,Breakfast,Budget,413,Yes,70,1,3,No,Happy,Medium,Family,Yes
49077,1357,21,Hyderabad,Night,Weekday,South Indian,Snacks,Premium,187,Yes,40,7,4,No,Celebrating,High,Family,Yes
49078,1304,20,Hyderabad,Afternoon,Weekday,South Indian,Snacks,Budget,972,Yes,33,5,5,No,Lazy,High,Family,Yes
49079,1180,39,Chandigarh,Morning,Weekday,South Indian,Lunch,Premium,790,Yes,46,9,3,Yes,Stressed,Low,Family,No
49080,4171,35,Pune,Night,Weekday,South Indian,Breakfast,Mid-range,256,No,94,10,5,No,Stressed,High,Family,No
49081,4205,25,Pune,Morning,Weekend,Desserts,Breakfast,Mid-range,721,No,96,13,2,No,Happy,High,Partner,Yes
49082,2439,43,Mumbai,Night,Weekday,Fast Food,Snacks,Budget,347,Yes,73,10,3,Yes,Celebrating,Low,Partner,Yes
49083,3019,35,Pune,Afternoon,Weekday,Desserts,Lunch,Budget,225,Yes,42,9,4,Yes,Lazy,Low,Partner,Yes
49084,2264,26,Pune,Morning,Weekend,North Indian,Lunch,Mid-range,129,No,25,3,3,No,Celebrating,High,Partner,Yes
49085,1982,40,Hyderabad,Morning,Weekend,South Indian,Snacks,Mid-range,154,Yes,54,10,2,Yes,Happy,Low,Family,No
49086,2140,21,Delhi,Morning,Weekend,Fast Food,Dinner,Budget,970,Yes,90,2,5,Yes,Celebrating,High,Partner,No
49087,4319,26,Chandigarh,Afternoon,Weekday,South Indian,Dinner,Mid-range,798,Yes,43,12,1,Yes,Happy,Low,Friends,Yes
49088,1568,25,Mumbai,Evening,Weekend,Chinese,Breakfast,Mid-range,977,No,52,9,1,Yes,Celebrating,Medium,Friends,No
49089,1094,25,Delhi,Night,Weekday,Fast Food,Lunch,Premium,671,Yes,60,10,3,Yes,Happy,High,Alone,No
49090,2295,19,Mumbai,Evening,Weekday,South Indian,Lunch,Budget,852,Yes,54,1,4,Yes,Happy,Low,Partner,Yes
49091,4182,18,Hyderabad,Morning,Weekday,North Indian,Lunch,Budget,624,Yes,44,4,1,No,Celebrating,High,Alone,Yes
49092,4338,28,Chandigarh,Night,Weekend,Fast Food,Dinner,Mid-range,932,Yes,47,5,2,Yes,Lazy,Medium,Family,Yes
49093,2551,23,Pune,Evening,Weekend,Biryani,Dinner,Premium,882,Yes,52,9,2,No,Stressed,Medium,Partner,No
49094,4248,18,Hyderabad,Afternoon,Weekday,Desserts,Lunch,Mid-range,252,No,44,12,3,Yes,Stressed,Low,Partner,No
49095,1112,24,Hyderabad,Morning,Weekend,North Indian,Lunch,Budget,220,No,96,11,2,No,Lazy,Medium,Friends,No
49096,3933,34,Delhi,Night,Weekday,Fast Food,Lunch,Premium,993,No,83,6,1,No,Lazy,High,Alone,Yes
49097,4151,37,Pune,Afternoon,Weekday,South Indian,Snacks,Mid-range,686,No,91,13,2,Yes,Celebrating,Low,Partner,Yes
49098,1881,20,Pune,Morning,Weekday,Biryani,Snacks,Mid-range,788,No,27,10,1,Yes,Celebrating,High,Alone,Yes
49099,1099,39,Hyderabad,Night,Weekend,Fast Food,Lunch,Premium,403,No,67,7,2,Yes,Celebrating,High,Friends,No
49100,2956,22,Pune,Night,Weekday,North Indian,Breakfast,Budget,159,No,21,5,4,No,Lazy,Medium,Partner,No
49101,1224,26,Pune,Evening,Weekday,Fast Food,Breakfast,Mid-range,331,Yes,90,7,4,No,Celebrating,High,Family,No
49102,3725,37,Delhi,Afternoon,Weekday,Fast Food,Lunch,Budget,537,No,83,8,4,No,Stressed,Medium,Partner,No
49103,3729,30,Hyderabad,Night,Weekday,North Indian,Snacks,Premium,930,No,85,10,3,No,Celebrating,High,Partner,Yes
49104,2936,18,Pune,Morning,Weekday,Chinese,Breakfast,Mid-range,618,No,81,11,5,No,Stressed,Low,Partner,Yes
49105,1472,44,Pune,Afternoon,Weekday,Fast Food,Lunch,Budget,513,Yes,87,5,5,Yes,Celebrating,Low,Family,Yes
49106,3439,32,Delhi,Night,Weekday,Desserts,Snacks,Budget,459,No,94,11,2,No,Lazy,High,Partner,No
49107,3463,29,Chandigarh,Evening,Weekend,Chinese,Dinner,Budget,282,Yes,27,14,1,Yes,Celebrating,High,Friends,Yes
49108,1932,34,Chandigarh,Morning,Weekday,North Indian,Breakfast,Mid-range,817,Yes,60,8,5,Yes,Lazy,High,Family,Yes
49109,4389,33,Pune,Afternoon,Weekend,Fast Food,Snacks,Premium,992,Yes,32,7,3,No,Happy,High,Alone,No
49110,3350,34,Mumbai,Afternoon,Weekday,Chinese,Snacks,Premium,756,Yes,38,6,2,No,Happy,Medium,Family,Yes
49111,2840,40,Bangalore,Afternoon,Weekday,Fast Food,Lunch,Premium,161,No,77,8,1,No,Lazy,High,Alone,No
49112,4376,35,Chandigarh,Afternoon,Weekend,North Indian,Breakfast,Mid-range,887,Yes,47,7,5,No,Celebrating,Medium,Friends,Yes
49113,4281,23,Pune,Afternoon,Weekday,North Indian,Dinner,Mid-range,330,No,76,11,5,Yes,Celebrating,Medium,Alone,No
49114,1281,18,Chandigarh,Evening,Weekday,Fast Food,Lunch,Budget,250,No,68,11,1,Yes,Celebrating,Medium,Family,Yes
49115,2800,22,Chandigarh,Night,Weekend,Biryani,Snacks,Premium,964,Yes,88,6,4,No,Celebrating,Low,Family,No
49116,4938,26,Bangalore,Morning,Weekend,Chinese,Lunch,Premium,797,Yes,94,2,5,No,Happy,Medium,Partner,Yes
49117,4127,39,Bangalore,Evening,Weekday,Chinese,Lunch,Budget,209,Yes,50,7,2,No,Lazy,Low,Alone,No
49118,3413,24,Pune,Night,Weekday,Chinese,Snacks,Premium,334,Yes,45,2,5,Yes,Happy,Medium,Partner,No
49119,1475,36,Delhi,Evening,Weekday,Biryani,Breakfast,Mid-range,468,No,23,5,3,No,Stressed,Low,Partner,No
49120,1981,27,Bangalore,Evening,Weekend,Fast Food,Dinner,Budget,771,No,51,12,2,Yes,Celebrating,High,Alone,No
49121,1975,26,Mumbai,Afternoon,Weekend,Desserts,Dinner,Mid-range,748,Yes,43,7,2,Yes,Happy,Low,Family,Yes
49122,2965,36,Bangalore,Afternoon,Weekend,South Indian,Breakfast,Mid-range,137,No,86,4,4,Yes,Happy,Medium,Alone,No
49123,2178,29,Bangalore,Night,Weekday,South Indian,Breakfast,Mid-range,647,Yes,38,10,2,No,Happy,Medium,Alone,No
49124,2868,44,Mumbai,Night,Weekday,Fast Food,Snacks,Mid-range,481,No,29,2,2,No,Happy,Low,Partner,No
49125,3635,43,Chandigarh,Morning,Weekday,Fast Food,Lunch,Budget,808,Yes,46,9,2,No,Stressed,Medium,Family,Yes
49126,3189,19,Bangalore,Afternoon,Weekend,South Indian,Dinner,Mid-range,595,Yes,44,12,5,Yes,Lazy,Medium,Alone,Yes
49127,3539,18,Pune,Afternoon,Weekend,Chinese,Breakfast,Mid-range,797,No,30,5,1,Yes,Lazy,High,Alone,Yes
49128,1785,22,Pune,Afternoon,Weekend,North Indian,Lunch,Premium,677,Yes,93,5,5,Yes,Celebrating,Low,Partner,Yes
49129,4988,30,Mumbai,Evening,Weekend,Fast Food,Lunch,Mid-range,163,Yes,21,14,3,Yes,Happy,Low,Partner,Yes
49130,4468,30,Delhi,Afternoon,Weekend,Biryani,Breakfast,Budget,116,No,25,8,4,No,Lazy,Medium,Friends,No
49131,4608,24,Pune,Afternoon,Weekday,South Indian,Lunch,Budget,741,No,23,7,4,Yes,Lazy,High,Friends,Yes
49132,1842,35,Chandigarh,Evening,Weekday,Desserts,Lunch,Mid-range,958,Yes,50,6,3,Yes,Happy,Medium,Friends,Yes
49133,4732,34,Delhi,Night,Weekend,North Indian,Dinner,Premium,321,No,25,9,2,No,Celebrating,Medium,Family,Yes
49134,1758,25,Delhi,Morning,Weekend,South Indian,Lunch,Premium,995,No,74,1,3,No,Lazy,Medium,Partner,No
49135,2140,18,Chandigarh,Evening,Weekday,Desserts,Breakfast,Premium,991,Yes,62,1,5,Yes,Celebrating,Medium,Alone,No
49136,2879,20,Hyderabad,Afternoon,Weekday,Chinese,Snacks,Mid-range,480,Yes,87,14,1,No,Celebrating,Low,Family,No
49137,2431,18,Hyderabad,Evening,Weekday,North Indian,Breakfast,Premium,997,No,54,1,1,Yes,Stressed,Medium,Family,No
49138,3497,19,Chandigarh,Evening,Weekday,Chinese,Snacks,Mid-range,906,Yes,21,6,1,Yes,Celebrating,Low,Family,Yes
49139,1981,19,Pune,Morning,Weekend,Chinese,Snacks,Budget,629,Yes,70,5,5,Yes,Stressed,Low,Friends,No
49140,1865,38,Pune,Afternoon,Weekday,South Indian,Lunch,Budget,580,No,94,2,3,No,Happy,Medium,Friends,Yes
49141,3287,20,Bangalore,Evening,Weekend,South Indian,Breakfast,Premium,976,Yes,33,9,2,No,Lazy,High,Friends,No
49142,2626,27,Chandigarh,Morning,Weekend,North Indian,Snacks,Premium,824,No,80,2,1,No,Celebrating,Low,Partner,Yes
49143,4887,27,Chandigarh,Evening,Weekday,Biryani,Dinner,Budget,952,Yes,36,12,5,Yes,Celebrating,Medium,Alone,Yes
49144,2251,20,Delhi,Night,Weekend,North Indian,Snacks,Mid-range,441,Yes,31,14,3,No,Stressed,Medium,Friends,No
49145,1927,32,Bangalore,Night,Weekend,Chinese,Snacks,Mid-range,256,No,49,5,5,Yes,Lazy,Low,Alone,Yes
49146,3206,23,Chandigarh,Morning,Weekday,North Indian,Lunch,Budget,986,No,98,5,5,Yes,Stressed,Low,Family,Yes
49147,1581,27,Mumbai,Afternoon,Weekday,South Indian,Snacks,Budget,529,Yes,38,9,2,No,Happy,Medium,Family,Yes
49148,2808,39,Pune,Afternoon,Weekday,Fast Food,Breakfast,Budget,524,No,28,14,1,No,Celebrating,High,Family,Yes
49149,4229,32,Chandigarh,Morning,Weekday,North Indian,Lunch,Mid-range,565,Yes,64,2,5,No,Happy,Medium,Alone,Yes
49150,1639,30,Chandigarh,Morning,Weekday,Chinese,Dinner,Premium,994,Yes,50,3,1,Yes,Happy,Low,Partner,No
49151,3177,35,Bangalore,Morning,Weekday,Desserts,Snacks,Mid-range,433,Yes,36,14,5,Yes,Stressed,High,Family,No
49152,4843,21,Hyderabad,Night,Weekday,Biryani,Breakfast,Budget,515,No,89,4,4,No,Stressed,Medium,Partner,No
49153,2204,32,Bangalore,Afternoon,Weekday,Chinese,Snacks,Mid-range,607,No,47,1,2,Yes,Lazy,Low,Family,Yes
49154,1645,35,Hyderabad,Evening,Weekend,South Indian,Breakfast,Premium,244,No,83,3,3,No,Happy,Medium,Partner,Yes
49155,3602,22,Bangalore,Night,Weekend,Biryani,Breakfast,Mid-range,689,Yes,98,13,5,No,Celebrating,Medium,Partner,Yes
49156,4883,40,Hyderabad,Evening,Weekday,South Indian,Lunch,Premium,988,No,24,10,5,No,Stressed,High,Alone,No
49157,3361,40,Hyderabad,Morning,Weekend,Biryani,Dinner,Mid-range,510,Yes,95,8,1,Yes,Lazy,Low,Partner,Yes
49158,4223,30,Pune,Morning,Weekday,South Indian,Dinner,Budget,620,No,45,6,5,Yes,Celebrating,Low,Partner,No
49159,3102,44,Bangalore,Evening,Weekday,South Indian,Dinner,Mid-range,136,No,77,6,1,No,Happy,Medium,Partner,Yes
49160,3307,38,Bangalore,Afternoon,Weekend,Biryani,Snacks,Mid-range,949,No,57,11,3,No,Stressed,Low,Family,No
49161,4107,39,Mumbai,Evening,Weekday,Desserts,Lunch,Mid-range,939,No,62,13,1,No,Happy,High,Family,Yes
49162,2725,35,Chandigarh,Morning,Weekday,South Indian,Snacks,Budget,779,Yes,65,6,1,No,Stressed,Medium,Friends,Yes
49163,4932,42,Hyderabad,Afternoon,Weekday,South Indian,Lunch,Premium,244,Yes,69,2,2,No,Celebrating,Medium,Partner,No
49164,3079,37,Delhi,Night,Weekend,South Indian,Snacks,Mid-range,775,No,85,9,1,Yes,Celebrating,Medium,Partner,Yes
49165,4164,32,Hyderabad,Morning,Weekend,North Indian,Lunch,Budget,983,Yes,61,8,3,No,Lazy,Low,Friends,No
49166,1943,20,Chandigarh,Afternoon,Weekday,Chinese,Lunch,Premium,102,No,49,5,5,Yes,Stressed,Medium,Family,Yes
49167,1241,24,Chandigarh,Afternoon,Weekend,South Indian,Dinner,Budget,374,No,81,1,1,Yes,Stressed,High,Friends,No
49168,1420,36,Mumbai,Evening,Weekday,Fast Food,Snacks,Budget,220,No,44,12,2,Yes,Celebrating,Medium,Friends,Yes
49169,2007,36,Delhi,Night,Weekday,Chinese,Snacks,Mid-range,978,Yes,44,5,4,Yes,Lazy,Medium,Alone,No
49170,1630,21,Bangalore,Night,Weekend,South Indian,Snacks,Premium,342,Yes,71,13,3,Yes,Celebrating,High,Partner,No
49171,2056,24,Pune,Night,Weekday,Chinese,Breakfast,Premium,946,Yes,52,13,4,No,Happy,Low,Partner,Yes
49172,2091,43,Hyderabad,Night,Weekday,Desserts,Dinner,Mid-range,762,No,86,6,3,No,Happy,Medium,Friends,No
49173,2965,39,Delhi,Afternoon,Weekday,South Indian,Lunch,Mid-range,832,No,68,8,4,Yes,Celebrating,High,Friends,No
49174,1860,20,Chandigarh,Afternoon,Weekend,Chinese,Breakfast,Premium,176,No,87,7,3,Yes,Happy,Medium,Alone,Yes
49175,4820,41,Delhi,Morning,Weekday,South Indian,Dinner,Budget,501,No,52,6,1,No,Happy,Low,Partner,No
49176,4295,22,Bangalore,Evening,Weekend,North Indian,Breakfast,Mid-range,734,No,64,5,3,Yes,Celebrating,Low,Partner,Yes
49177,2577,24,Pune,Morning,Weekend,North Indian,Breakfast,Mid-range,118,Yes,48,8,2,No,Lazy,High,Alone,No
49178,2313,42,Bangalore,Morning,Weekend,Chinese,Dinner,Mid-range,821,No,91,3,2,Yes,Happy,Low,Partner,Yes
49179,4974,18,Delhi,Morning,Weekend,Desserts,Lunch,Premium,404,No,87,7,1,No,Happy,High,Family,Yes
49180,2634,26,Chandigarh,Morning,Weekend,Chinese,Dinner,Premium,596,Yes,41,2,1,No,Celebrating,Medium,Friends,Yes
49181,2605,27,Pune,Night,Weekend,North Indian,Lunch,Budget,187,Yes,67,12,1,Yes,Happy,Low,Partner,No
49182,4852,42,Delhi,Night,Weekend,Chinese,Breakfast,Premium,104,No,30,8,3,No,Happy,Low,Partner,Yes
49183,3604,21,Delhi,Morning,Weekday,North Indian,Lunch,Mid-range,703,Yes,89,9,5,Yes,Lazy,High,Partner,No
49184,3491,32,Hyderabad,Evening,Weekend,Desserts,Snacks,Budget,217,Yes,77,10,2,No,Stressed,Medium,Alone,No
49185,3109,18,Bangalore,Afternoon,Weekday,North Indian,Snacks,Premium,513,No,63,14,4,Yes,Celebrating,High,Family,No
49186,3265,19,Pune,Morning,Weekend,Desserts,Dinner,Premium,433,Yes,78,3,2,Yes,Stressed,Medium,Friends,No
49187,3710,38,Hyderabad,Night,Weekend,Biryani,Snacks,Budget,418,No,23,14,5,Yes,Happy,Medium,Family,No
49188,4734,30,Delhi,Morning,Weekend,Chinese,Dinner,Premium,714,No,63,8,5,Yes,Stressed,Low,Alone,No
49189,1462,26,Hyderabad,Afternoon,Weekday,Chinese,Lunch,Premium,253,Yes,24,10,4,Yes,Celebrating,High,Family,No
49190,4158,27,Mumbai,Night,Weekend,North Indian,Dinner,Budget,159,No,27,10,1,No,Happy,Low,Friends,Yes
49191,1427,26,Bangalore,Morning,Weekend,Fast Food,Lunch,Premium,108,No,41,13,2,Yes,Celebrating,High,Partner,Yes
49192,1288,20,Chandigarh,Night,Weekday,Desserts,Snacks,Budget,554,Yes,66,10,4,Yes,Lazy,Low,Alone,No
49193,3206,19,Mumbai,Afternoon,Weekday,Chinese,Breakfast,Budget,865,No,79,2,5,Yes,Stressed,Low,Partner,Yes
49194,2324,39,Mumbai,Evening,Weekend,Fast Food,Snacks,Premium,114,No,64,14,1,No,Happy,Medium,Partner,Yes
49195,4561,23,Bangalore,Evening,Weekday,Chinese,Breakfast,Mid-range,102,No,26,2,4,Yes,Stressed,Low,Alone,Yes
49196,2326,31,Chandigarh,Night,Weekday,Desserts,Breakfast,Mid-range,927,Yes,74,11,3,No,Stressed,Low,Alone,Yes
49197,1033,28,Pune,Night,Weekday,Desserts,Lunch,Premium,196,No,67,8,1,Yes,Stressed,Low,Friends,No
49198,1234,40,Chandigarh,Evening,Weekend,Desserts,Snacks,Mid-range,426,Yes,30,6,5,Yes,Stressed,Medium,Friends,No
49199,1709,41,Hyderabad,Afternoon,Weekday,Fast Food,Breakfast,Premium,644,No,86,6,5,Yes,Happy,Low,Partner,No
49200,2293,25,Delhi,Afternoon,Weekend,Chinese,Dinner,Mid-range,764,Yes,25,12,4,Yes,Happy,High,Partner,No
49201,4446,24,Hyderabad,Evening,Weekday,Biryani,Snacks,Mid-range,572,No,21,7,4,Yes,Lazy,Medium,Alone,No
49202,1666,21,Pune,Evening,Weekday,North Indian,Lunch,Budget,408,Yes,70,5,1,Yes,Celebrating,Low,Partner,Yes
49203,1053,33,Bangalore,Morning,Weekend,Chinese,Snacks,Budget,478,No,92,5,5,No,Lazy,Low,Family,No
49204,3629,40,Mumbai,Night,Weekend,Biryani,Lunch,Mid-range,785,Yes,48,7,2,Yes,Stressed,Medium,Partner,No
49205,2743,36,Hyderabad,Afternoon,Weekend,South Indian,Breakfast,Premium,725,No,97,9,1,Yes,Stressed,High,Partner,No
49206,2143,27,Mumbai,Night,Weekend,North Indian,Snacks,Mid-range,378,No,49,14,4,Yes,Stressed,Low,Family,Yes
49207,1291,37,Chandigarh,Evening,Weekday,Chinese,Snacks,Premium,988,No,78,4,2,Yes,Happy,Low,Friends,No
49208,1309,31,Pune,Evening,Weekend,Desserts,Breakfast,Premium,562,No,57,5,5,Yes,Celebrating,High,Partner,Yes
49209,1965,37,Bangalore,Evening,Weekend,South Indian,Snacks,Budget,439,Yes,35,9,4,No,Celebrating,Low,Alone,Yes
49210,4608,37,Mumbai,Night,Weekday,North Indian,Dinner,Premium,288,Yes,97,4,3,No,Stressed,Medium,Alone,Yes
49211,4974,34,Delhi,Evening,Weekend,Fast Food,Lunch,Budget,273,Yes,83,2,5,No,Lazy,Low,Friends,Yes
49212,3704,37,Delhi,Night,Weekday,North Indian,Dinner,Premium,449,No,53,1,5,No,Stressed,High,Alone,No
49213,2103,23,Mumbai,Afternoon,Weekday,Biryani,Dinner,Premium,786,No,92,4,3,No,Happy,Low,Alone,Yes
49214,4164,24,Mumbai,Morning,Weekend,South Indian,Snacks,Budget,809,No,36,4,2,No,Happy,Low,Family,No
49215,4953,38,Delhi,Afternoon,Weekday,Biryani,Breakfast,Mid-range,216,Yes,33,3,3,No,Happy,Medium,Family,Yes
49216,2576,33,Chandigarh,Afternoon,Weekday,Fast Food,Dinner,Mid-range,599,Yes,91,13,1,No,Stressed,Low,Friends,No
49217,3155,29,Mumbai,Afternoon,Weekend,Chinese,Snacks,Budget,120,Yes,94,10,2,No,Stressed,High,Partner,Yes
49218,2309,28,Delhi,Evening,Weekend,South Indian,Lunch,Mid-range,970,No,22,4,3,Yes,Lazy,High,Alone,No
49219,1561,44,Hyderabad,Morning,Weekend,North Indian,Snacks,Premium,117,Yes,90,5,5,No,Stressed,High,Partner,No
49220,2569,34,Mumbai,Afternoon,Weekday,South Indian,Breakfast,Budget,979,Yes,48,6,5,Yes,Stressed,High,Family,No
49221,3546,30,Pune,Night,Weekend,Desserts,Snacks,Budget,263,Yes,31,13,3,No,Stressed,Medium,Family,Yes
49222,3498,24,Delhi,Night,Weekday,South Indian,Dinner,Mid-range,146,Yes,44,2,5,No,Lazy,Low,Friends,Yes
49223,3867,21,Mumbai,Evening,Weekend,Fast Food,Snacks,Premium,951,Yes,55,14,3,No,Stressed,Medium,Family,No
49224,1166,23,Mumbai,Night,Weekday,Biryani,Snacks,Premium,617,No,49,5,3,No,Celebrating,High,Friends,Yes
49225,1306,26,Pune,Afternoon,Weekday,South Indian,Dinner,Mid-range,173,Yes,38,11,4,Yes,Lazy,Medium,Friends,No
49226,4356,27,Delhi,Night,Weekday,Desserts,Dinner,Mid-range,155,No,94,14,3,No,Celebrating,High,Family,No
49227,4889,36,Chandigarh,Evening,Weekday,Fast Food,Breakfast,Mid-range,626,No,91,3,3,Yes,Lazy,High,Family,No
49228,1862,30,Bangalore,Evening,Weekend,North Indian,Dinner,Mid-range,127,Yes,85,11,2,Yes,Lazy,Medium,Friends,No
49229,3017,18,Mumbai,Morning,Weekend,North Indian,Breakfast,Mid-range,958,No,20,5,3,Yes,Stressed,Medium,Partner,No
49230,4884,38,Chandigarh,Evening,Weekend,North Indian,Snacks,Premium,936,Yes,29,3,2,Yes,Celebrating,Low,Family,Yes
49231,1864,39,Hyderabad,Night,Weekday,Biryani,Breakfast,Mid-range,307,No,30,3,3,No,Celebrating,Medium,Alone,Yes
49232,4712,30,Delhi,Evening,Weekend,Desserts,Lunch,Premium,258,Yes,56,13,4,Yes,Happy,Low,Partner,Yes
49233,3280,41,Bangalore,Evening,Weekday,Desserts,Lunch,Budget,626,No,30,12,1,No,Lazy,Medium,Family,Yes
49234,4877,38,Hyderabad,Morning,Weekday,North Indian,Snacks,Premium,479,Yes,92,12,2,Yes,Stressed,High,Family,No
49235,4357,39,Hyderabad,Night,Weekend,Chinese,Lunch,Mid-range,523,No,20,14,5,No,Happy,Medium,Partner,Yes
49236,2872,21,Chandigarh,Evening,Weekday,North Indian,Breakfast,Mid-range,239,Yes,57,8,3,No,Celebrating,High,Friends,No
49237,3048,42,Delhi,Night,Weekday,Biryani,Snacks,Budget,130,Yes,77,2,5,Yes,Happy,High,Family,No
49238,1709,40,Bangalore,Night,Weekend,Chinese,Lunch,Premium,384,No,39,6,2,No,Stressed,High,Family,Yes
49239,4588,30,Mumbai,Evening,Weekend,Desserts,Lunch,Mid-range,618,No,57,13,3,No,Happy,High,Partner,No
49240,1698,41,Chandigarh,Night,Weekday,Biryani,Dinner,Mid-range,706,Yes,66,11,1,No,Happy,High,Alone,Yes
49241,2754,22,Pune,Night,Weekday,Fast Food,Dinner,Mid-range,745,Yes,72,3,1,Yes,Celebrating,Low,Alone,No
49242,4771,28,Delhi,Night,Weekend,Desserts,Breakfast,Mid-range,334,Yes,68,14,2,No,Stressed,Low,Partner,No
49243,2708,19,Bangalore,Evening,Weekday,Chinese,Lunch,Mid-range,831,Yes,98,11,4,Yes,Stressed,High,Family,No
49244,3466,27,Hyderabad,Night,Weekend,North Indian,Lunch,Premium,798,No,90,6,3,Yes,Lazy,High,Family,Yes
49245,4078,20,Chandigarh,Evening,Weekend,South Indian,Lunch,Budget,208,No,90,8,2,Yes,Happy,Low,Partner,Yes
49246,3537,41,Delhi,Morning,Weekday,Biryani,Lunch,Budget,584,Yes,38,14,5,Yes,Stressed,Medium,Partner,No
49247,2416,20,Chandigarh,Night,Weekend,North Indian,Breakfast,Mid-range,749,No,23,1,1,No,Celebrating,Low,Family,No
49248,2761,18,Hyderabad,Evening,Weekday,South Indian,Lunch,Premium,928,Yes,43,2,4,No,Stressed,Medium,Friends,No
49249,1243,28,Mumbai,Evening,Weekend,South Indian,Snacks,Mid-range,577,No,83,14,5,No,Stressed,High,Friends,No
49250,4960,26,Mumbai,Afternoon,Weekday,Fast Food,Breakfast,Mid-range,844,Yes,61,2,4,No,Happy,Medium,Friends,No
49251,1035,22,Pune,Night,Weekday,Fast Food,Lunch,Mid-range,319,No,46,1,4,Yes,Happy,Low,Friends,No
49252,4983,32,Pune,Morning,Weekend,Chinese,Lunch,Premium,322,Yes,74,10,1,Yes,Celebrating,Low,Family,No
49253,4064,41,Bangalore,Evening,Weekend,South Indian,Lunch,Budget,591,Yes,36,7,2,No,Lazy,Low,Family,No
49254,1942,42,Delhi,Evening,Weekend,Fast Food,Dinner,Budget,444,No,39,14,4,No,Happy,High,Family,Yes
49255,1949,18,Mumbai,Morning,Weekday,North Indian,Lunch,Premium,142,Yes,84,12,2,Yes,Happy,High,Partner,Yes
49256,1167,36,Mumbai,Night,Weekend,South Indian,Dinner,Mid-range,133,Yes,48,1,4,Yes,Lazy,Medium,Friends,No
49257,2836,41,Hyderabad,Afternoon,Weekend,Chinese,Lunch,Budget,827,Yes,94,13,5,No,Celebrating,Low,Partner,No
49258,4148,31,Chandigarh,Evening,Weekend,North Indian,Snacks,Mid-range,385,Yes,40,3,4,Yes,Happy,Medium,Family,No
49259,3209,40,Hyderabad,Afternoon,Weekend,Biryani,Lunch,Premium,158,No,55,13,1,No,Stressed,High,Partner,Yes
49260,1138,22,Pune,Evening,Weekend,South Indian,Snacks,Budget,987,Yes,68,4,3,Yes,Stressed,High,Partner,No
49261,3098,32,Mumbai,Morning,Weekday,North Indian,Breakfast,Premium,941,Yes,42,11,2,Yes,Lazy,Low,Partner,No
49262,1508,43,Delhi,Afternoon,Weekend,Fast Food,Snacks,Budget,785,No,67,12,4,No,Happy,Medium,Friends,Yes
49263,3522,33,Chandigarh,Afternoon,Weekday,South Indian,Lunch,Mid-range,637,No,62,14,3,No,Happy,Medium,Family,Yes
49264,1531,43,Delhi,Morning,Weekday,South Indian,Lunch,Premium,854,No,53,3,5,No,Lazy,High,Friends,No
49265,1688,29,Mumbai,Night,Weekend,Biryani,Dinner,Budget,106,No,76,2,2,Yes,Celebrating,Medium,Partner,No
49266,3432,19,Mumbai,Morning,Weekday,Fast Food,Breakfast,Budget,239,Yes,66,2,1,Yes,Lazy,Medium,Friends,Yes
49267,3200,36,Hyderabad,Afternoon,Weekday,Desserts,Snacks,Budget,629,No,61,10,4,Yes,Stressed,Low,Alone,Yes
49268,3453,29,Bangalore,Afternoon,Weekday,Chinese,Dinner,Premium,163,Yes,43,5,4,Yes,Celebrating,Low,Partner,Yes
49269,2664,36,Mumbai,Night,Weekend,North Indian,Lunch,Budget,523,No,55,5,5,No,Lazy,Medium,Friends,Yes
49270,3658,34,Hyderabad,Evening,Weekend,South Indian,Lunch,Premium,947,No,32,11,1,Yes,Lazy,Low,Alone,Yes
49271,2902,31,Mumbai,Morning,Weekday,South Indian,Snacks,Premium,524,Yes,25,11,4,No,Stressed,Low,Alone,Yes
49272,1836,43,Chandigarh,Morning,Weekend,South Indian,Dinner,Premium,890,Yes,82,4,5,No,Happy,Medium,Friends,Yes
49273,3400,18,Bangalore,Afternoon,Weekday,Chinese,Breakfast,Budget,241,No,30,12,4,No,Happy,High,Family,No
49274,4995,36,Chandigarh,Night,Weekday,South Indian,Lunch,Premium,600,Yes,45,10,4,No,Lazy,Medium,Family,Yes
49275,1209,33,Bangalore,Morning,Weekday,Biryani,Breakfast,Budget,567,Yes,79,1,2,Yes,Stressed,High,Family,Yes
49276,1583,35,Pune,Afternoon,Weekday,Fast Food,Breakfast,Premium,205,Yes,43,11,3,No,Stressed,Low,Friends,Yes
49277,4530,43,Hyderabad,Evening,Weekend,South Indian,Lunch,Premium,394,Yes,59,11,5,No,Celebrating,Low,Alone,No
49278,1617,34,Chandigarh,Evening,Weekend,North Indian,Snacks,Budget,646,Yes,48,10,3,Yes,Lazy,High,Friends,No
49279,3688,20,Mumbai,Morning,Weekday,Chinese,Lunch,Mid-range,460,No,45,7,3,No,Lazy,Medium,Alone,No
49280,4478,24,Chandigarh,Morning,Weekend,Biryani,Snacks,Budget,224,Yes,33,7,3,No,Lazy,Medium,Alone,Yes
49281,2902,44,Chandigarh,Morning,Weekend,Desserts,Dinner,Premium,702,Yes,63,8,5,Yes,Lazy,High,Family,No
49282,1012,32,Hyderabad,Night,Weekday,South Indian,Snacks,Mid-range,639,Yes,67,4,5,Yes,Happy,High,Family,Yes
49283,4592,43,Chandigarh,Evening,Weekend,North Indian,Snacks,Mid-range,595,No,98,13,2,No,Stressed,Low,Friends,No
49284,3482,23,Delhi,Evening,Weekend,Fast Food,Snacks,Budget,955,No,87,14,3,No,Lazy,High,Family,No
49285,2070,37,Mumbai,Morning,Weekend,Chinese,Snacks,Mid-range,219,Yes,65,4,5,No,Celebrating,High,Family,No
49286,2237,39,Bangalore,Afternoon,Weekend,Chinese,Dinner,Premium,387,No,26,12,3,No,Celebrating,Medium,Friends,Yes
49287,3250,19,Pune,Afternoon,Weekday,Fast Food,Dinner,Premium,233,Yes,97,12,2,No,Celebrating,Medium,Friends,Yes
49288,2557,40,Bangalore,Morning,Weekend,Biryani,Dinner,Premium,764,Yes,44,10,4,No,Stressed,Medium,Friends,Yes
49289,1747,25,Delhi,Evening,Weekday,Biryani,Breakfast,Premium,732,No,28,8,3,Yes,Lazy,High,Family,Yes
49290,4047,28,Chandigarh,Morning,Weekday,Chinese,Dinner,Premium,778,No,51,9,4,No,Stressed,Low,Family,Yes
49291,1080,40,Hyderabad,Night,Weekend,Biryani,Dinner,Budget,110,No,97,6,1,No,Lazy,Low,Partner,No
49292,4812,20,Bangalore,Afternoon,Weekend,Biryani,Lunch,Budget,245,No,59,5,5,No,Celebrating,High,Partner,No
49293,1468,18,Mumbai,Afternoon,Weekend,South Indian,Lunch,Mid-range,124,Yes,53,1,1,No,Lazy,Low,Family,Yes
49294,1295,22,Pune,Night,Weekend,Desserts,Breakfast,Mid-range,206,Yes,89,13,5,Yes,Stressed,Medium,Alone,Yes
49295,2336,37,Hyderabad,Afternoon,Weekend,Fast Food,Lunch,Mid-range,833,No,56,2,1,Yes,Stressed,Low,Friends,No
49296,3489,43,Chandigarh,Morning,Weekend,Biryani,Lunch,Premium,713,Yes,25,14,4,No,Stressed,High,Partner,No
49297,1643,23,Chandigarh,Evening,Weekend,North Indian,Snacks,Budget,517,No,84,13,1,No,Stressed,Medium,Alone,Yes
49298,1084,19,Bangalore,Evening,Weekend,South Indian,Dinner,Budget,539,Yes,90,2,1,No,Celebrating,Medium,Friends,Yes
49299,3643,42,Bangalore,Evening,Weekday,North Indian,Snacks,Budget,840,No,37,5,2,No,Happy,High,Partner,No
49300,3767,25,Hyderabad,Morning,Weekend,South Indian,Snacks,Budget,852,No,26,14,5,No,Celebrating,High,Partner,Yes
49301,2417,20,Bangalore,Morning,Weekend,Fast Food,Lunch,Mid-range,438,No,33,1,1,No,Stressed,High,Family,No
49302,1561,28,Chandigarh,Evening,Weekend,Fast Food,Snacks,Mid-range,902,No,71,6,3,No,Stressed,High,Partner,Yes
49303,3336,41,Chandigarh,Night,Weekday,Desserts,Breakfast,Budget,763,Yes,96,11,5,No,Celebrating,High,Alone,No
49304,4779,41,Hyderabad,Morning,Weekday,Fast Food,Breakfast,Budget,486,No,92,9,5,No,Happy,High,Alone,No
49305,1653,22,Mumbai,Night,Weekday,South Indian,Dinner,Budget,476,Yes,58,10,3,Yes,Happy,Medium,Alone,No
49306,4227,32,Chandigarh,Night,Weekend,Desserts,Breakfast,Mid-range,201,No,55,11,5,No,Celebrating,Medium,Partner,No
49307,2285,30,Pune,Afternoon,Weekday,Chinese,Breakfast,Premium,529,No,71,6,2,No,Happy,Low,Partner,Yes
49308,2445,26,Hyderabad,Night,Weekday,Desserts,Lunch,Mid-range,106,No,52,5,5,Yes,Stressed,Medium,Partner,Yes
49309,2067,19,Pune,Morning,Weekday,Chinese,Lunch,Budget,626,Yes,81,12,2,No,Lazy,Medium,Alone,No
49310,2660,32,Bangalore,Afternoon,Weekday,Chinese,Lunch,Budget,946,Yes,37,7,5,No,Happy,Medium,Partner,Yes
49311,2015,21,Delhi,Night,Weekend,Biryani,Dinner,Budget,447,Yes,78,8,5,Yes,Stressed,Medium,Family,Yes
49312,1490,27,Bangalore,Night,Weekend,Fast Food,Snacks,Mid-range,992,Yes,34,6,5,No,Stressed,Low,Alone,No
49313,1576,23,Bangalore,Morning,Weekday,Fast Food,Snacks,Budget,425,Yes,54,10,2,Yes,Celebrating,High,Alone,No
49314,3310,38,Hyderabad,Morning,Weekday,Chinese,Lunch,Premium,482,Yes,75,14,1,Yes,Celebrating,Medium,Partner,No
49315,2391,38,Chandigarh,Afternoon,Weekday,Desserts,Dinner,Mid-range,228,No,55,5,4,No,Lazy,Low,Alone,Yes
49316,4343,44,Chandigarh,Night,Weekday,Fast Food,Lunch,Premium,885,No,57,9,2,Yes,Stressed,Medium,Family,Yes
49317,3535,37,Pune,Afternoon,Weekday,South Indian,Lunch,Mid-range,558,Yes,64,4,1,Yes,Happy,Low,Friends,No
49318,4748,35,Delhi,Morning,Weekend,Fast Food,Lunch,Premium,136,Yes,88,2,4,No,Lazy,Medium,Alone,Yes
49319,2976,21,Hyderabad,Evening,Weekday,South Indian,Dinner,Mid-range,537,No,52,1,3,No,Lazy,Medium,Partner,No
49320,3944,28,Mumbai,Evening,Weekday,North Indian,Breakfast,Mid-range,271,Yes,62,2,4,No,Happy,High,Family,No
49321,3019,25,Delhi,Evening,Weekday,South Indian,Dinner,Mid-range,967,Yes,52,8,3,Yes,Celebrating,High,Friends,Yes
49322,2814,27,Bangalore,Morning,Weekend,Desserts,Dinner,Premium,836,Yes,56,10,1,No,Lazy,Medium,Partner,Yes
49323,3170,25,Pune,Morning,Weekday,Chinese,Lunch,Budget,987,No,59,12,3,Yes,Stressed,Medium,Alone,Yes
49324,1526,39,Hyderabad,Afternoon,Weekday,North Indian,Dinner,Mid-range,681,Yes,74,9,2,No,Lazy,Low,Alone,Yes
49325,2447,42,Mumbai,Afternoon,Weekday,North Indian,Breakfast,Budget,478,Yes,66,11,1,No,Lazy,High,Partner,No
49326,3243,42,Bangalore,Night,Weekend,South Indian,Lunch,Budget,985,No,86,11,5,No,Celebrating,High,Family,No
49327,2971,22,Bangalore,Morning,Weekday,North Indian,Lunch,Budget,780,Yes,32,6,5,Yes,Lazy,Medium,Friends,No
49328,4507,21,Mumbai,Night,Weekend,Biryani,Lunch,Mid-range,351,Yes,71,8,4,No,Celebrating,High,Family,No
49329,4379,33,Pune,Afternoon,Weekday,Fast Food,Breakfast,Premium,973,Yes,36,11,3,No,Lazy,Low,Family,No
49330,2037,34,Mumbai,Afternoon,Weekend,Desserts,Lunch,Budget,963,No,74,5,2,No,Happy,Medium,Alone,Yes
49331,1319,19,Hyderabad,Night,Weekday,Biryani,Dinner,Budget,360,Yes,96,13,3,No,Happy,High,Alone,No
49332,4769,29,Pune,Morning,Weekday,Desserts,Snacks,Mid-range,706,No,65,4,5,No,Happy,Low,Family,No
49333,3094,39,Hyderabad,Afternoon,Weekday,Desserts,Breakfast,Budget,600,No,60,1,4,No,Happy,Medium,Family,No
49334,2408,26,Pune,Night,Weekday,Desserts,Dinner,Mid-range,994,Yes,85,5,2,Yes,Stressed,High,Alone,No
49335,3341,27,Mumbai,Afternoon,Weekend,Desserts,Dinner,Premium,871,Yes,71,8,1,Yes,Lazy,Low,Friends,Yes
49336,4941,29,Mumbai,Afternoon,Weekday,Biryani,Lunch,Premium,657,No,22,5,5,No,Lazy,High,Alone,No
49337,2719,35,Delhi,Evening,Weekend,Fast Food,Dinner,Mid-range,301,Yes,41,13,2,No,Stressed,Medium,Partner,No
49338,4673,42,Mumbai,Evening,Weekday,Chinese,Breakfast,Premium,981,No,26,9,1,Yes,Celebrating,Low,Friends,Yes
49339,4819,36,Pune,Night,Weekday,South Indian,Breakfast,Budget,898,No,46,6,2,No,Happy,Low,Partner,Yes
49340,2852,23,Mumbai,Night,Weekend,Chinese,Dinner,Budget,432,No,75,5,4,Yes,Stressed,Medium,Alone,No
49341,1585,44,Mumbai,Night,Weekday,North Indian,Snacks,Budget,145,No,77,2,1,No,Lazy,Medium,Alone,Yes
49342,2048,29,Chandigarh,Evening,Weekend,South Indian,Breakfast,Premium,659,Yes,81,7,2,Yes,Lazy,Low,Alone,No
49343,3215,29,Hyderabad,Evening,Weekend,North Indian,Lunch,Mid-range,746,Yes,48,7,1,Yes,Stressed,Medium,Partner,No
49344,1293,34,Bangalore,Night,Weekend,Fast Food,Dinner,Premium,771,Yes,86,14,2,No,Lazy,High,Friends,Yes
49345,1954,30,Chandigarh,Afternoon,Weekday,Chinese,Snacks,Mid-range,649,Yes,44,3,1,No,Happy,High,Partner,No
49346,2011,22,Delhi,Morning,Weekend,Fast Food,Lunch,Budget,344,Yes,73,12,2,Yes,Celebrating,Medium,Alone,No
49347,4694,30,Bangalore,Night,Weekday,Fast Food,Lunch,Premium,423,Yes,27,5,5,Yes,Lazy,Low,Alone,No
49348,1069,19,Chandigarh,Night,Weekday,Fast Food,Breakfast,Budget,361,No,44,5,4,No,Stressed,Low,Alone,Yes
49349,1181,36,Delhi,Afternoon,Weekend,Chinese,Snacks,Mid-range,231,No,47,7,2,Yes,Celebrating,Medium,Partner,Yes
49350,3370,43,Mumbai,Morning,Weekday,Chinese,Lunch,Budget,420,No,20,8,3,No,Stressed,Medium,Friends,Yes
49351,3592,26,Hyderabad,Night,Weekday,North Indian,Lunch,Budget,486,Yes,84,3,2,No,Happy,Medium,Family,No
49352,1650,44,Pune,Morning,Weekday,Biryani,Breakfast,Mid-range,682,No,98,5,1,No,Celebrating,Medium,Partner,No
49353,3017,34,Delhi,Evening,Weekend,Fast Food,Lunch,Budget,398,Yes,90,6,5,No,Celebrating,High,Partner,Yes
49354,3950,28,Mumbai,Morning,Weekend,North Indian,Snacks,Budget,568,No,23,9,4,No,Lazy,Medium,Alone,Yes
49355,4372,35,Hyderabad,Morning,Weekday,Chinese,Snacks,Mid-range,389,No,78,3,3,No,Stressed,Medium,Partner,No
49356,3409,24,Mumbai,Afternoon,Weekend,Fast Food,Lunch,Premium,549,No,55,6,3,No,Happy,Low,Partner,Yes
49357,2384,39,Bangalore,Night,Weekend,North Indian,Snacks,Mid-range,929,No,90,2,1,Yes,Lazy,Medium,Alone,Yes
49358,4479,29,Bangalore,Afternoon,Weekend,Biryani,Dinner,Budget,125,Yes,85,12,5,No,Lazy,Low,Alone,Yes
49359,2729,24,Bangalore,Evening,Weekend,South Indian,Lunch,Premium,203,No,30,3,5,Yes,Happy,Medium,Family,No
49360,2573,42,Hyderabad,Evening,Weekday,North Indian,Snacks,Mid-range,293,No,82,10,2,Yes,Stressed,High,Alone,No
49361,4655,41,Hyderabad,Morning,Weekday,South Indian,Snacks,Premium,814,No,79,11,1,No,Stressed,High,Alone,Yes
49362,4367,43,Bangalore,Evening,Weekend,North Indian,Snacks,Mid-range,300,Yes,37,9,1,No,Stressed,Medium,Partner,Yes
49363,2791,23,Chandigarh,Night,Weekend,Desserts,Dinner,Premium,540,No,25,12,3,Yes,Happy,Medium,Family,Yes
49364,3230,23,Pune,Evening,Weekday,Fast Food,Dinner,Premium,600,Yes,43,4,1,No,Happy,Medium,Partner,No
49365,2858,35,Pune,Night,Weekend,South Indian,Breakfast,Premium,740,Yes,37,12,2,Yes,Celebrating,Medium,Alone,Yes
49366,3876,25,Bangalore,Afternoon,Weekday,Fast Food,Breakfast,Premium,266,Yes,72,1,3,Yes,Stressed,High,Alone,No
49367,1014,40,Delhi,Afternoon,Weekday,South Indian,Dinner,Budget,799,Yes,87,5,1,Yes,Celebrating,Medium,Friends,No
49368,3412,27,Delhi,Evening,Weekend,South Indian,Dinner,Premium,422,Yes,48,6,1,Yes,Celebrating,Medium,Family,Yes
49369,3995,21,Delhi,Morning,Weekday,Biryani,Dinner,Mid-range,424,Yes,84,3,2,No,Celebrating,Medium,Family,Yes
49370,1121,25,Bangalore,Afternoon,Weekday,Chinese,Dinner,Budget,806,No,68,5,4,Yes,Lazy,Low,Partner,Yes
49371,4999,42,Pune,Morning,Weekday,North Indian,Breakfast,Premium,566,Yes,24,11,4,No,Lazy,High,Partner,No
49372,3036,19,Bangalore,Night,Weekday,Fast Food,Breakfast,Premium,706,No,35,8,2,No,Happy,Medium,Partner,Yes
49373,2187,18,Hyderabad,Evening,Weekday,North Indian,Lunch,Premium,961,No,48,2,2,Yes,Lazy,High,Alone,No
49374,1977,26,Pune,Evening,Weekday,Chinese,Breakfast,Premium,374,No,56,3,2,Yes,Stressed,High,Partner,Yes
49375,4809,36,Bangalore,Evening,Weekday,Biryani,Breakfast,Budget,704,No,72,5,2,Yes,Celebrating,Medium,Friends,Yes
49376,2665,19,Mumbai,Morning,Weekend,North Indian,Snacks,Mid-range,240,No,44,11,3,Yes,Celebrating,High,Family,Yes
49377,3822,18,Delhi,Afternoon,Weekend,North Indian,Dinner,Premium,763,Yes,68,4,4,Yes,Celebrating,Medium,Friends,Yes
49378,3454,18,Delhi,Morning,Weekend,Chinese,Lunch,Budget,967,No,55,9,2,No,Stressed,Medium,Alone,No
49379,4552,26,Chandigarh,Night,Weekday,Desserts,Breakfast,Premium,148,Yes,67,12,2,No,Stressed,Low,Partner,No
49380,1128,44,Delhi,Evening,Weekend,Desserts,Dinner,Premium,336,No,89,8,5,Yes,Celebrating,High,Partner,Yes
49381,4427,24,Hyderabad,Morning,Weekend,Desserts,Snacks,Premium,379,Yes,61,8,1,Yes,Celebrating,Low,Friends,No
49382,4372,37,Delhi,Evening,Weekday,South Indian,Dinner,Budget,897,Yes,76,2,3,No,Happy,Low,Family,No
49383,3602,33,Delhi,Night,Weekend,South Indian,Snacks,Premium,547,Yes,95,3,2,No,Celebrating,Low,Family,Yes
49384,4583,36,Chandigarh,Evening,Weekday,Fast Food,Breakfast,Mid-range,101,Yes,32,12,5,Yes,Stressed,Medium,Family,Yes
49385,4467,37,Hyderabad,Evening,Weekend,North Indian,Lunch,Premium,624,No,63,6,5,No,Lazy,High,Partner,No
49386,1975,34,Delhi,Evening,Weekend,Chinese,Lunch,Premium,548,No,76,3,3,Yes,Stressed,Medium,Friends,No
49387,4825,42,Pune,Evening,Weekend,Fast Food,Dinner,Premium,240,Yes,55,8,2,Yes,Lazy,High,Friends,Yes
49388,1849,18,Chandigarh,Night,Weekend,Fast Food,Breakfast,Premium,812,No,53,13,5,Yes,Lazy,Medium,Partner,No
49389,3588,36,Hyderabad,Morning,Weekday,South Indian,Dinner,Budget,187,Yes,84,9,3,Yes,Happy,Low,Alone,No
49390,1824,43,Pune,Morning,Weekday,South Indian,Breakfast,Budget,874,Yes,65,8,2,No,Lazy,Medium,Alone,Yes
49391,4395,33,Chandigarh,Evening,Weekday,Biryani,Snacks,Mid-range,883,Yes,63,3,5,No,Lazy,Low,Partner,No
49392,2999,36,Delhi,Night,Weekday,Fast Food,Snacks,Premium,776,Yes,95,8,2,No,Celebrating,Low,Alone,No
49393,2834,41,Pune,Evening,Weekend,Biryani,Breakfast,Budget,547,No,21,13,2,Yes,Celebrating,High,Partner,Yes
49394,1834,35,Chandigarh,Night,Weekend,Fast Food,Breakfast,Premium,877,No,26,3,3,No,Stressed,High,Partner,No
49395,3515,23,Bangalore,Afternoon,Weekend,Desserts,Breakfast,Premium,837,No,27,14,4,Yes,Lazy,Medium,Partner,No
49396,1237,34,Mumbai,Afternoon,Weekday,South Indian,Breakfast,Premium,153,No,90,14,1,No,Happy,High,Alone,No
49397,2211,43,Hyderabad,Afternoon,Weekday,North Indian,Dinner,Mid-range,748,Yes,97,5,5,Yes,Stressed,High,Alone,Yes
49398,4824,30,Bangalore,Morning,Weekend,Biryani,Lunch,Mid-range,800,Yes,32,4,3,Yes,Happy,Low,Friends,Yes
49399,1496,23,Delhi,Night,Weekend,Desserts,Snacks,Mid-range,948,Yes,49,8,2,Yes,Stressed,Medium,Partner,Yes
49400,2912,20,Chandigarh,Afternoon,Weekday,Biryani,Lunch,Mid-range,741,Yes,57,9,5,No,Lazy,Medium,Partner,No
49401,2009,42,Chandigarh,Afternoon,Weekday,South Indian,Breakfast,Budget,440,No,41,8,2,No,Happy,High,Family,No
49402,1237,20,Delhi,Afternoon,Weekday,Fast Food,Snacks,Mid-range,995,No,97,3,3,No,Celebrating,High,Alone,Yes
49403,1345,37,Mumbai,Night,Weekday,Biryani,Snacks,Budget,957,Yes,24,10,4,Yes,Happy,Low,Partner,No
49404,3392,38,Delhi,Night,Weekend,North Indian,Lunch,Mid-range,858,No,38,1,1,Yes,Celebrating,Low,Partner,No
49405,2528,39,Chandigarh,Morning,Weekend,Biryani,Breakfast,Premium,117,No,37,13,2,No,Happy,High,Alone,No
49406,2436,34,Delhi,Night,Weekday,Chinese,Lunch,Mid-range,419,Yes,39,12,4,Yes,Stressed,Low,Partner,No
49407,4047,34,Mumbai,Afternoon,Weekend,Chinese,Lunch,Mid-range,219,No,95,14,3,No,Happy,High,Family,Yes
49408,1681,27,Bangalore,Morning,Weekend,Fast Food,Breakfast,Premium,757,No,41,8,3,Yes,Happy,Medium,Friends,Yes
49409,2509,26,Pune,Afternoon,Weekend,North Indian,Dinner,Budget,625,No,24,7,5,Yes,Happy,Low,Family,No
49410,2289,39,Pune,Morning,Weekday,Fast Food,Breakfast,Premium,947,No,57,2,2,Yes,Lazy,Medium,Family,No
49411,2207,28,Delhi,Night,Weekend,North Indian,Breakfast,Premium,328,Yes,75,7,3,No,Stressed,Low,Friends,Yes
49412,2354,20,Delhi,Evening,Weekend,North Indian,Breakfast,Budget,597,No,96,9,4,No,Happy,Medium,Partner,No
49413,3695,30,Bangalore,Morning,Weekday,South Indian,Breakfast,Mid-range,230,Yes,63,11,3,Yes,Celebrating,High,Partner,No
49414,4873,39,Mumbai,Afternoon,Weekend,Desserts,Snacks,Mid-range,458,No,60,2,1,No,Stressed,Low,Friends,No
49415,2293,41,Hyderabad,Evening,Weekday,Desserts,Lunch,Mid-range,177,No,60,2,1,No,Stressed,Low,Alone,Yes
49416,1957,18,Chandigarh,Night,Weekday,Desserts,Snacks,Premium,250,Yes,20,10,5,Yes,Stressed,High,Alone,No
49417,2465,22,Hyderabad,Evening,Weekend,Biryani,Dinner,Mid-range,550,No,55,1,5,Yes,Celebrating,Low,Friends,No
49418,3029,33,Chandigarh,Night,Weekday,Fast Food,Breakfast,Budget,119,No,56,4,2,Yes,Lazy,Low,Friends,Yes
49419,2223,34,Chandigarh,Morning,Weekday,South Indian,Lunch,Premium,480,Yes,37,11,3,Yes,Lazy,High,Family,Yes
49420,1858,31,Pune,Evening,Weekend,Biryani,Dinner,Budget,294,Yes,28,6,3,Yes,Stressed,Low,Friends,No
49421,4149,23,Delhi,Morning,Weekend,Chinese,Breakfast,Mid-range,335,No,56,6,1,Yes,Lazy,High,Alone,No
49422,2216,21,Pune,Morning,Weekend,North Indian,Lunch,Budget,452,Yes,95,1,4,Yes,Stressed,Low,Alone,Yes
49423,3327,18,Hyderabad,Afternoon,Weekend,Chinese,Snacks,Budget,739,No,66,5,2,Yes,Happy,High,Partner,Yes
49424,2218,25,Bangalore,Morning,Weekend,Chinese,Snacks,Premium,688,No,61,3,4,Yes,Stressed,High,Partner,Yes
49425,1215,44,Delhi,Night,Weekend,North Indian,Breakfast,Premium,621,No,68,8,5,No,Celebrating,Medium,Friends,Yes
49426,4835,30,Chandigarh,Morning,Weekday,Biryani,Snacks,Mid-range,794,No,52,9,3,No,Celebrating,Medium,Friends,No
49427,1775,38,Mumbai,Morning,Weekend,Chinese,Dinner,Premium,483,Yes,77,4,5,No,Happy,High,Alone,No
49428,4018,32,Mumbai,Night,Weekend,South Indian,Lunch,Premium,327,No,46,6,1,Yes,Lazy,Medium,Alone,No
49429,3807,32,Hyderabad,Evening,Weekend,Chinese,Lunch,Budget,987,No,49,3,2,Yes,Happy,High,Family,No
49430,2642,20,Chandigarh,Evening,Weekday,Chinese,Breakfast,Premium,903,Yes,34,8,2,Yes,Lazy,Low,Partner,No
49431,2180,25,Hyderabad,Afternoon,Weekend,Biryani,Breakfast,Premium,454,Yes,27,10,2,No,Stressed,Medium,Friends,No
49432,1861,40,Bangalore,Evening,Weekend,Fast Food,Snacks,Premium,896,No,34,8,1,Yes,Celebrating,Medium,Friends,No
49433,2480,36,Bangalore,Morning,Weekday,North Indian,Dinner,Mid-range,681,No,34,3,1,No,Lazy,Low,Partner,No
49434,3068,21,Delhi,Night,Weekend,Chinese,Dinner,Premium,965,Yes,56,7,3,No,Stressed,Low,Alone,Yes
49435,4326,39,Hyderabad,Evening,Weekday,Fast Food,Snacks,Mid-range,778,Yes,69,10,4,No,Celebrating,Low,Friends,Yes
49436,2900,40,Hyderabad,Evening,Weekend,Biryani,Dinner,Premium,130,No,85,2,2,No,Happy,Low,Alone,No
49437,3666,43,Chandigarh,Morning,Weekend,Biryani,Dinner,Mid-range,674,No,74,9,3,No,Lazy,High,Partner,Yes
49438,3419,23,Chandigarh,Morning,Weekday,Fast Food,Snacks,Mid-range,950,No,40,7,2,No,Celebrating,High,Partner,No
49439,2564,23,Chandigarh,Afternoon,Weekend,Desserts,Snacks,Mid-range,343,No,52,13,3,Yes,Happy,Low,Alone,No
49440,4852,44,Delhi,Afternoon,Weekend,Biryani,Lunch,Premium,915,Yes,41,11,3,No,Stressed,High,Friends,Yes
49441,1104,21,Bangalore,Night,Weekday,Chinese,Lunch,Mid-range,565,Yes,42,3,4,No,Happy,Low,Alone,No
49442,4960,24,Pune,Night,Weekend,North Indian,Snacks,Mid-range,589,Yes,87,1,1,Yes,Lazy,Medium,Alone,No
49443,4384,43,Delhi,Evening,Weekday,Desserts,Breakfast,Mid-range,596,Yes,30,6,3,No,Happy,Low,Friends,No
49444,2907,30,Mumbai,Afternoon,Weekday,Desserts,Breakfast,Budget,183,Yes,96,7,1,No,Stressed,Low,Alone,No
49445,2829,39,Mumbai,Afternoon,Weekday,Chinese,Dinner,Mid-range,664,Yes,44,2,4,No,Happy,High,Alone,No
49446,2288,29,Chandigarh,Afternoon,Weekend,South Indian,Breakfast,Budget,382,No,67,2,3,Yes,Celebrating,High,Family,No
49447,2738,23,Hyderabad,Night,Weekend,Desserts,Breakfast,Premium,505,No,83,6,4,No,Happy,Medium,Friends,No
49448,3102,31,Chandigarh,Morning,Weekend,Chinese,Snacks,Premium,220,No,74,6,2,Yes,Lazy,Low,Family,No
49449,3717,38,Chandigarh,Afternoon,Weekend,South Indian,Snacks,Mid-range,260,No,95,1,5,Yes,Happy,High,Alone,Yes
49450,2595,26,Delhi,Morning,Weekend,Biryani,Snacks,Mid-range,317,Yes,54,10,1,Yes,Happy,Medium,Partner,Yes
49451,1967,28,Delhi,Evening,Weekday,Chinese,Lunch,Premium,411,No,71,1,4,No,Stressed,Low,Friends,No
49452,2193,39,Hyderabad,Evening,Weekday,North Indian,Breakfast,Premium,795,Yes,76,2,3,No,Stressed,High,Partner,No
49453,1540,25,Hyderabad,Afternoon,Weekend,Chinese,Snacks,Premium,541,No,80,2,4,Yes,Stressed,High,Partner,No
49454,3645,35,Bangalore,Morning,Weekend,Chinese,Lunch,Premium,854,No,26,5,1,Yes,Stressed,Medium,Partner,No
49455,4465,39,Bangalore,Afternoon,Weekend,Fast Food,Snacks,Budget,503,Yes,49,11,5,Yes,Celebrating,Medium,Friends,No
49456,1072,44,Pune,Night,Weekday,Fast Food,Dinner,Premium,800,Yes,97,3,2,No,Celebrating,Low,Family,No
49457,2252,25,Pune,Evening,Weekday,South Indian,Snacks,Budget,982,Yes,33,1,1,Yes,Celebrating,Low,Partner,No
49458,1676,20,Hyderabad,Night,Weekend,Chinese,Lunch,Budget,222,No,81,8,2,No,Stressed,High,Friends,Yes
49459,3838,31,Pune,Morning,Weekend,Desserts,Dinner,Mid-range,890,No,49,8,4,Yes,Celebrating,Medium,Partner,Yes
49460,2358,22,Bangalore,Morning,Weekend,North Indian,Dinner,Budget,952,Yes,82,7,5,No,Stressed,High,Partner,No
49461,4189,36,Hyderabad,Night,Weekend,South Indian,Dinner,Premium,823,Yes,56,11,2,No,Celebrating,Medium,Partner,Yes
49462,3955,29,Chandigarh,Afternoon,Weekday,Chinese,Dinner,Mid-range,393,No,51,13,4,Yes,Stressed,Medium,Partner,No
49463,4566,28,Pune,Afternoon,Weekday,Desserts,Lunch,Budget,934,No,22,7,1,Yes,Lazy,Medium,Family,No
49464,4139,36,Chandigarh,Afternoon,Weekday,North Indian,Lunch,Budget,856,Yes,44,10,5,No,Lazy,Medium,Partner,No
49465,2045,20,Chandigarh,Evening,Weekday,Fast Food,Dinner,Premium,788,No,55,1,4,Yes,Stressed,High,Alone,Yes
49466,3617,36,Hyderabad,Morning,Weekend,North Indian,Dinner,Premium,104,No,61,5,5,Yes,Stressed,Low,Partner,Yes
49467,1670,35,Hyderabad,Afternoon,Weekend,Chinese,Breakfast,Budget,183,No,31,8,4,Yes,Celebrating,Low,Partner,Yes
49468,3987,24,Mumbai,Afternoon,Weekday,South Indian,Dinner,Premium,695,No,71,11,2,No,Happy,High,Alone,No
49469,1854,36,Pune,Afternoon,Weekday,Biryani,Lunch,Premium,465,Yes,22,1,4,No,Celebrating,Medium,Friends,No
49470,4414,22,Hyderabad,Afternoon,Weekend,North Indian,Lunch,Budget,679,No,47,11,3,No,Celebrating,Medium,Family,No
49471,2945,41,Chandigarh,Evening,Weekday,Fast Food,Breakfast,Budget,410,No,45,6,5,No,Celebrating,High,Alone,No
49472,4348,35,Chandigarh,Night,Weekday,Chinese,Breakfast,Mid-range,212,No,51,7,2,No,Celebrating,High,Family,No
49473,4515,36,Chandigarh,Night,Weekday,Biryani,Snacks,Budget,911,Yes,46,11,4,Yes,Happy,Low,Friends,No
49474,2928,24,Bangalore,Night,Weekend,North Indian,Lunch,Budget,892,No,27,7,3,Yes,Stressed,Low,Partner,Yes
49475,1231,19,Pune,Evening,Weekday,South Indian,Breakfast,Budget,554,No,70,9,4,Yes,Celebrating,High,Friends,No
49476,1729,29,Mumbai,Afternoon,Weekday,Chinese,Lunch,Mid-range,741,No,82,6,1,No,Stressed,High,Friends,No
49477,2132,30,Hyderabad,Morning,Weekday,Chinese,Lunch,Mid-range,512,Yes,24,12,4,Yes,Lazy,High,Partner,No
49478,4020,38,Pune,Afternoon,Weekend,Biryani,Breakfast,Mid-range,142,No,52,8,4,No,Lazy,Low,Alone,No
49479,3919,35,Pune,Afternoon,Weekend,Chinese,Lunch,Budget,975,No,96,3,5,No,Stressed,Medium,Family,Yes
49480,4065,18,Hyderabad,Evening,Weekday,South Indian,Breakfast,Budget,624,No,24,11,3,Yes,Stressed,Low,Alone,Yes
49481,1711,26,Delhi,Morning,Weekday,South Indian,Snacks,Budget,423,Yes,55,8,5,Yes,Stressed,Low,Partner,No
49482,1523,36,Pune,Evening,Weekday,North Indian,Snacks,Mid-range,257,Yes,20,7,3,Yes,Lazy,Low,Alone,No
49483,3561,24,Delhi,Morning,Weekend,Fast Food,Snacks,Mid-range,126,Yes,42,9,3,Yes,Lazy,High,Family,No
49484,3082,42,Mumbai,Evening,Weekday,North Indian,Snacks,Budget,604,Yes,99,13,5,No,Lazy,Low,Alone,Yes
49485,4904,22,Chandigarh,Evening,Weekend,Biryani,Lunch,Premium,211,Yes,51,5,5,No,Lazy,Low,Family,Yes
49486,2974,24,Pune,Night,Weekday,South Indian,Lunch,Premium,573,Yes,26,5,3,Yes,Lazy,Low,Family,Yes
49487,1028,26,Pune,Evening,Weekend,South Indian,Lunch,Premium,182,Yes,76,9,4,Yes,Stressed,High,Alone,No
49488,1945,43,Chandigarh,Evening,Weekend,North Indian,Snacks,Budget,444,Yes,46,8,4,No,Lazy,Low,Partner,No
49489,2836,24,Bangalore,Evening,Weekend,North Indian,Dinner,Mid-range,653,No,37,10,1,No,Lazy,High,Friends,No
49490,4437,41,Mumbai,Night,Weekend,South Indian,Snacks,Mid-range,314,No,81,9,5,No,Lazy,High,Friends,No
49491,4382,29,Bangalore,Afternoon,Weekday,Desserts,Dinner,Premium,850,No,48,6,5,No,Celebrating,Medium,Friends,Yes
49492,3857,23,Mumbai,Night,Weekend,Desserts,Breakfast,Premium,247,Yes,72,6,3,Yes,Happy,High,Family,No
49493,1147,44,Hyderabad,Evening,Weekend,Chinese,Dinner,Budget,103,Yes,49,8,5,No,Happy,High,Partner,Yes
49494,3248,24,Bangalore,Afternoon,Weekday,Desserts,Lunch,Budget,798,No,70,12,3,No,Lazy,Low,Friends,No
49495,3219,39,Hyderabad,Night,Weekday,North Indian,Dinner,Budget,948,Yes,81,3,1,Yes,Happy,High,Friends,Yes
49496,4181,42,Delhi,Evening,Weekday,South Indian,Dinner,Premium,230,Yes,79,9,2,Yes,Happy,High,Family,No
49497,4151,38,Pune,Morning,Weekday,South Indian,Dinner,Budget,734,Yes,88,9,5,No,Celebrating,Low,Alone,Yes
49498,1897,41,Bangalore,Afternoon,Weekday,Desserts,Lunch,Premium,981,Yes,92,4,2,Yes,Happy,Medium,Alone,No
49499,4337,20,Hyderabad,Afternoon,Weekday,North Indian,Dinner,Budget,416,No,95,12,4,No,Lazy,Low,Alone,Yes
49500,2918,40,Chandigarh,Morning,Weekday,Desserts,Dinner,Mid-range,342,Yes,96,4,5,Yes,Happy,High,Partner,No
49501,4709,30,Chandigarh,Afternoon,Weekend,Desserts,Breakfast,Budget,111,No,61,1,2,No,Lazy,Low,Alone,No
49502,2048,25,Delhi,Afternoon,Weekend,Fast Food,Breakfast,Premium,903,No,22,11,5,Yes,Lazy,High,Alone,Yes
49503,3133,42,Hyderabad,Night,Weekend,South Indian,Snacks,Budget,141,Yes,22,10,1,No,Celebrating,Low,Family,Yes
49504,2720,23,Chandigarh,Afternoon,Weekday,Desserts,Dinner,Mid-range,227,No,89,5,2,No,Happy,High,Partner,Yes
49505,2081,21,Chandigarh,Evening,Weekday,North Indian,Snacks,Premium,331,No,52,4,1,No,Celebrating,High,Alone,No
49506,1361,22,Chandigarh,Night,Weekend,Biryani,Dinner,Budget,226,No,73,14,5,Yes,Celebrating,Medium,Partner,No
49507,1736,34,Chandigarh,Evening,Weekday,South Indian,Breakfast,Budget,795,Yes,91,6,4,Yes,Stressed,High,Friends,No
49508,4023,42,Chandigarh,Afternoon,Weekday,South Indian,Dinner,Premium,157,Yes,42,9,4,No,Celebrating,Low,Partner,Yes
49509,1482,21,Hyderabad,Morning,Weekday,Fast Food,Breakfast,Budget,103,No,98,7,3,Yes,Lazy,Medium,Family,Yes
49510,3544,23,Pune,Afternoon,Weekday,Desserts,Dinner,Premium,552,Yes,60,10,3,Yes,Happy,Medium,Alone,Yes
49511,3544,41,Pune,Night,Weekday,Desserts,Dinner,Mid-range,300,No,27,2,5,No,Happy,Medium,Alone,No
49512,4343,33,Pune,Morning,Weekend,Biryani,Lunch,Premium,292,No,21,2,2,No,Stressed,High,Alone,Yes
49513,4660,27,Hyderabad,Evening,Weekday,Desserts,Breakfast,Premium,970,Yes,40,5,2,No,Celebrating,Low,Alone,Yes
49514,4693,29,Pune,Afternoon,Weekend,Chinese,Dinner,Budget,937,Yes,95,7,2,Yes,Lazy,High,Friends,No
49515,1636,39,Chandigarh,Afternoon,Weekend,South Indian,Snacks,Premium,473,No,86,5,1,No,Celebrating,Medium,Alone,No
49516,1226,36,Chandigarh,Evening,Weekday,Desserts,Dinner,Mid-range,626,No,67,2,4,No,Happy,Low,Alone,Yes
49517,2162,41,Hyderabad,Evening,Weekday,Fast Food,Breakfast,Premium,244,No,53,8,5,No,Celebrating,Medium,Partner,Yes
49518,3890,33,Chandigarh,Morning,Weekend,South Indian,Dinner,Mid-range,229,Yes,84,6,5,Yes,Happy,Low,Family,Yes
49519,2887,35,Mumbai,Evening,Weekday,Biryani,Dinner,Premium,734,No,87,8,2,Yes,Stressed,High,Alone,No
49520,1026,33,Delhi,Afternoon,Weekday,North Indian,Breakfast,Premium,261,No,34,10,4,Yes,Lazy,Low,Family,No
49521,4504,21,Bangalore,Afternoon,Weekday,North Indian,Dinner,Premium,117,Yes,61,6,3,Yes,Celebrating,High,Family,No
49522,1885,36,Hyderabad,Night,Weekend,Fast Food,Lunch,Budget,230,Yes,65,1,3,Yes,Happy,Low,Friends,No
49523,2576,33,Hyderabad,Afternoon,Weekend,South Indian,Lunch,Budget,400,No,86,4,4,Yes,Lazy,Medium,Friends,No
49524,1222,33,Pune,Evening,Weekday,South Indian,Snacks,Premium,526,No,97,8,3,Yes,Stressed,High,Family,Yes
49525,2304,23,Mumbai,Afternoon,Weekend,North Indian,Snacks,Budget,969,Yes,96,1,4,Yes,Happy,High,Alone,Yes
49526,3663,39,Hyderabad,Night,Weekend,Biryani,Dinner,Premium,967,Yes,84,2,2,No,Celebrating,High,Family,Yes
49527,1049,42,Bangalore,Night,Weekend,Desserts,Dinner,Mid-range,888,Yes,54,1,5,No,Lazy,Medium,Partner,No
49528,3409,31,Delhi,Morning,Weekend,Desserts,Breakfast,Budget,474,Yes,68,11,2,Yes,Lazy,Low,Alone,Yes
49529,1001,39,Chandigarh,Morning,Weekday,Biryani,Breakfast,Premium,304,Yes,96,4,3,Yes,Happy,Low,Friends,No
49530,3961,42,Delhi,Evening,Weekend,North Indian,Snacks,Mid-range,381,No,34,6,5,No,Celebrating,Medium,Friends,No
49531,3716,43,Bangalore,Afternoon,Weekday,North Indian,Lunch,Mid-range,102,No,91,10,2,No,Celebrating,Medium,Friends,Yes
49532,2135,22,Hyderabad,Night,Weekday,Desserts,Snacks,Budget,535,No,27,3,2,Yes,Happy,High,Partner,No
49533,3465,43,Mumbai,Night,Weekday,Biryani,Breakfast,Premium,518,Yes,75,1,3,No,Celebrating,Low,Alone,No
49534,3140,39,Delhi,Night,Weekday,North Indian,Lunch,Budget,475,Yes,54,12,5,No,Lazy,High,Family,No
49535,1910,42,Delhi,Night,Weekday,South Indian,Breakfast,Mid-range,997,Yes,49,14,2,No,Happy,High,Family,Yes
49536,1548,22,Chandigarh,Night,Weekend,Fast Food,Lunch,Mid-range,172,Yes,87,6,2,No,Lazy,Low,Friends,Yes
49537,2129,18,Pune,Night,Weekend,South Indian,Breakfast,Premium,976,Yes,99,14,4,No,Celebrating,Medium,Alone,Yes
49538,2020,32,Mumbai,Morning,Weekend,Biryani,Breakfast,Premium,542,Yes,66,14,4,Yes,Happy,Medium,Partner,Yes
49539,2774,24,Chandigarh,Morning,Weekday,Chinese,Lunch,Premium,193,No,65,10,2,Yes,Celebrating,Medium,Friends,No
49540,2143,24,Mumbai,Night,Weekend,Chinese,Snacks,Budget,143,Yes,72,13,3,No,Celebrating,Low,Alone,Yes
49541,2243,39,Chandigarh,Afternoon,Weekday,South Indian,Breakfast,Premium,898,No,76,4,5,No,Stressed,High,Partner,No
49542,1621,24,Bangalore,Night,Weekend,Biryani,Snacks,Budget,460,Yes,86,12,3,Yes,Happy,Low,Alone,No
49543,4959,33,Chandigarh,Morning,Weekday,Desserts,Lunch,Premium,771,No,24,6,2,Yes,Celebrating,Medium,Partner,No
49544,2436,20,Mumbai,Night,Weekend,Desserts,Dinner,Mid-range,577,No,69,14,2,No,Happy,High,Family,Yes
49545,2522,32,Hyderabad,Evening,Weekday,Desserts,Snacks,Budget,660,No,37,1,4,Yes,Stressed,Low,Friends,No
49546,3268,26,Bangalore,Evening,Weekday,Desserts,Breakfast,Budget,648,Yes,55,10,4,Yes,Lazy,Low,Alone,No
49547,2929,35,Chandigarh,Evening,Weekend,Chinese,Lunch,Premium,485,Yes,48,5,3,No,Lazy,Medium,Partner,No
49548,4799,22,Hyderabad,Morning,Weekend,South Indian,Lunch,Premium,807,No,76,12,4,Yes,Celebrating,Low,Alone,Yes
49549,2976,34,Chandigarh,Afternoon,Weekend,Chinese,Lunch,Mid-range,987,No,64,10,5,Yes,Stressed,Low,Partner,Yes
49550,4726,40,Mumbai,Afternoon,Weekday,North Indian,Lunch,Premium,156,Yes,49,14,1,Yes,Lazy,Low,Family,No
49551,1374,18,Pune,Afternoon,Weekday,Chinese,Snacks,Mid-range,197,Yes,42,9,4,Yes,Celebrating,Medium,Friends,Yes
49552,4947,32,Hyderabad,Evening,Weekend,Chinese,Snacks,Mid-range,941,Yes,60,7,4,No,Lazy,Medium,Alone,No
49553,1554,27,Delhi,Morning,Weekend,Biryani,Snacks,Budget,190,No,92,14,4,Yes,Lazy,Medium,Alone,No
49554,3788,28,Delhi,Night,Weekend,Chinese,Lunch,Premium,216,Yes,73,2,4,No,Happy,Medium,Friends,Yes
49555,2155,27,Mumbai,Morning,Weekend,South Indian,Lunch,Premium,748,Yes,63,11,5,Yes,Celebrating,Low,Family,Yes
49556,4742,20,Hyderabad,Evening,Weekend,South Indian,Lunch,Premium,221,No,32,3,5,Yes,Stressed,High,Friends,No
49557,2371,36,Delhi,Afternoon,Weekend,Chinese,Breakfast,Mid-range,226,No,70,7,4,Yes,Lazy,Low,Alone,Yes
49558,1980,24,Chandigarh,Afternoon,Weekend,North Indian,Lunch,Premium,478,Yes,33,10,3,Yes,Celebrating,High,Partner,No
49559,4836,35,Mumbai,Evening,Weekday,South Indian,Snacks,Budget,149,Yes,51,1,4,Yes,Stressed,Medium,Partner,Yes
49560,3508,35,Delhi,Morning,Weekend,Fast Food,Lunch,Budget,547,Yes,93,11,2,Yes,Stressed,Medium,Partner,Yes
49561,2079,39,Mumbai,Afternoon,Weekend,Chinese,Lunch,Mid-range,549,Yes,87,5,4,No,Stressed,Low,Partner,Yes
49562,3474,26,Mumbai,Afternoon,Weekend,Chinese,Lunch,Mid-range,779,Yes,28,2,1,Yes,Stressed,High,Partner,No
49563,4456,34,Hyderabad,Night,Weekday,Chinese,Breakfast,Mid-range,210,No,94,11,1,No,Stressed,Medium,Family,Yes
49564,4579,37,Bangalore,Night,Weekend,Chinese,Snacks,Budget,161,Yes,84,7,1,Yes,Stressed,Medium,Alone,Yes
49565,3704,39,Chandigarh,Night,Weekday,Fast Food,Snacks,Mid-range,551,Yes,25,5,3,Yes,Lazy,Medium,Family,Yes
49566,3003,30,Bangalore,Morning,Weekday,Fast Food,Dinner,Premium,184,Yes,28,3,3,Yes,Happy,Medium,Friends,No
49567,3754,44,Chandigarh,Morning,Weekday,North Indian,Lunch,Mid-range,119,Yes,46,9,2,No,Stressed,Low,Partner,No
49568,2372,33,Hyderabad,Evening,Weekday,Chinese,Dinner,Premium,888,No,82,10,2,No,Happy,High,Alone,No
49569,3000,30,Pune,Night,Weekend,Desserts,Lunch,Premium,397,Yes,53,10,3,No,Lazy,Low,Friends,No
49570,2461,36,Pune,Night,Weekend,North Indian,Breakfast,Budget,375,Yes,86,5,3,Yes,Celebrating,Low,Alone,Yes
49571,4521,36,Delhi,Evening,Weekday,Desserts,Breakfast,Budget,645,No,40,14,3,No,Lazy,High,Family,No
49572,3549,18,Hyderabad,Afternoon,Weekend,Desserts,Breakfast,Mid-range,996,Yes,58,2,2,No,Lazy,High,Partner,No
49573,3663,22,Hyderabad,Morning,Weekday,North Indian,Snacks,Premium,745,No,37,13,5,Yes,Celebrating,Medium,Alone,Yes
49574,4745,41,Bangalore,Night,Weekend,South Indian,Breakfast,Premium,696,Yes,64,2,2,Yes,Happy,Medium,Partner,No
49575,4819,35,Pune,Afternoon,Weekend,North Indian,Snacks,Budget,831,Yes,69,6,1,Yes,Celebrating,Medium,Alone,No
49576,2344,43,Mumbai,Morning,Weekend,Desserts,Snacks,Mid-range,601,Yes,69,12,1,No,Celebrating,Medium,Alone,Yes
49577,4262,36,Mumbai,Afternoon,Weekend,North Indian,Dinner,Budget,642,No,95,3,5,No,Lazy,Medium,Partner,Yes
49578,1596,41,Chandigarh,Evening,Weekend,Biryani,Dinner,Premium,832,No,84,2,3,Yes,Lazy,Low,Alone,Yes
49579,1166,33,Hyderabad,Afternoon,Weekday,Desserts,Breakfast,Budget,842,No,53,11,4,No,Stressed,Low,Family,No
49580,3115,42,Bangalore,Evening,Weekend,Desserts,Lunch,Mid-range,703,Yes,45,4,1,No,Lazy,Low,Partner,Yes
49581,4840,34,Hyderabad,Morning,Weekend,Fast Food,Snacks,Budget,796,Yes,50,1,5,No,Stressed,High,Alone,Yes
49582,3902,40,Hyderabad,Night,Weekend,North Indian,Breakfast,Budget,543,Yes,85,10,5,Yes,Happy,High,Friends,Yes
49583,3515,24,Hyderabad,Night,Weekend,Fast Food,Snacks,Premium,404,Yes,42,9,2,Yes,Happy,High,Alone,No
49584,4414,43,Pune,Evening,Weekday,Fast Food,Snacks,Mid-range,602,No,86,1,4,No,Celebrating,Low,Friends,Yes
49585,1809,37,Delhi,Afternoon,Weekday,North Indian,Dinner,Budget,138,No,45,14,3,No,Lazy,Low,Alone,Yes
49586,3193,18,Delhi,Morning,Weekend,Chinese,Snacks,Budget,652,Yes,37,10,2,Yes,Celebrating,Low,Partner,Yes
49587,4718,35,Delhi,Morning,Weekday,South Indian,Breakfast,Mid-range,375,No,36,5,3,Yes,Stressed,Low,Alone,No
49588,2725,36,Chandigarh,Night,Weekday,Chinese,Snacks,Premium,295,Yes,53,9,3,No,Lazy,Low,Partner,Yes
49589,4748,20,Pune,Morning,Weekday,Desserts,Dinner,Mid-range,783,Yes,98,10,2,Yes,Lazy,Low,Friends,Yes
49590,3595,30,Delhi,Night,Weekday,Chinese,Dinner,Budget,677,No,57,2,3,Yes,Happy,Medium,Family,No
49591,1489,21,Pune,Evening,Weekday,North Indian,Breakfast,Budget,963,No,42,2,5,Yes,Happy,Low,Partner,Yes
49592,3946,21,Hyderabad,Morning,Weekend,Chinese,Lunch,Premium,190,No,93,11,4,Yes,Happy,Medium,Alone,No
49593,2050,32,Delhi,Afternoon,Weekday,Chinese,Breakfast,Premium,901,No,29,14,1,Yes,Celebrating,High,Partner,No
49594,1947,28,Bangalore,Evening,Weekend,Desserts,Breakfast,Mid-range,870,Yes,27,4,5,Yes,Celebrating,High,Friends,No
49595,2826,44,Bangalore,Afternoon,Weekday,South Indian,Dinner,Budget,218,Yes,49,10,3,Yes,Stressed,Medium,Alone,Yes
49596,4476,25,Pune,Afternoon,Weekday,Fast Food,Lunch,Premium,100,No,67,9,4,No,Lazy,Low,Partner,No
49597,2814,31,Pune,Morning,Weekend,Biryani,Snacks,Premium,637,Yes,22,12,3,Yes,Lazy,High,Partner,No
49598,4142,36,Chandigarh,Morning,Weekend,Biryani,Breakfast,Premium,625,Yes,27,1,3,No,Lazy,Low,Partner,Yes
49599,4446,40,Mumbai,Morning,Weekday,Biryani,Snacks,Budget,519,Yes,52,9,2,No,Celebrating,High,Friends,Yes
49600,1626,32,Bangalore,Evening,Weekend,North Indian,Breakfast,Premium,891,Yes,57,13,5,No,Celebrating,High,Alone,No
49601,4069,44,Delhi,Night,Weekday,North Indian,Dinner,Premium,147,No,80,5,3,No,Celebrating,Medium,Partner,No
49602,3115,22,Mumbai,Morning,Weekend,Biryani,Snacks,Premium,880,No,94,11,2,Yes,Lazy,Medium,Friends,Yes
49603,2112,30,Mumbai,Night,Weekend,Fast Food,Lunch,Budget,134,No,28,9,3,Yes,Stressed,Low,Partner,Yes
49604,1492,28,Bangalore,Evening,Weekend,Fast Food,Dinner,Budget,107,No,34,4,4,No,Stressed,High,Family,No
49605,2997,28,Mumbai,Night,Weekday,Biryani,Snacks,Budget,897,Yes,60,12,3,No,Happy,High,Family,Yes
49606,4262,43,Mumbai,Morning,Weekend,North Indian,Lunch,Mid-range,333,Yes,70,12,3,No,Stressed,Low,Alone,Yes
49607,1237,18,Hyderabad,Evening,Weekend,Fast Food,Dinner,Mid-range,852,No,46,9,5,Yes,Celebrating,High,Family,Yes
49608,2081,42,Hyderabad,Morning,Weekday,North Indian,Dinner,Premium,379,Yes,72,9,3,Yes,Celebrating,Medium,Family,Yes
49609,1472,31,Delhi,Afternoon,Weekday,Desserts,Lunch,Mid-range,788,No,86,14,1,Yes,Celebrating,High,Partner,No
49610,4274,42,Chandigarh,Evening,Weekend,Desserts,Dinner,Mid-range,830,Yes,38,5,4,Yes,Happy,High,Partner,No
49611,4535,34,Chandigarh,Night,Weekend,Chinese,Lunch,Mid-range,986,Yes,45,2,5,No,Happy,High,Partner,Yes
49612,1436,34,Chandigarh,Morning,Weekday,Fast Food,Dinner,Premium,225,Yes,91,13,1,No,Happy,Low,Family,Yes
49613,2564,23,Hyderabad,Evening,Weekend,Fast Food,Dinner,Premium,879,No,28,4,2,No,Happy,Medium,Partner,Yes
49614,1180,33,Pune,Night,Weekday,North Indian,Lunch,Mid-range,799,Yes,79,12,5,Yes,Lazy,Low,Family,Yes
49615,3779,35,Mumbai,Afternoon,Weekday,Desserts,Lunch,Premium,827,Yes,67,4,1,No,Lazy,Medium,Partner,No
49616,4715,21,Pune,Night,Weekend,South Indian,Snacks,Premium,991,Yes,45,3,2,Yes,Lazy,Medium,Alone,Yes
49617,1760,38,Chandigarh,Afternoon,Weekday,North Indian,Breakfast,Mid-range,240,No,73,12,1,Yes,Stressed,Medium,Family,Yes
49618,3633,41,Bangalore,Night,Weekday,Biryani,Snacks,Premium,494,Yes,74,5,1,Yes,Lazy,High,Family,No
49619,2084,22,Chandigarh,Afternoon,Weekend,Fast Food,Snacks,Premium,362,No,28,1,5,No,Stressed,Medium,Family,Yes
49620,2307,27,Hyderabad,Night,Weekday,Fast Food,Snacks,Premium,762,Yes,85,8,3,Yes,Happy,Medium,Friends,No
49621,2947,20,Mumbai,Afternoon,Weekend,Biryani,Snacks,Budget,561,No,78,5,3,No,Happy,High,Friends,Yes
49622,1496,42,Bangalore,Afternoon,Weekday,South Indian,Snacks,Premium,766,Yes,32,6,3,Yes,Happy,Low,Friends,Yes
49623,4717,31,Chandigarh,Evening,Weekday,Biryani,Dinner,Premium,202,No,87,12,1,Yes,Stressed,Medium,Family,Yes
49624,2140,42,Bangalore,Night,Weekday,Biryani,Dinner,Mid-range,187,Yes,25,13,5,No,Happy,High,Alone,No
49625,3691,29,Pune,Night,Weekend,Desserts,Breakfast,Mid-range,713,Yes,29,2,5,Yes,Lazy,High,Friends,No
49626,2394,32,Pune,Evening,Weekday,Chinese,Snacks,Budget,594,No,92,13,5,No,Happy,Medium,Partner,No
49627,3772,20,Chandigarh,Afternoon,Weekend,Chinese,Lunch,Mid-range,536,No,74,3,3,No,Stressed,Medium,Friends,No
49628,2745,24,Hyderabad,Evening,Weekday,Fast Food,Dinner,Mid-range,333,No,72,8,2,Yes,Lazy,High,Alone,Yes
49629,3200,18,Hyderabad,Afternoon,Weekend,Chinese,Breakfast,Premium,438,Yes,69,13,3,No,Lazy,High,Alone,Yes
49630,1027,29,Mumbai,Morning,Weekend,Biryani,Snacks,Premium,819,Yes,22,8,3,No,Stressed,Medium,Family,Yes
49631,1073,23,Chandigarh,Night,Weekend,North Indian,Lunch,Budget,456,No,75,6,5,No,Lazy,Medium,Alone,No
49632,4268,31,Chandigarh,Night,Weekend,North Indian,Breakfast,Budget,346,Yes,52,12,1,Yes,Happy,Low,Family,Yes
49633,3289,25,Mumbai,Night,Weekday,Biryani,Dinner,Budget,253,Yes,79,6,3,No,Lazy,Medium,Partner,No
49634,2226,20,Bangalore,Afternoon,Weekend,Fast Food,Snacks,Budget,981,Yes,62,13,2,Yes,Stressed,High,Friends,Yes
49635,3762,19,Chandigarh,Morning,Weekend,North Indian,Breakfast,Mid-range,204,Yes,89,13,2,Yes,Stressed,Low,Family,Yes
49636,4927,25,Delhi,Evening,Weekday,Fast Food,Snacks,Mid-range,743,No,53,8,4,Yes,Lazy,Low,Friends,Yes
49637,3812,25,Mumbai,Afternoon,Weekday,North Indian,Breakfast,Mid-range,804,No,59,13,4,No,Happy,Low,Partner,No
49638,1179,34,Bangalore,Evening,Weekend,Biryani,Lunch,Premium,785,Yes,69,2,3,Yes,Lazy,Low,Alone,Yes
49639,4508,28,Delhi,Afternoon,Weekday,Biryani,Snacks,Premium,313,Yes,42,7,1,No,Happy,High,Alone,No
49640,1901,40,Mumbai,Night,Weekend,North Indian,Dinner,Budget,948,Yes,20,3,4,Yes,Celebrating,Medium,Family,No
49641,4933,18,Pune,Morning,Weekday,Desserts,Lunch,Premium,223,Yes,62,9,2,No,Celebrating,Low,Alone,Yes
49642,3390,28,Delhi,Evening,Weekend,Desserts,Breakfast,Budget,331,Yes,46,4,5,No,Celebrating,Medium,Family,No
49643,2985,33,Mumbai,Afternoon,Weekday,South Indian,Snacks,Budget,487,No,89,3,1,Yes,Lazy,Low,Family,Yes
49644,1216,19,Delhi,Morning,Weekday,Chinese,Snacks,Budget,562,Yes,48,10,2,Yes,Happy,Low,Alone,Yes
49645,3147,42,Pune,Evening,Weekend,North Indian,Breakfast,Premium,505,Yes,25,13,5,Yes,Happy,High,Friends,Yes
49646,3220,27,Bangalore,Evening,Weekend,Fast Food,Lunch,Premium,768,Yes,53,2,2,Yes,Lazy,Medium,Family,No
49647,2683,26,Chandigarh,Afternoon,Weekend,Chinese,Dinner,Mid-range,709,Yes,36,1,3,Yes,Happy,Medium,Alone,No
49648,4575,43,Bangalore,Night,Weekend,Desserts,Breakfast,Budget,734,Yes,86,12,2,No,Lazy,High,Friends,No
49649,4577,43,Bangalore,Morning,Weekend,Biryani,Lunch,Mid-range,447,Yes,99,8,1,Yes,Celebrating,Low,Family,No
49650,1491,26,Mumbai,Evening,Weekend,Chinese,Lunch,Mid-range,848,Yes,52,7,4,Yes,Stressed,High,Family,No
49651,1508,22,Delhi,Night,Weekday,North Indian,Dinner,Mid-range,764,No,75,6,3,Yes,Stressed,Low,Family,Yes
49652,1639,33,Bangalore,Afternoon,Weekend,Biryani,Lunch,Budget,792,No,62,9,5,Yes,Lazy,Low,Friends,No
49653,4317,21,Chandigarh,Morning,Weekday,Fast Food,Lunch,Mid-range,550,No,68,11,4,Yes,Stressed,High,Friends,No
49654,2695,23,Bangalore,Evening,Weekend,Biryani,Snacks,Premium,982,Yes,90,5,2,No,Happy,High,Alone,Yes
49655,3036,30,Hyderabad,Morning,Weekend,Fast Food,Snacks,Premium,768,No,21,13,1,Yes,Celebrating,Medium,Partner,Yes
49656,1325,21,Chandigarh,Afternoon,Weekday,North Indian,Lunch,Mid-range,446,No,55,5,2,Yes,Celebrating,High,Friends,No
49657,4695,23,Delhi,Afternoon,Weekday,South Indian,Snacks,Premium,527,No,46,3,5,Yes,Celebrating,Medium,Family,Yes
49658,3293,37,Pune,Morning,Weekday,Fast Food,Breakfast,Premium,856,No,80,3,1,No,Happy,High,Alone,No
49659,1866,33,Pune,Morning,Weekday,Desserts,Snacks,Premium,622,Yes,35,2,3,No,Stressed,High,Family,Yes
49660,2930,38,Chandigarh,Afternoon,Weekday,Fast Food,Breakfast,Mid-range,948,No,98,14,1,Yes,Stressed,Medium,Family,Yes
49661,4447,40,Chandigarh,Afternoon,Weekday,South Indian,Lunch,Mid-range,615,Yes,25,10,5,No,Celebrating,Low,Friends,No
49662,4225,39,Delhi,Afternoon,Weekday,Biryani,Dinner,Mid-range,736,No,90,11,4,No,Lazy,Medium,Friends,No
49663,4573,31,Mumbai,Morning,Weekday,Desserts,Dinner,Mid-range,114,Yes,62,3,5,Yes,Stressed,Low,Alone,Yes
49664,3077,25,Pune,Morning,Weekday,Chinese,Lunch,Premium,667,No,97,14,5,No,Happy,Medium,Family,No
49665,4997,41,Mumbai,Afternoon,Weekend,Fast Food,Snacks,Premium,796,No,50,5,3,No,Celebrating,Low,Partner,No
49666,2646,37,Pune,Evening,Weekday,Biryani,Breakfast,Premium,746,No,64,13,5,No,Lazy,High,Alone,No
49667,3335,25,Pune,Afternoon,Weekend,South Indian,Lunch,Mid-range,344,No,67,12,5,No,Celebrating,Medium,Family,No
49668,2611,21,Pune,Morning,Weekend,Biryani,Breakfast,Premium,554,Yes,75,10,3,Yes,Lazy,Low,Partner,Yes
49669,1310,18,Chandigarh,Night,Weekend,Biryani,Lunch,Mid-range,458,Yes,72,1,1,No,Happy,Low,Family,No
49670,1524,39,Hyderabad,Afternoon,Weekday,South Indian,Snacks,Budget,505,Yes,72,6,4,No,Lazy,Low,Friends,No
49671,1777,32,Delhi,Morning,Weekend,Chinese,Lunch,Premium,960,Yes,43,2,5,Yes,Celebrating,Low,Alone,No
49672,1169,37,Bangalore,Afternoon,Weekend,Biryani,Lunch,Budget,541,No,65,3,2,Yes,Celebrating,Medium,Friends,No
49673,2367,30,Chandigarh,Night,Weekday,Fast Food,Breakfast,Premium,324,No,85,8,4,Yes,Lazy,High,Alone,No
49674,2142,23,Mumbai,Night,Weekend,Desserts,Lunch,Budget,225,Yes,52,14,3,Yes,Stressed,Low,Friends,No
49675,1468,21,Mumbai,Night,Weekend,Desserts,Breakfast,Budget,315,Yes,47,3,5,No,Celebrating,High,Family,No
49676,3061,35,Mumbai,Evening,Weekday,Fast Food,Snacks,Premium,246,No,88,8,4,No,Stressed,High,Friends,No
49677,2888,37,Hyderabad,Morning,Weekend,North Indian,Dinner,Mid-range,688,Yes,32,4,3,No,Celebrating,Medium,Family,No
49678,3487,39,Bangalore,Night,Weekend,South Indian,Breakfast,Mid-range,236,No,50,6,3,Yes,Lazy,Low,Family,No
49679,1993,36,Mumbai,Evening,Weekday,Desserts,Snacks,Budget,728,No,89,9,4,No,Celebrating,Medium,Partner,Yes
49680,1967,33,Chandigarh,Morning,Weekday,Desserts,Breakfast,Budget,848,No,88,12,3,Yes,Stressed,High,Partner,No
49681,3309,37,Bangalore,Night,Weekday,South Indian,Lunch,Budget,523,No,20,3,1,Yes,Happy,High,Friends,Yes
49682,1207,22,Hyderabad,Evening,Weekday,South Indian,Dinner,Budget,270,No,48,6,1,No,Celebrating,High,Alone,Yes
49683,4537,33,Mumbai,Evening,Weekend,North Indian,Lunch,Budget,828,Yes,79,8,4,Yes,Celebrating,Low,Family,Yes
49684,2455,25,Mumbai,Night,Weekend,Chinese,Dinner,Mid-range,821,No,72,2,1,Yes,Stressed,High,Family,No
49685,4037,21,Bangalore,Afternoon,Weekday,Chinese,Snacks,Budget,544,Yes,87,12,2,Yes,Lazy,High,Alone,No
49686,1581,26,Bangalore,Evening,Weekday,Biryani,Snacks,Mid-range,713,Yes,38,10,2,No,Stressed,Medium,Friends,Yes
49687,3851,28,Delhi,Morning,Weekday,Fast Food,Breakfast,Mid-range,577,Yes,29,3,4,Yes,Stressed,High,Family,Yes
49688,3326,33,Bangalore,Morning,Weekend,South Indian,Dinner,Premium,105,Yes,20,8,2,Yes,Lazy,Low,Partner,No
49689,1326,23,Chandigarh,Afternoon,Weekday,South Indian,Breakfast,Budget,898,No,49,11,5,No,Celebrating,High,Friends,Yes
49690,1702,37,Pune,Morning,Weekday,Chinese,Breakfast,Budget,282,Yes,35,2,5,Yes,Happy,Low,Family,No
49691,1687,23,Mumbai,Morning,Weekend,Chinese,Breakfast,Mid-range,257,No,32,10,1,Yes,Lazy,High,Friends,No
49692,4652,37,Chandigarh,Morning,Weekend,North Indian,Dinner,Premium,363,Yes,38,2,1,Yes,Lazy,Medium,Friends,No
49693,1056,28,Chandigarh,Night,Weekday,Biryani,Dinner,Premium,817,No,95,6,4,Yes,Celebrating,Medium,Family,Yes
49694,4734,44,Delhi,Evening,Weekday,South Indian,Dinner,Premium,884,Yes,75,6,1,No,Celebrating,High,Family,Yes
49695,2193,22,Hyderabad,Afternoon,Weekend,Desserts,Dinner,Premium,930,Yes,88,2,2,No,Celebrating,Medium,Family,Yes
49696,1291,42,Mumbai,Night,Weekend,Desserts,Breakfast,Premium,732,No,60,1,3,No,Celebrating,High,Partner,No
49697,3176,36,Chandigarh,Morning,Weekday,Biryani,Breakfast,Premium,109,Yes,67,10,1,Yes,Lazy,High,Alone,Yes
49698,2621,26,Mumbai,Evening,Weekday,North Indian,Dinner,Budget,741,Yes,40,6,3,No,Happy,High,Friends,Yes
49699,2361,21,Hyderabad,Morning,Weekend,Fast Food,Lunch,Mid-range,292,Yes,41,9,4,Yes,Lazy,Medium,Friends,No
49700,1248,33,Pune,Afternoon,Weekday,Biryani,Snacks,Mid-range,683,No,81,2,4,No,Celebrating,Low,Alone,No
49701,2455,44,Bangalore,Night,Weekend,North Indian,Snacks,Premium,912,Yes,20,5,2,No,Stressed,Medium,Partner,No
49702,3511,31,Bangalore,Evening,Weekend,South Indian,Snacks,Premium,382,No,91,3,1,Yes,Celebrating,Medium,Friends,Yes
49703,1016,42,Bangalore,Night,Weekend,Desserts,Lunch,Mid-range,302,Yes,66,12,2,No,Celebrating,Low,Alone,Yes
49704,4942,29,Chandigarh,Afternoon,Weekend,Biryani,Lunch,Mid-range,607,Yes,24,1,2,No,Stressed,Low,Friends,No
49705,2687,29,Delhi,Afternoon,Weekday,South Indian,Dinner,Premium,670,Yes,63,9,2,No,Lazy,Medium,Partner,No
49706,2463,43,Chandigarh,Morning,Weekday,Fast Food,Lunch,Premium,475,Yes,59,6,3,No,Stressed,Medium,Alone,No
49707,1865,22,Mumbai,Afternoon,Weekday,Chinese,Dinner,Budget,879,Yes,69,6,5,Yes,Celebrating,High,Alone,No
49708,1023,23,Chandigarh,Night,Weekend,Chinese,Dinner,Mid-range,643,No,71,6,4,Yes,Celebrating,Medium,Partner,Yes
49709,4882,29,Mumbai,Evening,Weekend,South Indian,Dinner,Mid-range,773,Yes,45,11,5,Yes,Lazy,Low,Alone,Yes
49710,3258,37,Pune,Evening,Weekend,North Indian,Lunch,Mid-range,755,Yes,22,5,4,Yes,Stressed,Medium,Alone,No
49711,4181,34,Chandigarh,Morning,Weekday,North Indian,Lunch,Budget,472,No,33,14,5,No,Happy,High,Partner,Yes
49712,4733,38,Bangalore,Night,Weekday,Biryani,Dinner,Budget,478,Yes,68,5,1,No,Happy,High,Partner,Yes
49713,3570,40,Delhi,Night,Weekend,Fast Food,Lunch,Mid-range,791,Yes,56,13,1,No,Stressed,Low,Partner,Yes
49714,1388,41,Pune,Evening,Weekend,Desserts,Dinner,Premium,950,Yes,84,4,4,Yes,Stressed,Low,Friends,No
49715,3003,36,Hyderabad,Night,Weekend,Desserts,Snacks,Mid-range,807,No,52,12,3,No,Stressed,Medium,Partner,No
49716,3965,33,Pune,Night,Weekday,North Indian,Dinner,Premium,161,No,62,14,2,Yes,Happy,Medium,Family,No
49717,1599,21,Chandigarh,Afternoon,Weekend,Chinese,Breakfast,Premium,825,No,83,3,2,Yes,Celebrating,Low,Friends,Yes
49718,4607,31,Hyderabad,Evening,Weekday,Biryani,Dinner,Mid-range,497,Yes,67,3,1,No,Happy,High,Friends,Yes
49719,3860,20,Bangalore,Morning,Weekend,Chinese,Dinner,Mid-range,372,Yes,52,10,2,Yes,Celebrating,High,Partner,Yes
49720,2139,35,Mumbai,Evening,Weekday,Desserts,Breakfast,Mid-range,864,Yes,80,14,3,Yes,Lazy,High,Friends,No
49721,3234,31,Pune,Evening,Weekday,Chinese,Dinner,Budget,385,Yes,21,9,2,Yes,Happy,High,Alone,No
49722,4068,34,Delhi,Night,Weekday,Biryani,Snacks,Budget,454,Yes,30,6,3,Yes,Celebrating,Medium,Partner,Yes
49723,4513,30,Hyderabad,Night,Weekend,Desserts,Snacks,Mid-range,676,No,71,2,3,No,Lazy,High,Friends,No
49724,1935,37,Hyderabad,Evening,Weekend,Fast Food,Lunch,Premium,250,Yes,74,1,4,Yes,Stressed,High,Family,Yes
49725,2289,32,Hyderabad,Afternoon,Weekend,South Indian,Lunch,Premium,217,No,72,1,2,Yes,Stressed,Medium,Friends,No
49726,2487,34,Chandigarh,Night,Weekday,Biryani,Lunch,Budget,556,No,25,2,3,Yes,Happy,High,Family,Yes
49727,4401,40,Chandigarh,Afternoon,Weekend,North Indian,Breakfast,Budget,154,Yes,46,1,1,No,Stressed,High,Alone,No
49728,2607,20,Mumbai,Morning,Weekend,South Indian,Lunch,Mid-range,474,No,34,1,3,Yes,Stressed,Low,Alone,Yes
49729,2460,23,Chandigarh,Afternoon,Weekend,Fast Food,Breakfast,Premium,915,No,24,13,3,No,Happy,High,Partner,Yes
49730,1216,32,Pune,Morning,Weekend,South Indian,Breakfast,Budget,265,Yes,82,1,3,No,Stressed,Medium,Family,No
49731,4861,31,Bangalore,Morning,Weekend,Chinese,Snacks,Premium,311,Yes,91,9,5,Yes,Celebrating,Medium,Partner,No
49732,3293,38,Pune,Morning,Weekend,Fast Food,Dinner,Premium,170,No,99,8,5,Yes,Lazy,Low,Friends,Yes
49733,1162,42,Mumbai,Afternoon,Weekday,North Indian,Dinner,Mid-range,745,Yes,44,4,3,Yes,Stressed,Low,Friends,Yes
49734,2133,40,Chandigarh,Afternoon,Weekday,North Indian,Breakfast,Premium,836,Yes,30,10,3,Yes,Celebrating,Low,Alone,Yes
49735,4436,41,Pune,Morning,Weekend,Desserts,Lunch,Mid-range,740,No,38,3,4,Yes,Stressed,Medium,Alone,No
49736,4444,43,Mumbai,Evening,Weekend,South Indian,Snacks,Premium,686,No,27,10,4,No,Celebrating,Medium,Partner,No
49737,1345,24,Mumbai,Evening,Weekday,Desserts,Snacks,Premium,590,Yes,98,12,3,Yes,Happy,Low,Partner,No
49738,2569,22,Bangalore,Afternoon,Weekend,Desserts,Lunch,Budget,955,No,53,4,1,Yes,Happy,High,Friends,No
49739,1473,31,Hyderabad,Morning,Weekday,Fast Food,Snacks,Budget,789,No,45,2,3,Yes,Lazy,Low,Alone,Yes
49740,3314,23,Pune,Morning,Weekend,Biryani,Dinner,Premium,310,No,78,11,3,No,Celebrating,Low,Friends,Yes
49741,2265,34,Delhi,Morning,Weekend,Chinese,Lunch,Mid-range,950,Yes,93,10,2,Yes,Lazy,Low,Alone,No
49742,1155,40,Bangalore,Morning,Weekday,Biryani,Snacks,Mid-range,757,Yes,76,4,1,No,Celebrating,Medium,Alone,Yes
49743,3575,39,Hyderabad,Evening,Weekend,North Indian,Dinner,Premium,680,Yes,84,10,1,Yes,Stressed,Medium,Family,No
49744,4582,20,Bangalore,Morning,Weekday,Fast Food,Dinner,Budget,595,No,42,5,3,No,Lazy,Low,Partner,Yes
49745,4397,42,Hyderabad,Morning,Weekday,Chinese,Dinner,Mid-range,578,Yes,24,10,4,No,Celebrating,Medium,Friends,No
49746,4663,39,Chandigarh,Night,Weekend,Biryani,Dinner,Premium,212,Yes,27,2,4,Yes,Lazy,High,Friends,Yes
49747,3203,39,Delhi,Night,Weekend,Chinese,Lunch,Premium,467,Yes,51,8,5,Yes,Celebrating,Low,Family,No
49748,3184,35,Bangalore,Afternoon,Weekend,South Indian,Snacks,Budget,537,No,20,4,1,Yes,Celebrating,High,Friends,No
49749,2596,36,Delhi,Morning,Weekend,North Indian,Lunch,Mid-range,249,No,24,7,3,No,Stressed,High,Partner,No
49750,1949,22,Delhi,Evening,Weekend,Fast Food,Dinner,Mid-range,870,Yes,45,2,2,No,Celebrating,Low,Friends,Yes
49751,3961,30,Chandigarh,Evening,Weekend,Biryani,Lunch,Premium,813,No,25,2,3,Yes,Celebrating,High,Partner,Yes
49752,2410,38,Delhi,Night,Weekend,Chinese,Dinner,Premium,659,No,86,5,4,No,Happy,Low,Family,No
49753,4634,30,Delhi,Night,Weekday,Biryani,Breakfast,Budget,934,No,24,1,5,Yes,Happy,High,Friends,No
49754,4976,19,Pune,Night,Weekday,Desserts,Lunch,Mid-range,496,Yes,55,10,1,Yes,Lazy,Low,Family,No
49755,3708,34,Pune,Afternoon,Weekend,South Indian,Dinner,Budget,749,Yes,83,8,5,No,Happy,High,Family,Yes
49756,3609,34,Hyderabad,Evening,Weekday,North Indian,Breakfast,Budget,744,No,29,3,2,No,Celebrating,Medium,Family,Yes
49757,4397,40,Delhi,Morning,Weekday,North Indian,Lunch,Mid-range,237,Yes,90,7,1,No,Celebrating,Medium,Friends,Yes
49758,3879,20,Chandigarh,Night,Weekday,South Indian,Snacks,Premium,236,No,40,5,5,Yes,Lazy,Medium,Alone,Yes
49759,4900,35,Mumbai,Afternoon,Weekday,North Indian,Dinner,Mid-range,101,Yes,24,13,5,Yes,Stressed,Low,Partner,No
49760,1765,39,Bangalore,Night,Weekend,South Indian,Breakfast,Budget,611,No,75,11,4,Yes,Lazy,Medium,Family,No
49761,2191,22,Mumbai,Morning,Weekend,South Indian,Snacks,Premium,151,Yes,73,1,5,No,Happy,Medium,Alone,Yes
49762,4540,37,Bangalore,Evening,Weekend,Biryani,Breakfast,Budget,366,No,50,10,5,No,Stressed,Low,Family,Yes
49763,2627,28,Delhi,Afternoon,Weekday,North Indian,Lunch,Mid-range,385,No,46,12,4,Yes,Celebrating,Low,Partner,No
49764,1164,39,Bangalore,Morning,Weekend,Fast Food,Breakfast,Mid-range,371,No,59,6,5,Yes,Happy,Low,Friends,Yes
49765,4960,34,Pune,Evening,Weekday,Desserts,Breakfast,Premium,453,No,21,4,2,Yes,Lazy,Low,Family,No
49766,1469,44,Bangalore,Afternoon,Weekend,North Indian,Dinner,Premium,791,No,97,9,4,Yes,Happy,Low,Alone,Yes
49767,1992,41,Mumbai,Evening,Weekend,Desserts,Lunch,Mid-range,244,Yes,80,2,4,Yes,Stressed,Medium,Partner,Yes
49768,3369,36,Pune,Evening,Weekend,Fast Food,Breakfast,Budget,344,No,67,8,1,Yes,Lazy,Medium,Partner,Yes
49769,2948,38,Chandigarh,Morning,Weekday,Biryani,Breakfast,Mid-range,901,No,63,4,1,Yes,Happy,High,Alone,Yes
49770,4479,32,Hyderabad,Morning,Weekday,Desserts,Dinner,Budget,216,No,89,5,1,No,Happy,Medium,Alone,Yes
49771,2704,36,Hyderabad,Night,Weekend,Fast Food,Breakfast,Premium,405,No,34,11,5,Yes,Stressed,Medium,Partner,Yes
49772,2688,25,Chandigarh,Morning,Weekday,Biryani,Snacks,Premium,744,No,84,5,5,Yes,Happy,Medium,Partner,No
49773,2240,43,Delhi,Afternoon,Weekend,Desserts,Snacks,Mid-range,423,Yes,31,14,4,Yes,Lazy,Low,Alone,Yes
49774,4685,25,Mumbai,Morning,Weekday,Fast Food,Lunch,Budget,176,Yes,77,6,1,Yes,Happy,Low,Friends,No
49775,1702,34,Chandigarh,Night,Weekend,Biryani,Snacks,Premium,864,Yes,68,12,1,No,Lazy,Low,Partner,No
49776,4387,43,Chandigarh,Evening,Weekend,Desserts,Lunch,Budget,688,Yes,92,3,2,Yes,Stressed,High,Family,Yes
49777,2102,35,Chandigarh,Night,Weekend,Desserts,Lunch,Premium,776,No,26,7,1,No,Lazy,High,Friends,Yes
49778,4775,43,Delhi,Evening,Weekday,Fast Food,Lunch,Premium,642,No,31,10,5,No,Stressed,High,Friends,No
49779,2583,18,Hyderabad,Night,Weekday,North Indian,Breakfast,Mid-range,928,Yes,75,5,3,No,Happy,Medium,Family,No
49780,1145,44,Chandigarh,Night,Weekend,Desserts,Lunch,Premium,136,Yes,76,10,3,No,Happy,Medium,Friends,Yes
49781,1279,27,Bangalore,Night,Weekend,Chinese,Dinner,Budget,977,No,52,11,5,Yes,Happy,Medium,Family,Yes
49782,3309,23,Delhi,Morning,Weekday,Chinese,Snacks,Mid-range,568,Yes,66,4,3,No,Happy,Low,Friends,No
49783,3733,19,Pune,Morning,Weekend,South Indian,Lunch,Premium,466,No,48,3,3,Yes,Happy,Low,Alone,Yes
49784,1323,23,Delhi,Morning,Weekday,South Indian,Breakfast,Budget,529,Yes,42,11,2,No,Stressed,High,Partner,No
49785,1829,39,Delhi,Evening,Weekend,Desserts,Breakfast,Mid-range,349,Yes,43,11,1,Yes,Happy,Low,Family,Yes
49786,1855,19,Chandigarh,Afternoon,Weekend,Chinese,Snacks,Mid-range,257,Yes,44,1,2,Yes,Stressed,High,Friends,No
49787,1820,28,Mumbai,Afternoon,Weekday,North Indian,Dinner,Mid-range,993,No,89,4,5,No,Lazy,High,Family,Yes
49788,2023,35,Hyderabad,Afternoon,Weekday,Fast Food,Breakfast,Premium,901,Yes,69,6,5,No,Stressed,Low,Family,Yes
49789,2052,43,Delhi,Afternoon,Weekend,South Indian,Snacks,Budget,307,Yes,59,5,1,Yes,Happy,Medium,Friends,Yes
49790,4960,41,Chandigarh,Morning,Weekday,Chinese,Breakfast,Mid-range,348,Yes,82,13,4,No,Happy,High,Alone,Yes
49791,1023,24,Hyderabad,Evening,Weekday,South Indian,Lunch,Mid-range,235,No,64,7,1,No,Happy,Low,Family,No
49792,2066,36,Chandigarh,Afternoon,Weekday,Desserts,Lunch,Budget,499,No,47,2,5,Yes,Stressed,Low,Family,No
49793,4027,24,Chandigarh,Afternoon,Weekend,South Indian,Lunch,Mid-range,866,Yes,32,3,5,Yes,Stressed,Low,Friends,No
49794,1220,27,Pune,Afternoon,Weekday,Fast Food,Dinner,Budget,921,No,86,14,3,No,Stressed,High,Partner,No
49795,3946,18,Chandigarh,Night,Weekend,South Indian,Snacks,Budget,768,Yes,77,6,1,No,Celebrating,Medium,Friends,No
49796,2512,19,Mumbai,Night,Weekend,Fast Food,Snacks,Mid-range,150,Yes,89,5,4,Yes,Happy,High,Alone,Yes
49797,1669,19,Delhi,Night,Weekend,Desserts,Breakfast,Premium,668,No,93,5,5,Yes,Happy,High,Family,No
49798,2524,39,Chandigarh,Morning,Weekend,Fast Food,Lunch,Budget,977,No,80,10,3,Yes,Stressed,High,Family,No
49799,1277,18,Hyderabad,Morning,Weekend,Chinese,Lunch,Budget,934,Yes,33,9,3,No,Happy,Medium,Alone,Yes
49800,2350,37,Mumbai,Morning,Weekday,North Indian,Breakfast,Premium,513,Yes,74,1,4,No,Stressed,Medium,Friends,Yes
49801,3245,28,Chandigarh,Evening,Weekend,South Indian,Breakfast,Budget,943,Yes,83,9,1,Yes,Lazy,Low,Friends,Yes
49802,2656,27,Delhi,Morning,Weekend,Desserts,Lunch,Mid-range,464,No,83,7,2,No,Celebrating,Low,Partner,No
49803,1666,18,Hyderabad,Morning,Weekday,Fast Food,Dinner,Mid-range,708,No,69,10,4,Yes,Lazy,High,Partner,Yes
49804,1858,20,Chandigarh,Night,Weekend,North Indian,Dinner,Budget,374,No,46,7,3,Yes,Lazy,Medium,Friends,Yes
49805,4563,39,Delhi,Afternoon,Weekend,North Indian,Snacks,Mid-range,927,No,37,11,1,Yes,Happy,High,Alone,No
49806,1300,23,Mumbai,Afternoon,Weekend,Desserts,Lunch,Budget,332,No,32,6,3,Yes,Happy,Low,Family,Yes
49807,3960,26,Pune,Night,Weekend,Fast Food,Dinner,Premium,724,No,39,13,3,Yes,Happy,Medium,Family,No
49808,3228,31,Bangalore,Morning,Weekend,Fast Food,Breakfast,Premium,763,No,71,4,5,No,Celebrating,High,Family,Yes
49809,3241,42,Hyderabad,Night,Weekday,South Indian,Lunch,Premium,601,No,51,10,5,No,Lazy,Low,Partner,Yes
49810,4567,40,Delhi,Afternoon,Weekend,Fast Food,Snacks,Mid-range,809,Yes,55,13,5,No,Lazy,Medium,Partner,Yes
49811,2768,18,Chandigarh,Morning,Weekend,Chinese,Dinner,Mid-range,208,Yes,90,8,4,Yes,Stressed,Low,Family,Yes
49812,1530,36,Delhi,Night,Weekday,Desserts,Lunch,Premium,650,Yes,92,12,2,Yes,Happy,High,Partner,Yes
49813,1797,37,Delhi,Night,Weekday,Biryani,Lunch,Budget,927,No,98,4,1,Yes,Happy,High,Partner,No
49814,1938,40,Pune,Morning,Weekday,Chinese,Dinner,Premium,764,Yes,77,9,2,Yes,Celebrating,High,Family,Yes
49815,3093,25,Bangalore,Night,Weekend,Biryani,Snacks,Budget,583,Yes,93,13,1,Yes,Lazy,Low,Alone,Yes
49816,1071,27,Chandigarh,Morning,Weekday,North Indian,Dinner,Premium,688,No,70,12,5,No,Happy,Medium,Family,Yes
49817,2802,44,Bangalore,Evening,Weekday,North Indian,Snacks,Premium,912,Yes,76,9,2,Yes,Happy,Medium,Friends,Yes
49818,4769,30,Mumbai,Morning,Weekday,Fast Food,Breakfast,Budget,555,No,47,13,4,Yes,Lazy,High,Friends,No
49819,2454,40,Pune,Morning,Weekday,Chinese,Snacks,Mid-range,218,No,32,11,5,Yes,Lazy,Low,Alone,Yes
49820,4706,26,Delhi,Afternoon,Weekend,South Indian,Lunch,Budget,372,Yes,24,10,2,Yes,Celebrating,High,Family,Yes
49821,3783,20,Chandigarh,Night,Weekday,Biryani,Lunch,Mid-range,274,Yes,45,2,2,No,Lazy,Medium,Friends,Yes
49822,4596,38,Mumbai,Night,Weekend,North Indian,Snacks,Budget,938,Yes,96,10,5,No,Stressed,Medium,Alone,No
49823,1363,19,Mumbai,Morning,Weekday,Chinese,Lunch,Budget,187,Yes,65,11,4,Yes,Lazy,Medium,Alone,Yes
49824,1139,25,Bangalore,Morning,Weekday,Biryani,Lunch,Budget,370,Yes,39,6,4,No,Celebrating,Low,Family,Yes
49825,3619,27,Hyderabad,Afternoon,Weekend,South Indian,Breakfast,Premium,586,Yes,66,8,5,Yes,Happy,Low,Partner,Yes
49826,2849,39,Pune,Morning,Weekday,Fast Food,Snacks,Premium,992,Yes,57,9,2,No,Lazy,High,Alone,Yes
49827,3988,24,Mumbai,Afternoon,Weekday,Desserts,Snacks,Mid-range,781,No,29,12,2,No,Stressed,Medium,Alone,No
49828,4285,37,Hyderabad,Afternoon,Weekend,North Indian,Lunch,Mid-range,274,No,40,3,5,Yes,Happy,High,Family,Yes
49829,4970,38,Chandigarh,Evening,Weekend,Chinese,Breakfast,Budget,426,Yes,54,6,4,Yes,Happy,Medium,Friends,Yes
49830,4159,42,Mumbai,Morning,Weekend,North Indian,Lunch,Premium,890,No,89,5,3,Yes,Happy,Medium,Alone,Yes
49831,4963,37,Pune,Morning,Weekend,Fast Food,Lunch,Premium,603,No,95,1,1,Yes,Happy,Low,Partner,Yes
49832,4827,28,Chandigarh,Evening,Weekend,Chinese,Breakfast,Mid-range,701,No,89,1,2,No,Stressed,Low,Alone,No
49833,2000,44,Mumbai,Evening,Weekend,Desserts,Snacks,Budget,148,No,32,5,4,Yes,Lazy,Medium,Family,No
49834,1265,21,Mumbai,Morning,Weekday,North Indian,Dinner,Budget,103,Yes,90,13,2,Yes,Happy,High,Family,No
49835,4209,34,Hyderabad,Morning,Weekday,Chinese,Snacks,Budget,758,No,20,13,2,No,Celebrating,Low,Friends,No
49836,4839,19,Pune,Evening,Weekday,Desserts,Lunch,Budget,630,Yes,30,10,1,Yes,Happy,Medium,Alone,Yes
49837,3254,33,Mumbai,Night,Weekday,Fast Food,Breakfast,Premium,238,No,80,7,2,Yes,Stressed,Low,Friends,No
49838,2278,37,Delhi,Night,Weekend,Fast Food,Lunch,Premium,405,No,86,8,1,Yes,Happy,Medium,Alone,Yes
49839,4588,28,Pune,Morning,Weekend,Chinese,Lunch,Mid-range,680,Yes,44,11,1,No,Happy,High,Friends,Yes
49840,2221,32,Pune,Evening,Weekday,North Indian,Dinner,Budget,372,Yes,46,1,1,No,Lazy,Low,Friends,Yes
49841,4456,20,Pune,Afternoon,Weekend,Biryani,Dinner,Premium,165,No,47,11,4,No,Celebrating,Low,Family,No
49842,4803,31,Hyderabad,Afternoon,Weekend,Biryani,Breakfast,Budget,292,No,78,5,4,No,Happy,High,Family,No
49843,2245,38,Delhi,Morning,Weekend,Desserts,Breakfast,Mid-range,731,No,84,9,1,No,Happy,Low,Partner,No
49844,3847,23,Hyderabad,Morning,Weekday,South Indian,Breakfast,Budget,995,Yes,95,5,3,Yes,Happy,Medium,Alone,No
49845,4788,35,Bangalore,Evening,Weekday,Chinese,Snacks,Budget,213,Yes,89,2,4,No,Stressed,Low,Partner,Yes
49846,4472,38,Mumbai,Night,Weekday,Fast Food,Dinner,Mid-range,252,Yes,81,2,2,Yes,Stressed,High,Partner,No
49847,3045,25,Chandigarh,Evening,Weekend,Biryani,Breakfast,Mid-range,428,Yes,23,10,1,Yes,Happy,Low,Alone,No
49848,4190,36,Delhi,Morning,Weekday,Biryani,Lunch,Premium,366,Yes,61,6,1,Yes,Lazy,Low,Family,No
49849,3287,33,Hyderabad,Evening,Weekday,Biryani,Snacks,Budget,356,Yes,36,7,2,Yes,Celebrating,Low,Partner,Yes
49850,4035,38,Pune,Afternoon,Weekday,North Indian,Breakfast,Budget,469,Yes,75,4,3,No,Celebrating,Medium,Alone,No
49851,4804,41,Mumbai,Afternoon,Weekday,Chinese,Lunch,Mid-range,483,No,57,1,4,No,Celebrating,Medium,Family,Yes
49852,2920,27,Hyderabad,Evening,Weekend,Desserts,Dinner,Budget,573,No,47,1,3,No,Lazy,Low,Alone,Yes
49853,1344,22,Chandigarh,Evening,Weekend,Desserts,Snacks,Premium,938,Yes,35,8,5,No,Celebrating,Low,Alone,Yes
49854,3382,21,Delhi,Night,Weekday,South Indian,Lunch,Budget,207,No,89,14,4,Yes,Lazy,Low,Family,No
49855,1477,39,Bangalore,Night,Weekday,North Indian,Breakfast,Budget,403,Yes,62,11,5,No,Happy,Low,Alone,Yes
49856,1079,38,Mumbai,Morning,Weekend,North Indian,Snacks,Premium,948,No,24,11,4,Yes,Lazy,Medium,Friends,No
49857,2103,41,Hyderabad,Morning,Weekday,Desserts,Dinner,Budget,618,Yes,67,13,5,Yes,Happy,Medium,Friends,Yes
49858,3566,28,Mumbai,Night,Weekday,Chinese,Lunch,Budget,344,No,86,10,5,Yes,Stressed,Medium,Partner,No
49859,1941,27,Chandigarh,Morning,Weekday,Chinese,Snacks,Budget,610,No,36,4,1,Yes,Lazy,Low,Alone,Yes
49860,1647,39,Hyderabad,Afternoon,Weekend,Chinese,Breakfast,Premium,547,No,48,2,5,Yes,Celebrating,Low,Friends,Yes
49861,4008,20,Chandigarh,Afternoon,Weekday,Chinese,Lunch,Mid-range,641,No,81,4,4,No,Happy,High,Family,No
49862,4595,33,Mumbai,Night,Weekday,Desserts,Breakfast,Budget,908,Yes,53,4,4,Yes,Celebrating,Medium,Friends,Yes
49863,4810,23,Hyderabad,Morning,Weekday,Fast Food,Lunch,Premium,892,No,59,13,5,Yes,Lazy,High,Alone,No
49864,4008,33,Pune,Night,Weekday,Biryani,Dinner,Premium,740,No,25,10,5,Yes,Happy,Medium,Family,No
49865,1372,38,Bangalore,Afternoon,Weekend,North Indian,Lunch,Mid-range,315,No,65,4,2,No,Stressed,High,Family,No
49866,4670,20,Chandigarh,Afternoon,Weekday,North Indian,Lunch,Budget,678,Yes,22,14,3,Yes,Happy,High,Friends,Yes
49867,4323,23,Delhi,Night,Weekday,North Indian,Snacks,Budget,853,No,91,7,5,No,Celebrating,High,Partner,No
49868,2683,40,Bangalore,Morning,Weekday,North Indian,Lunch,Premium,573,No,69,4,3,Yes,Happy,Medium,Alone,Yes
49869,2239,23,Chandigarh,Night,Weekday,Biryani,Lunch,Premium,330,Yes,62,9,4,No,Stressed,Medium,Partner,Yes
49870,2797,25,Chandigarh,Morning,Weekday,Desserts,Breakfast,Budget,816,No,64,11,2,No,Celebrating,Low,Family,Yes
49871,1450,41,Hyderabad,Afternoon,Weekday,Biryani,Lunch,Mid-range,303,No,73,14,3,Yes,Lazy,High,Alone,Yes
49872,3739,35,Chandigarh,Morning,Weekday,Biryani,Lunch,Premium,154,No,92,1,4,No,Happy,Low,Friends,Yes
49873,1966,28,Mumbai,Afternoon,Weekend,Chinese,Breakfast,Mid-range,639,No,81,14,5,No,Lazy,High,Alone,No
49874,1692,18,Pune,Morning,Weekend,Fast Food,Snacks,Budget,397,No,88,11,1,Yes,Lazy,High,Partner,No
49875,4823,32,Bangalore,Morning,Weekday,Biryani,Dinner,Budget,542,Yes,60,8,2,Yes,Happy,Medium,Family,Yes
49876,1879,18,Delhi,Afternoon,Weekend,Desserts,Breakfast,Budget,537,No,39,6,3,Yes,Stressed,Medium,Family,No
49877,4177,37,Pune,Night,Weekend,Biryani,Dinner,Premium,554,Yes,78,5,2,Yes,Celebrating,Medium,Partner,Yes
49878,4561,22,Mumbai,Night,Weekend,Desserts,Snacks,Budget,699,No,59,9,2,No,Happy,High,Family,Yes
49879,1021,36,Mumbai,Afternoon,Weekend,Chinese,Dinner,Budget,818,Yes,59,12,5,Yes,Stressed,Medium,Family,No
49880,1514,22,Chandigarh,Evening,Weekend,Fast Food,Breakfast,Mid-range,534,Yes,36,4,5,No,Lazy,High,Friends,Yes
49881,1112,19,Mumbai,Night,Weekday,Chinese,Dinner,Premium,144,Yes,54,11,4,Yes,Happy,Medium,Family,Yes
49882,1261,22,Chandigarh,Morning,Weekend,Chinese,Snacks,Mid-range,339,Yes,62,4,5,Yes,Lazy,High,Partner,Yes
49883,1147,19,Chandigarh,Evening,Weekend,Desserts,Snacks,Premium,313,No,56,4,3,Yes,Happy,Low,Partner,Yes
49884,3720,27,Pune,Afternoon,Weekday,Desserts,Snacks,Premium,870,No,57,13,5,Yes,Happy,Low,Family,Yes
49885,1311,33,Bangalore,Morning,Weekend,Biryani,Dinner,Mid-range,430,Yes,71,7,2,Yes,Happy,Low,Alone,No
49886,4949,26,Mumbai,Night,Weekend,Biryani,Lunch,Budget,176,Yes,70,14,4,Yes,Happy,Low,Family,No
49887,1653,20,Pune,Night,Weekday,Desserts,Dinner,Budget,341,No,45,8,2,Yes,Happy,Low,Partner,Yes
49888,2802,37,Chandigarh,Evening,Weekday,Desserts,Snacks,Premium,622,Yes,73,11,1,Yes,Lazy,Medium,Partner,No
49889,1880,27,Mumbai,Morning,Weekday,Biryani,Breakfast,Budget,704,Yes,43,9,4,Yes,Lazy,Low,Family,Yes
49890,1913,36,Pune,Evening,Weekday,North Indian,Lunch,Mid-range,822,No,82,4,3,Yes,Lazy,Low,Family,No
49891,3035,42,Chandigarh,Morning,Weekend,South Indian,Breakfast,Budget,284,No,34,10,2,Yes,Lazy,Medium,Family,Yes
49892,4687,37,Bangalore,Morning,Weekend,Chinese,Lunch,Mid-range,438,Yes,93,6,5,No,Stressed,Low,Partner,No
49893,3724,39,Pune,Morning,Weekend,Desserts,Dinner,Mid-range,842,No,34,12,5,No,Celebrating,Medium,Family,No
49894,4213,25,Delhi,Evening,Weekend,Desserts,Breakfast,Premium,599,No,58,8,4,Yes,Stressed,Medium,Family,No
49895,3523,35,Bangalore,Morning,Weekday,Biryani,Lunch,Mid-range,407,Yes,29,8,5,No,Lazy,Medium,Partner,Yes
49896,1417,31,Mumbai,Morning,Weekend,Biryani,Lunch,Premium,528,No,75,8,1,Yes,Happy,High,Family,No
49897,3209,36,Chandigarh,Afternoon,Weekend,North Indian,Dinner,Mid-range,430,No,71,10,5,No,Lazy,Medium,Partner,Yes
49898,2337,44,Pune,Night,Weekend,Desserts,Dinner,Budget,241,Yes,67,1,1,No,Celebrating,High,Partner,No
49899,3028,42,Hyderabad,Evening,Weekend,Chinese,Snacks,Budget,238,No,31,5,2,No,Celebrating,High,Family,Yes
49900,1282,26,Delhi,Afternoon,Weekend,North Indian,Dinner,Budget,876,No,34,12,3,No,Celebrating,High,Alone,No
49901,3798,35,Mumbai,Night,Weekday,Chinese,Lunch,Mid-range,406,Yes,42,5,2,No,Stressed,Low,Partner,No
49902,3321,30,Pune,Morning,Weekend,Chinese,Lunch,Budget,875,No,61,6,4,No,Lazy,Medium,Family,Yes
49903,1744,44,Hyderabad,Morning,Weekend,South Indian,Lunch,Mid-range,126,No,33,3,1,Yes,Celebrating,High,Friends,No
49904,3553,37,Hyderabad,Afternoon,Weekday,North Indian,Dinner,Budget,912,Yes,42,10,3,Yes,Happy,High,Alone,Yes
49905,4282,34,Mumbai,Afternoon,Weekend,Biryani,Snacks,Budget,909,Yes,33,5,2,No,Celebrating,Low,Alone,Yes
49906,1259,34,Bangalore,Afternoon,Weekend,South Indian,Dinner,Premium,938,Yes,27,8,5,No,Lazy,High,Alone,No
49907,3024,25,Hyderabad,Evening,Weekend,Fast Food,Breakfast,Budget,480,No,40,10,3,No,Happy,Low,Partner,No
49908,2731,40,Chandigarh,Afternoon,Weekend,Biryani,Dinner,Premium,444,Yes,67,11,1,No,Stressed,Low,Friends,Yes
49909,1877,27,Mumbai,Night,Weekend,South Indian,Breakfast,Budget,698,Yes,61,3,2,Yes,Stressed,Medium,Partner,Yes
49910,1236,24,Pune,Morning,Weekend,Fast Food,Lunch,Mid-range,829,No,70,12,3,Yes,Happy,High,Friends,Yes
49911,3114,24,Hyderabad,Evening,Weekend,Chinese,Breakfast,Mid-range,832,Yes,46,7,1,Yes,Stressed,High,Friends,No
49912,2428,18,Mumbai,Afternoon,Weekend,Desserts,Breakfast,Premium,128,Yes,35,14,1,No,Happy,Low,Family,No
49913,4074,33,Pune,Evening,Weekday,South Indian,Breakfast,Mid-range,597,Yes,94,9,5,Yes,Celebrating,Medium,Partner,Yes
49914,1322,38,Chandigarh,Night,Weekend,Biryani,Lunch,Premium,749,Yes,45,6,5,No,Lazy,Medium,Friends,No
49915,2926,43,Pune,Night,Weekend,Fast Food,Dinner,Premium,547,No,67,9,4,Yes,Stressed,Medium,Alone,No
49916,2535,25,Bangalore,Evening,Weekday,Fast Food,Snacks,Budget,285,No,95,6,4,No,Lazy,Medium,Partner,No
49917,3938,41,Delhi,Morning,Weekend,Chinese,Snacks,Budget,358,No,88,5,4,Yes,Happy,High,Partner,No
49918,3707,30,Mumbai,Night,Weekday,Fast Food,Breakfast,Premium,124,No,62,6,2,Yes,Stressed,High,Alone,Yes
49919,1356,41,Bangalore,Morning,Weekend,Desserts,Breakfast,Mid-range,282,Yes,23,2,1,Yes,Lazy,Medium,Alone,No
49920,2384,31,Pune,Evening,Weekend,Desserts,Breakfast,Premium,774,Yes,46,5,3,No,Lazy,Medium,Family,No
49921,4499,35,Delhi,Morning,Weekday,North Indian,Snacks,Budget,110,Yes,30,12,5,Yes,Happy,Low,Friends,Yes
49922,3316,42,Pune,Evening,Weekday,Fast Food,Dinner,Budget,937,No,71,8,4,No,Stressed,Medium,Friends,Yes
49923,1213,31,Hyderabad,Afternoon,Weekday,South Indian,Breakfast,Mid-range,820,No,78,9,2,No,Stressed,Low,Partner,Yes
49924,4895,43,Mumbai,Night,Weekend,Chinese,Breakfast,Budget,853,Yes,21,1,2,No,Stressed,Medium,Partner,Yes
49925,2177,38,Chandigarh,Morning,Weekend,Biryani,Dinner,Mid-range,757,Yes,76,3,4,Yes,Stressed,Low,Partner,No
49926,4790,41,Mumbai,Morning,Weekday,Fast Food,Lunch,Budget,648,Yes,86,5,2,Yes,Lazy,Medium,Friends,No
49927,2041,32,Hyderabad,Night,Weekend,Fast Food,Breakfast,Mid-range,559,Yes,44,4,2,Yes,Stressed,Low,Partner,Yes
49928,4604,30,Bangalore,Evening,Weekend,Fast Food,Breakfast,Premium,278,Yes,53,10,4,No,Stressed,High,Friends,Yes
49929,3412,34,Mumbai,Night,Weekday,Chinese,Breakfast,Premium,606,No,26,14,3,No,Lazy,Medium,Family,No
49930,3945,42,Mumbai,Afternoon,Weekday,Desserts,Dinner,Budget,160,Yes,57,12,5,Yes,Celebrating,High,Family,No
49931,3993,20,Pune,Afternoon,Weekend,Fast Food,Snacks,Premium,912,Yes,65,9,5,Yes,Stressed,High,Partner,No
49932,1315,43,Hyderabad,Morning,Weekend,Biryani,Dinner,Premium,210,Yes,90,14,3,No,Happy,Low,Friends,No
49933,1305,22,Bangalore,Evening,Weekday,Chinese,Snacks,Premium,897,Yes,57,10,1,Yes,Lazy,Medium,Alone,Yes
49934,1711,31,Hyderabad,Evening,Weekend,Fast Food,Snacks,Premium,113,Yes,32,1,5,Yes,Stressed,Medium,Alone,Yes
49935,2598,38,Hyderabad,Night,Weekend,North Indian,Dinner,Premium,858,Yes,32,5,2,Yes,Happy,Low,Family,No
49936,1348,38,Hyderabad,Afternoon,Weekend,Desserts,Dinner,Mid-range,938,Yes,66,3,5,No,Happy,High,Friends,Yes
49937,1260,31,Delhi,Evening,Weekend,North Indian,Snacks,Budget,960,Yes,41,13,5,No,Happy,Medium,Partner,No
49938,3199,43,Hyderabad,Evening,Weekday,Fast Food,Breakfast,Mid-range,347,No,29,12,2,Yes,Stressed,Medium,Friends,Yes
49939,2619,37,Bangalore,Night,Weekday,Chinese,Snacks,Budget,674,No,20,1,3,Yes,Stressed,High,Partner,Yes
49940,4203,37,Mumbai,Afternoon,Weekend,Biryani,Dinner,Mid-range,550,No,61,12,4,No,Celebrating,Low,Alone,Yes
49941,4598,31,Pune,Afternoon,Weekday,Fast Food,Breakfast,Budget,273,Yes,91,4,5,Yes,Happy,Medium,Friends,Yes
49942,4097,35,Hyderabad,Evening,Weekday,South Indian,Dinner,Premium,735,Yes,26,6,3,No,Celebrating,High,Alone,Yes
49943,4969,24,Hyderabad,Morning,Weekday,Fast Food,Dinner,Budget,198,Yes,36,3,2,No,Celebrating,Low,Family,No
49944,4224,25,Delhi,Night,Weekend,Desserts,Lunch,Premium,269,No,62,6,2,Yes,Celebrating,Low,Friends,No
49945,4212,22,Mumbai,Night,Weekday,North Indian,Snacks,Mid-range,152,Yes,64,6,3,Yes,Celebrating,Low,Alone,No
49946,2877,30,Mumbai,Evening,Weekend,North Indian,Snacks,Budget,189,Yes,59,11,5,No,Lazy,High,Friends,Yes
49947,2181,26,Mumbai,Evening,Weekday,Biryani,Snacks,Budget,985,No,99,8,2,Yes,Celebrating,High,Family,No
49948,1417,30,Bangalore,Afternoon,Weekend,North Indian,Lunch,Premium,686,No,60,1,1,Yes,Happy,Medium,Alone,No
49949,4831,32,Delhi,Night,Weekday,Desserts,Lunch,Budget,472,Yes,60,4,2,No,Lazy,Medium,Partner,No
49950,2730,22,Delhi,Morning,Weekend,Fast Food,Dinner,Mid-range,325,No,24,5,5,No,Celebrating,Medium,Family,No
49951,3760,25,Chandigarh,Night,Weekday,Fast Food,Breakfast,Mid-range,278,No,67,1,4,No,Lazy,Low,Family,Yes
49952,4314,19,Hyderabad,Night,Weekend,Desserts,Breakfast,Premium,724,No,58,13,1,Yes,Stressed,Medium,Partner,Yes
49953,3052,43,Hyderabad,Evening,Weekday,Fast Food,Breakfast,Budget,600,No,60,10,3,No,Happy,High,Friends,Yes
49954,2660,40,Mumbai,Morning,Weekend,South Indian,Snacks,Mid-range,603,No,86,9,3,No,Celebrating,High,Partner,Yes
49955,1527,27,Mumbai,Afternoon,Weekday,South Indian,Snacks,Budget,174,Yes,25,3,5,No,Stressed,High,Friends,No
49956,1978,41,Bangalore,Afternoon,Weekday,Fast Food,Dinner,Premium,157,Yes,94,12,1,No,Celebrating,Low,Friends,Yes
49957,1300,29,Hyderabad,Morning,Weekday,Fast Food,Breakfast,Premium,503,No,98,11,4,Yes,Happy,High,Family,No
49958,3589,33,Hyderabad,Night,Weekend,Chinese,Snacks,Budget,885,Yes,25,9,2,Yes,Celebrating,Low,Friends,Yes
49959,3691,26,Delhi,Evening,Weekend,Chinese,Lunch,Premium,884,No,31,5,4,Yes,Stressed,Low,Alone,Yes
49960,4559,23,Bangalore,Night,Weekend,North Indian,Dinner,Premium,215,Yes,85,13,5,No,Lazy,High,Alone,Yes
49961,4795,20,Bangalore,Evening,Weekend,North Indian,Snacks,Budget,277,No,31,13,5,Yes,Happy,Medium,Alone,No
49962,1750,38,Chandigarh,Evening,Weekday,Desserts,Lunch,Mid-range,858,Yes,72,4,2,Yes,Happy,Medium,Alone,No
49963,1545,22,Hyderabad,Afternoon,Weekend,South Indian,Dinner,Mid-range,137,No,48,5,5,No,Happy,Medium,Partner,Yes
49964,3608,37,Chandigarh,Afternoon,Weekday,Chinese,Breakfast,Budget,235,No,30,2,1,No,Lazy,High,Family,Yes
49965,1259,22,Mumbai,Night,Weekend,South Indian,Snacks,Premium,729,No,90,8,2,Yes,Lazy,High,Friends,Yes
49966,4281,22,Delhi,Afternoon,Weekend,South Indian,Snacks,Budget,110,Yes,65,4,1,Yes,Stressed,Low,Partner,Yes
49967,2169,23,Delhi,Night,Weekend,Fast Food,Lunch,Mid-range,244,Yes,84,12,3,Yes,Celebrating,Medium,Alone,No
49968,1845,19,Hyderabad,Night,Weekend,Fast Food,Breakfast,Premium,102,Yes,99,3,5,Yes,Stressed,Medium,Family,No
49969,1529,29,Chandigarh,Night,Weekend,Fast Food,Breakfast,Mid-range,930,Yes,38,13,5,No,Celebrating,Low,Partner,No
49970,1898,26,Bangalore,Afternoon,Weekend,Chinese,Lunch,Mid-range,832,No,58,14,4,Yes,Stressed,High,Friends,Yes
49971,3646,36,Delhi,Morning,Weekday,Biryani,Dinner,Budget,433,Yes,87,5,1,No,Lazy,High,Partner,No
49972,2344,26,Pune,Evening,Weekday,North Indian,Snacks,Budget,781,Yes,99,13,5,Yes,Happy,High,Friends,No
49973,3269,43,Pune,Night,Weekend,North Indian,Dinner,Premium,719,No,89,1,5,No,Celebrating,Low,Family,Yes
49974,4477,39,Mumbai,Night,Weekday,Desserts,Dinner,Premium,934,Yes,91,9,3,Yes,Happy,Low,Alone,Yes
49975,1360,33,Pune,Afternoon,Weekday,Biryani,Dinner,Mid-range,354,Yes,39,3,3,No,Happy,Medium,Partner,No
49976,2959,28,Pune,Night,Weekday,South Indian,Lunch,Budget,857,Yes,67,11,4,No,Lazy,Medium,Alone,Yes
49977,1543,29,Bangalore,Afternoon,Weekday,Fast Food,Snacks,Budget,859,No,21,4,2,Yes,Lazy,Low,Friends,Yes
49978,2234,34,Mumbai,Night,Weekend,Desserts,Dinner,Budget,250,No,68,1,2,Yes,Stressed,Low,Alone,Yes
49979,4452,26,Hyderabad,Morning,Weekday,Biryani,Dinner,Budget,393,No,55,2,5,Yes,Celebrating,High,Friends,No
49980,3475,18,Bangalore,Morning,Weekday,North Indian,Snacks,Mid-range,849,No,88,5,3,Yes,Celebrating,Medium,Friends,No
49981,4215,41,Chandigarh,Evening,Weekend,South Indian,Breakfast,Premium,663,Yes,89,10,3,No,Celebrating,High,Friends,Yes
49982,1448,35,Delhi,Night,Weekday,Biryani,Breakfast,Premium,259,Yes,88,1,5,No,Happy,Medium,Alone,No
49983,1598,18,Hyderabad,Evening,Weekend,South Indian,Snacks,Budget,948,No,77,2,2,Yes,Happy,High,Alone,No
49984,3947,22,Bangalore,Evening,Weekday,Biryani,Snacks,Premium,855,No,58,7,2,Yes,Lazy,Medium,Friends,No
49985,1327,21,Hyderabad,Afternoon,Weekday,Chinese,Dinner,Premium,320,Yes,35,5,1,Yes,Stressed,High,Alone,No
49986,4083,30,Hyderabad,Morning,Weekday,North Indian,Lunch,Premium,190,No,99,10,3,Yes,Happy,Low,Alone,No
49987,3474,21,Bangalore,Evening,Weekend,North Indian,Lunch,Premium,230,Yes,43,1,4,No,Stressed,Medium,Friends,Yes
49988,1157,25,Delhi,Morning,Weekend,Desserts,Snacks,Budget,199,Yes,92,2,2,No,Happy,Low,Family,No
49989,1915,29,Mumbai,Evening,Weekend,Fast Food,Lunch,Budget,670,No,26,3,2,No,Stressed,High,Partner,Yes
49990,2083,31,Chandigarh,Afternoon,Weekend,Fast Food,Snacks,Budget,649,No,43,4,4,No,Celebrating,Medium,Partner,Yes
49991,3023,43,Hyderabad,Evening,Weekend,Desserts,Dinner,Mid-range,283,No,36,2,2,No,Lazy,High,Partner,No
49992,1627,33,Delhi,Morning,Weekend,Fast Food,Snacks,Budget,798,Yes,96,14,1,Yes,Happy,Medium,Family,Yes
49993,3508,30,Bangalore,Afternoon,Weekday,Biryani,Snacks,Premium,832,No,57,5,1,No,Lazy,Medium,Family,No
49994,3733,35,Bangalore,Night,Weekend,Chinese,Breakfast,Budget,921,No,35,11,2,No,Stressed,Low,Friends,No
49995,1649,26,Delhi,Evening,Weekend,Desserts,Snacks,Mid-range,363,No,78,14,4,No,Stressed,Low,Family,No
49996,3569,40,Hyderabad,Afternoon,Weekday,North Indian,Lunch,Premium,734,Yes,87,6,5,No,Happy,High,Friends,Yes
49997,1087,42,Chandigarh,Morning,Weekend,Fast Food,Lunch,Mid-range,764,Yes,24,14,5,No,Happy,Low,Alone,No
49998,3645,35,Pune,Morning,Weekday,South Indian,Snacks,Budget,985,Yes,53,2,5,Yes,Lazy,Medium,Alone,Yes
49999,3630,34,Delhi,Morning,Weekend,Desserts,Snacks,Premium,860,Yes,48,6,3,Yes,Happy,Low,Alone,Yes
50000,1258,20,Chandigarh,Morning,Weekday,Fast Food,Lunch,Mid-range,583,No,84,13,3,No,Lazy,High,Family,No
